category,urgency,distance_km,is_remote,road_type,weather,traffic_level,time_of_day,order_weight_kg,past_delay_count,vehicle_capacity_load_pct,customer_priority_flag,priority_score,eta_minutes,delayed
groceries,emergency,16.8,0,paved,clear,3,evening,4.11,0,21,0,58.1,39.3,0
groceries,low,44.68,0,paved,rain,4,evening,3.27,2,79,0,9.8,141.1,0
groceries,low,14.8,1,mixed,clear,1,night,5.02,0,23,0,14.5,44.9,0
medicine,low,1.56,0,paved,clear,5,night,0.93,0,34,0,35.6,5.0,0
groceries,normal,1.17,0,unpaved,rain,3,morning,3.91,2,42,0,26.0,9.6,1
groceries,normal,6.79,1,mixed,rain,3,morning,1.98,0,71,0,34.7,27.6,0
clothing,normal,3.72,1,unpaved,rain,4,afternoon,0.8,1,49,1,41.5,22.0,1
groceries,emergency,4.81,1,paved,clear,3,evening,3.67,1,43,1,64.8,17.1,0
clothing,normal,43.81,1,paved,clear,1,morning,3.49,0,20,0,41.3,89.0,0
documents,low,14.38,1,paved,rain,5,night,3.22,1,78,0,23.1,54.7,0
clothing,low,9.61,0,paved,clear,1,night,5.21,1,42,0,3.2,14.3,0
medicine,emergency,9.72,0,mixed,fog,5,morning,2.97,3,52,0,85.9,47.7,1
medicine,low,14.07,0,paved,clear,3,night,3.32,1,86,0,38.1,29.3,0
groceries,normal,4.36,1,unpaved,storm,3,evening,3.37,1,80,0,40.3,42.0,1
medicine,emergency,8.62,0,mixed,rain,5,night,5.16,1,51,1,83.3,34.7,0
electronics,emergency,15.29,0,paved,rain,2,evening,6.88,2,61,0,51.3,41.8,0
documents,normal,9.35,1,unpaved,rain,4,evening,1.16,1,44,0,29.5,53.8,1
medicine,normal,10.24,0,mixed,clear,4,morning,7.54,1,59,0,54.2,33.8,0
groceries,high,4.79,0,paved,clear,5,afternoon,4.81,0,20,0,42.3,11.9,0
groceries,emergency,13.2,0,paved,clear,5,evening,3.56,0,48,0,50.0,38.0,0
groceries,low,9.12,0,paved,clear,2,afternoon,3.34,5,43,0,11.8,15.2,0
agricultural_supplies,high,12.8,1,unpaved,clear,5,morning,2.11,1,27,0,51.7,60.2,1
groceries,normal,15.17,0,mixed,clear,1,morning,3.47,2,55,0,25.5,35.2,0
documents,high,7.72,1,mixed,clear,1,morning,7.97,2,38,0,52.1,25.6,0
documents,normal,12.99,0,paved,clear,3,morning,5.75,0,61,1,38.3,31.6,0
clothing,emergency,14.98,1,mixed,rain,5,night,2.26,2,36,1,68.2,68.9,0
agricultural_supplies,normal,7.62,1,paved,clear,5,afternoon,1.86,0,58,0,42.8,27.9,0
groceries,normal,25.35,0,mixed,clear,5,morning,2.69,1,38,1,30.5,99.5,0
clothing,normal,12.85,0,mixed,clear,4,afternoon,12.79,0,27,0,15.0,39.3,0
documents,emergency,15.37,0,paved,rain,4,night,5.64,2,52,0,64.4,50.1,0
groceries,high,6.99,1,unpaved,clear,1,evening,3.93,3,93,0,45.6,26.6,1
medicine,emergency,12.18,0,paved,rain,4,evening,4.27,3,24,0,81.3,40.3,0
electronics,normal,19.43,1,mixed,fog,4,afternoon,6.88,2,57,0,22.2,90.5,1
electronics,high,20.1,0,mixed,rain,4,night,3.67,0,62,0,33.6,84.3,0
groceries,normal,28.25,0,paved,clear,2,evening,1.64,0,31,0,20.2,60.3,0
clothing,low,20.28,1,paved,storm,5,morning,6.05,0,98,0,10.9,105.0,1
agricultural_supplies,normal,16.3,0,paved,clear,3,evening,4.71,2,83,0,36.3,37.3,0
groceries,low,5.76,0,mixed,clear,4,afternoon,3.31,2,61,0,15.4,24.6,0
electronics,normal,52.67,1,paved,clear,4,afternoon,2.03,1,50,0,26.7,140.2,0
agricultural_supplies,high,4.58,0,paved,fog,3,night,7.68,2,39,0,47.6,15.5,0
groceries,normal,3.01,0,paved,clear,2,night,2.01,2,54,0,26.8,7.1,0
groceries,low,17.22,0,mixed,clear,1,morning,2.23,2,23,0,5.8,49.8,0
groceries,high,28.59,1,unpaved,clear,1,morning,1.08,0,70,0,39.9,90.8,0
agricultural_supplies,high,3.19,1,unpaved,rain,3,night,6.52,0,85,0,61.6,19.4,1
agricultural_supplies,low,23.48,0,paved,rain,5,morning,5.69,2,62,0,13.4,75.8,0
groceries,normal,12.45,1,paved,clear,1,evening,5.29,2,50,0,40.8,35.3,0
documents,emergency,8.19,0,mixed,rain,1,morning,3.48,1,28,0,62.5,27.5,0
medicine,normal,24.9,1,unpaved,clear,3,morning,2.31,0,44,0,65.4,106.9,1
groceries,normal,13.0,0,paved,clear,4,morning,2.69,2,32,0,17.5,38.4,0
groceries,normal,12.77,0,mixed,clear,1,afternoon,3.98,1,70,0,32.1,33.0,0
documents,normal,4.79,1,unpaved,clear,4,night,6.38,0,78,0,43.4,18.8,1
electronics,high,10.76,1,mixed,fog,3,night,9.65,0,67,0,41.0,54.5,1
agricultural_supplies,low,26.09,1,mixed,fog,5,night,6.66,0,39,0,25.5,135.6,0
groceries,normal,36.58,1,paved,storm,3,afternoon,0.94,2,44,0,32.4,159.2,0
documents,normal,3.26,0,paved,fog,5,afternoon,0.65,2,46,1,37.8,13.1,1
clothing,high,3.31,1,unpaved,clear,2,afternoon,2.51,0,40,0,45.0,20.3,0
agricultural_supplies,normal,36.78,0,mixed,clear,1,afternoon,2.06,1,45,0,33.6,86.7,0
groceries,high,11.94,0,paved,clear,4,night,2.6,3,31,0,34.7,31.8,0
agricultural_supplies,high,15.14,1,paved,clear,3,afternoon,3.72,3,26,0,56.1,36.0,0
documents,emergency,35.65,0,mixed,rain,2,evening,0.86,0,56,0,59.5,114.8,0
electronics,high,10.28,1,mixed,clear,5,afternoon,2.8,1,32,0,51.0,39.6,0
groceries,normal,25.83,1,mixed,clear,4,morning,0.47,2,72,1,39.5,82.5,0
clothing,low,36.94,1,paved,clear,3,afternoon,4.42,3,93,0,11.9,90.7,1
groceries,normal,11.91,0,paved,clear,2,afternoon,3.11,1,87,0,27.7,22.9,0
agricultural_supplies,emergency,24.78,1,unpaved,clear,3,afternoon,0.55,2,79,0,66.7,106.8,1
electronics,high,10.42,1,mixed,clear,4,morning,2.69,0,72,0,44.7,44.9,0
medicine,high,25.65,0,mixed,clear,3,morning,1.85,2,32,0,72.5,77.8,0
groceries,normal,10.32,1,paved,rain,2,morning,3.09,1,87,0,34.4,34.4,0
clothing,normal,1.72,0,mixed,fog,5,night,2.09,0,30,0,20.9,12.8,0
groceries,low,3.08,0,mixed,clear,1,evening,7.94,2,94,0,8.5,10.3,0
groceries,normal,7.08,0,mixed,clear,4,afternoon,1.81,1,34,0,19.7,18.5,0
groceries,low,3.0,0,paved,clear,5,night,4.84,0,34,0,6.7,5.5,0
groceries,normal,1.8,0,paved,rain,3,night,2.67,1,57,0,22.9,8.4,0
agricultural_supplies,low,8.86,0,paved,fog,4,night,7.42,0,52,1,22.7,24.8,0
documents,low,15.18,1,paved,rain,3,morning,10.54,2,26,0,23.8,57.9,0
agricultural_supplies,normal,1.5,0,paved,rain,4,evening,2.62,1,64,0,43.8,7.2,0
electronics,normal,16.24,0,mixed,fog,3,night,5.18,0,26,0,15.9,68.0,0
agricultural_supplies,normal,6.09,0,mixed,clear,1,evening,0.71,3,61,1,51.0,11.6,0
groceries,normal,22.69,0,unpaved,clear,2,night,3.97,0,60,0,11.4,81.4,1
electronics,normal,11.79,0,paved,fog,2,evening,0.98,0,64,0,26.8,35.6,0
groceries,normal,8.15,1,paved,clear,3,night,1.6,0,56,0,35.6,30.0,0
clothing,normal,24.96,0,paved,clear,2,morning,5.59,0,89,0,19.3,59.9,0
groceries,normal,14.9,0,paved,fog,3,afternoon,4.56,0,71,0,12.6,49.3,0
documents,low,14.4,0,mixed,clear,2,morning,3.25,2,91,0,22.0,40.5,0
documents,high,14.19,0,paved,clear,1,morning,6.66,3,23,0,40.7,29.6,0
agricultural_supplies,normal,21.43,0,paved,clear,1,night,7.37,2,54,0,43.1,41.8,0
clothing,normal,8.47,0,mixed,clear,4,morning,3.57,1,89,0,13.1,28.7,0
agricultural_supplies,normal,28.24,0,mixed,rain,3,evening,3.09,0,87,0,26.0,103.0,0
agricultural_supplies,normal,5.48,1,mixed,clear,4,afternoon,3.0,0,32,0,42.2,26.9,0
groceries,emergency,7.63,0,mixed,clear,5,afternoon,4.01,2,61,1,72.3,22.2,0
agricultural_supplies,normal,21.75,0,paved,clear,4,afternoon,13.0,2,41,0,26.8,60.1,0
electronics,low,6.95,0,paved,fog,3,evening,1.66,3,38,0,14.2,24.6,1
agricultural_supplies,normal,13.44,0,paved,clear,1,evening,3.42,1,40,0,29.2,32.6,0
groceries,normal,3.53,0,paved,clear,3,afternoon,0.41,0,88,0,19.9,5.0,0
electronics,low,8.18,1,paved,rain,4,evening,2.58,2,89,0,18.1,32.3,0
medicine,low,2.5,0,paved,clear,2,evening,14.61,2,45,0,44.2,5.4,0
agricultural_supplies,low,33.01,0,mixed,clear,2,afternoon,3.33,0,26,0,17.1,88.2,0
groceries,emergency,13.29,1,paved,storm,4,evening,1.51,2,22,1,73.6,69.7,1
electronics,low,2.0,1,paved,clear,4,afternoon,1.29,1,62,0,11.2,11.7,0
documents,low,15.25,1,paved,clear,1,night,3.17,0,99,0,29.6,39.7,0
groceries,low,13.8,1,mixed,rain,5,evening,1.76,2,24,0,15.1,56.1,0
electronics,low,1.15,0,mixed,rain,5,night,4.45,0,79,0,0.0,5.1,0
clothing,high,12.43,1,unpaved,fog,1,morning,4.98,3,29,1,56.0,56.9,1
groceries,normal,4.09,1,unpaved,storm,5,night,2.0,3,36,1,40.6,36.1,1
groceries,normal,18.88,1,paved,clear,5,morning,7.43,0,27,0,36.6,51.1,0
groceries,low,12.45,1,unpaved,clear,2,afternoon,1.93,2,51,0,22.6,50.9,0
medicine,normal,10.58,0,paved,clear,4,morning,3.22,2,58,0,65.2,26.2,0
agricultural_supplies,normal,23.14,1,mixed,rain,3,night,4.25,0,21,0,43.2,95.9,0
groceries,normal,23.04,1,unpaved,clear,3,evening,3.77,1,77,0,28.7,99.6,0
documents,low,7.16,1,paved,clear,3,evening,1.38,4,53,0,29.4,26.2,0
agricultural_supplies,normal,9.37,0,paved,rain,2,night,2.28,0,40,0,31.2,23.3,0
groceries,normal,25.88,0,unpaved,clear,2,evening,2.74,2,38,0,23.6,98.0,0
clothing,high,9.74,0,paved,clear,1,afternoon,2.04,2,52,0,33.1,23.6,0
medicine,normal,22.98,0,paved,clear,1,night,0.86,0,89,0,49.1,45.4,0
groceries,normal,25.74,1,paved,rain,2,night,1.21,2,76,0,32.7,72.3,0
documents,normal,1.16,0,paved,clear,3,evening,2.78,2,63,0,28.8,6.9,0
groceries,normal,18.73,0,paved,rain,3,night,7.31,3,56,0,21.1,56.5,0
clothing,normal,2.45,0,paved,clear,1,morning,6.69,2,84,0,7.6,6.3,0
groceries,low,24.76,0,unpaved,clear,4,evening,1.93,0,26,1,15.7,113.1,1
agricultural_supplies,low,2.62,1,paved,clear,5,morning,9.32,1,22,1,37.9,11.5,1
medicine,high,21.72,0,unpaved,fog,4,afternoon,2.71,0,91,0,66.4,129.5,1
electronics,low,15.28,1,paved,storm,3,evening,2.54,2,23,0,14.0,70.5,0
groceries,emergency,8.97,0,unpaved,clear,4,afternoon,4.44,0,39,1,57.1,39.5,0
groceries,high,21.52,0,unpaved,clear,3,afternoon,2.92,2,40,0,44.5,86.3,0
groceries,emergency,17.15,0,paved,clear,1,morning,4.57,0,35,0,54.9,29.2,0
clothing,emergency,1.91,0,paved,storm,5,evening,2.2,1,28,0,56.2,5.0,1
documents,high,10.86,0,paved,clear,4,morning,6.04,1,33,1,53.5,25.8,0
agricultural_supplies,high,1.22,1,mixed,clear,1,night,2.71,1,72,0,56.9,6.6,0
groceries,normal,5.23,0,unpaved,clear,4,night,2.61,3,74,0,20.5,25.7,0
agricultural_supplies,normal,13.9,0,paved,clear,5,morning,2.21,0,54,0,33.9,42.1,0
groceries,normal,18.84,1,mixed,clear,5,evening,5.41,3,23,0,43.9,71.5,0
agricultural_supplies,normal,13.06,0,paved,clear,4,afternoon,4.97,0,84,0,44.5,31.1,0
groceries,normal,10.24,1,paved,rain,4,night,0.82,1,83,0,34.9,36.8,0
clothing,low,6.08,0,mixed,clear,3,afternoon,2.86,0,65,0,11.4,15.6,0
groceries,high,5.22,1,mixed,rain,1,evening,5.74,2,37,0,43.8,12.4,0
groceries,high,1.88,0,paved,fog,5,morning,2.6,2,70,1,50.8,8.1,0
documents,low,10.16,0,paved,clear,3,evening,4.36,1,81,0,18.3,20.2,0
clothing,normal,14.41,0,paved,rain,4,night,4.56,3,94,0,25.5,39.1,1
groceries,low,7.76,0,mixed,clear,4,evening,7.17,2,30,0,12.8,32.1,0
documents,normal,14.99,0,paved,clear,3,evening,2.03,1,83,0,19.0,31.3,0
medicine,high,6.55,0,paved,clear,2,night,1.12,0,78,1,70.3,8.0,0
medicine,normal,10.36,1,mixed,clear,2,afternoon,0.35,0,65,0,68.2,31.6,0
electronics,emergency,2.96,1,paved,rain,3,night,3.78,1,38,0,58.7,13.2,1
groceries,emergency,29.82,1,unpaved,storm,5,afternoon,0.76,0,75,0,62.4,250.6,1
agricultural_supplies,normal,6.65,0,paved,rain,3,evening,4.45,1,72,1,47.0,18.0,0
documents,low,2.39,1,unpaved,rain,3,evening,8.86,1,80,1,29.9,15.3,1
clothing,low,5.27,0,mixed,clear,1,afternoon,6.43,3,26,0,10.0,7.4,0
clothing,low,7.11,1,paved,rain,3,evening,3.72,2,64,1,12.5,26.6,0
agricultural_supplies,high,1.62,0,paved,clear,4,afternoon,1.64,3,72,0,40.6,5.1,0
groceries,high,25.2,0,mixed,clear,4,night,2.24,1,72,0,43.3,94.2,0
groceries,normal,5.01,0,paved,clear,4,morning,2.18,0,45,0,27.4,13.5,0
groceries,emergency,2.04,1,mixed,clear,1,evening,14.42,3,89,0,62.7,18.0,1
clothing,low,3.19,1,unpaved,fog,4,evening,0.95,1,40,0,14.0,19.7,1
groceries,low,13.08,1,paved,storm,5,afternoon,2.6,1,28,0,23.2,69.3,1
clothing,normal,2.76,1,mixed,clear,4,night,1.26,1,40,0,26.3,13.5,0
groceries,high,1.18,0,paved,clear,4,afternoon,1.36,1,36,1,50.6,5.0,0
groceries,normal,3.98,0,mixed,clear,2,evening,2.1,1,26,0,27.9,8.0,0
groceries,low,5.28,1,mixed,rain,1,night,4.04,2,78,0,17.5,14.9,0
medicine,emergency,35.32,1,mixed,clear,4,afternoon,9.73,0,90,0,100.0,123.7,0
agricultural_supplies,normal,6.9,1,paved,clear,4,afternoon,4.01,2,45,0,37.6,21.9,0
groceries,normal,14.66,0,paved,rain,2,afternoon,5.08,1,25,0,25.2,40.4,0
groceries,normal,11.8,0,paved,fog,4,night,4.27,6,27,0,17.7,37.4,1
documents,high,24.19,1,mixed,rain,4,night,2.8,1,61,0,54.3,107.6,0
medicine,normal,14.03,0,paved,clear,3,afternoon,1.55,0,90,0,62.1,30.3,0
agricultural_supplies,normal,10.96,0,paved,clear,2,afternoon,6.67,0,29,0,29.0,26.3,0
groceries,high,10.94,0,paved,rain,5,night,5.52,3,42,0,30.7,37.5,0
groceries,high,3.78,0,paved,fog,5,morning,4.36,2,43,0,38.3,19.2,0
groceries,emergency,6.97,0,paved,clear,4,afternoon,3.21,1,57,0,58.0,17.0,0
clothing,normal,18.08,1,mixed,rain,3,evening,1.5,2,58,0,30.3,79.8,0
groceries,high,1.25,0,paved,clear,2,afternoon,1.31,1,44,0,45.3,5.0,0
documents,normal,3.08,0,paved,rain,2,evening,4.93,1,60,0,20.5,5.0,0
electronics,emergency,9.23,0,paved,rain,4,afternoon,6.39,1,97,0,50.7,31.1,0
agricultural_supplies,normal,41.95,0,paved,rain,5,night,1.36,1,62,1,38.6,140.4,0
clothing,high,4.46,1,unpaved,rain,3,evening,2.42,1,31,0,38.9,21.7,0
agricultural_supplies,normal,1.85,1,paved,clear,3,afternoon,7.11,0,66,0,40.2,10.7,0
clothing,emergency,5.72,1,mixed,clear,5,afternoon,5.35,1,81,0,60.7,20.2,0
medicine,normal,9.73,1,unpaved,clear,2,evening,0.82,0,39,0,66.0,36.9,1
groceries,low,41.23,0,paved,rain,1,evening,7.7,3,29,0,0.8,104.7,0
groceries,emergency,10.37,1,paved,rain,2,night,2.2,1,46,0,64.1,31.1,0
groceries,normal,16.42,0,paved,rain,1,morning,5.95,1,42,0,18.1,31.9,0
electronics,normal,5.86,1,unpaved,clear,5,night,0.92,3,70,0,24.1,31.0,1
agricultural_supplies,emergency,24.58,0,unpaved,clear,2,evening,6.95,2,56,0,63.0,78.0,0
groceries,normal,7.28,0,paved,clear,1,evening,8.14,0,20,1,31.2,10.0,0
agricultural_supplies,normal,20.67,0,mixed,clear,2,evening,6.47,1,44,0,36.1,54.9,0
groceries,normal,4.16,0,mixed,clear,5,evening,7.64,3,99,0,33.3,10.3,1
medicine,high,4.13,0,paved,clear,2,morning,1.47,1,52,0,77.9,6.5,0
medicine,low,5.47,0,paved,clear,4,night,10.66,1,81,1,43.8,20.8,0
groceries,normal,11.28,0,mixed,rain,5,night,5.3,2,32,0,22.3,51.0,0
medicine,high,1.86,0,paved,rain,2,night,4.05,3,99,0,68.1,5.0,0
agricultural_supplies,normal,8.95,0,paved,rain,2,evening,19.64,0,27,1,45.2,14.8,0
groceries,high,7.82,1,unpaved,clear,3,evening,3.91,1,81,0,45.7,35.5,1
groceries,high,23.17,0,paved,clear,1,night,2.84,3,77,0,34.0,50.5,0
groceries,low,4.58,1,unpaved,rain,2,morning,7.98,1,80,0,13.8,23.1,0
groceries,normal,29.61,0,paved,clear,2,afternoon,1.69,3,57,0,29.6,65.9,0
agricultural_supplies,normal,4.92,1,mixed,clear,5,evening,0.74,3,95,0,42.1,16.6,0
agricultural_supplies,high,12.93,1,mixed,clear,3,night,0.71,4,73,0,61.0,48.4,0
electronics,normal,5.59,1,mixed,rain,3,afternoon,2.87,1,57,0,32.2,28.1,0
electronics,low,34.45,0,paved,clear,4,morning,2.4,2,44,0,9.5,88.0,0
electronics,low,66.2,1,unpaved,rain,4,afternoon,5.0,0,30,0,20.7,360.5,1
clothing,emergency,1.87,0,unpaved,rain,1,evening,3.75,0,66,0,48.1,5.0,1
documents,normal,37.83,1,unpaved,rain,2,night,2.27,1,62,0,36.6,174.1,1
agricultural_supplies,high,13.91,0,mixed,storm,3,morning,1.73,1,70,0,49.3,79.2,0
agricultural_supplies,low,5.9,0,mixed,rain,2,afternoon,4.65,2,77,0,9.4,19.5,0
agricultural_supplies,normal,5.27,0,paved,clear,1,night,2.28,0,45,0,30.9,6.4,0
groceries,normal,20.54,0,paved,clear,3,night,1.59,1,76,0,18.7,42.4,0
electronics,emergency,14.09,0,paved,clear,5,morning,1.23,1,96,0,34.4,32.8,0
agricultural_supplies,normal,5.77,0,unpaved,clear,5,morning,6.79,0,96,0,44.1,26.3,1
groceries,high,2.83,0,paved,clear,4,evening,0.75,1,57,1,40.5,8.1,0
groceries,low,10.76,1,mixed,clear,1,evening,2.18,0,41,0,24.7,38.5,0
groceries,normal,10.7,0,paved,clear,3,morning,2.14,3,47,0,22.8,20.1,0
documents,high,7.09,1,paved,clear,5,night,0.87,2,93,0,53.5,20.8,0
documents,emergency,20.08,1,paved,clear,4,morning,2.29,1,46,0,73.1,54.0,0
medicine,high,4.24,1,unpaved,fog,2,afternoon,1.98,3,30,0,73.8,21.7,1
electronics,high,3.56,0,paved,clear,4,night,2.4,2,77,0,40.4,14.9,0
groceries,normal,6.05,1,mixed,clear,2,night,2.78,0,35,0,28.6,16.7,0
groceries,low,1.74,1,unpaved,clear,3,evening,3.07,0,46,0,13.3,18.9,1
agricultural_supplies,emergency,5.52,1,paved,clear,3,afternoon,2.76,2,57,0,76.9,23.4,0
groceries,low,3.95,0,paved,clear,3,afternoon,8.29,1,29,0,7.4,9.6,0
medicine,emergency,3.9,0,paved,rain,4,evening,14.24,1,96,0,86.7,11.7,0
medicine,low,15.13,0,paved,rain,1,morning,1.57,1,41,0,33.6,30.7,0
groceries,low,8.54,0,mixed,clear,5,evening,6.8,1,54,0,5.3,31.4,0
documents,normal,4.45,1,unpaved,clear,1,afternoon,0.84,0,63,0,40.1,20.2,0
groceries,normal,7.19,1,mixed,rain,1,evening,3.95,0,51,0,44.7,35.3,0
groceries,normal,1.36,1,paved,clear,5,afternoon,1.82,0,43,1,36.6,5.0,0
groceries,normal,2.15,0,paved,rain,4,afternoon,1.9,0,88,0,24.3,5.3,0
groceries,normal,4.85,1,paved,storm,3,afternoon,3.39,3,24,1,39.8,30.5,1
clothing,normal,19.18,1,paved,clear,2,morning,1.41,0,93,0,25.4,41.7,0
medicine,low,7.5,1,mixed,clear,2,afternoon,7.77,0,97,0,47.1,24.8,0
documents,normal,4.69,0,paved,clear,2,afternoon,2.18,1,78,0,26.6,9.8,0
documents,normal,4.86,1,paved,fog,4,night,8.87,0,82,0,40.2,19.5,0
agricultural_supplies,low,3.85,1,paved,clear,5,morning,1.99,1,38,0,24.7,11.7,0
agricultural_supplies,normal,7.29,0,paved,rain,5,evening,6.11,0,81,1,34.5,20.1,0
medicine,normal,25.96,1,paved,clear,2,afternoon,2.47,2,87,0,69.5,67.5,0
groceries,normal,7.36,0,paved,clear,5,evening,5.53,3,69,0,18.7,7.2,0
agricultural_supplies,high,12.07,0,paved,clear,2,evening,1.21,0,86,0,56.3,31.8,0
groceries,normal,18.56,0,paved,clear,5,night,10.38,0,56,0,21.2,49.8,0
documents,low,11.82,0,paved,clear,2,night,4.3,3,55,0,17.0,20.1,0
electronics,normal,1.86,0,paved,clear,2,night,6.39,5,52,0,27.5,11.3,0
medicine,emergency,5.73,0,paved,clear,4,night,1.65,1,65,0,86.2,17.1,0
agricultural_supplies,high,2.51,0,unpaved,clear,3,afternoon,1.55,3,92,0,45.8,14.7,1
electronics,low,2.01,1,mixed,clear,2,night,7.84,1,48,1,25.7,17.2,0
groceries,high,14.18,0,paved,clear,4,evening,10.26,0,79,0,38.0,35.7,0
agricultural_supplies,low,4.07,0,paved,clear,3,morning,1.58,0,31,0,18.4,11.0,0
electronics,normal,7.11,0,paved,clear,3,night,1.22,0,80,1,29.7,20.6,0
groceries,emergency,10.05,1,mixed,fog,5,afternoon,5.23,1,64,0,63.9,55.1,1
groceries,low,5.97,0,paved,rain,1,evening,0.34,0,70,0,4.6,20.4,0
groceries,normal,8.29,0,unpaved,clear,1,morning,2.07,0,71,0,19.2,29.0,0
medicine,normal,15.38,0,paved,clear,5,evening,2.55,2,37,0,52.4,42.8,0
agricultural_supplies,normal,12.44,0,paved,clear,1,night,1.97,2,90,0,28.0,20.0,0
clothing,high,8.61,0,mixed,clear,2,morning,4.47,1,95,0,31.6,21.1,0
groceries,normal,6.75,0,paved,fog,4,afternoon,2.63,3,41,0,15.8,22.9,1
groceries,low,4.41,1,paved,clear,3,evening,2.38,2,78,0,17.9,12.9,0
groceries,low,3.45,0,paved,clear,5,morning,2.53,1,64,0,9.0,9.5,0
medicine,emergency,19.05,1,mixed,clear,4,morning,1.67,1,69,0,86.8,68.3,0
medicine,normal,10.71,0,paved,rain,3,night,3.68,1,87,0,62.7,33.9,0
groceries,low,3.37,1,unpaved,clear,2,evening,0.68,0,74,0,18.2,17.4,0
groceries,emergency,3.39,1,paved,rain,4,night,0.9,3,45,1,68.2,24.1,1
electronics,low,13.02,1,mixed,clear,5,afternoon,9.08,1,42,0,20.6,55.7,0
groceries,low,13.8,0,paved,clear,3,evening,3.69,1,25,0,5.3,38.3,0
medicine,normal,5.58,1,paved,rain,2,morning,0.86,2,25,0,68.2,20.3,0
medicine,normal,10.6,0,paved,storm,4,morning,0.98,3,38,0,47.3,51.8,1
medicine,low,19.77,0,paved,clear,5,afternoon,1.13,1,50,0,32.6,54.6,0
agricultural_supplies,low,13.58,1,mixed,fog,3,morning,0.71,1,37,1,31.8,63.3,1
groceries,low,2.78,0,mixed,clear,4,night,1.48,2,90,0,1.3,7.5,0
documents,normal,19.27,1,unpaved,fog,4,evening,3.63,2,89,0,35.1,115.4,1
groceries,low,9.89,1,mixed,rain,1,night,0.85,1,26,0,18.8,36.3,0
medicine,normal,8.98,0,mixed,storm,2,afternoon,2.02,1,25,0,55.0,36.3,0
medicine,normal,20.46,1,paved,fog,5,afternoon,12.93,3,78,0,65.2,81.4,1
clothing,normal,5.4,1,mixed,clear,4,evening,1.91,2,56,0,24.7,32.0,0
clothing,low,22.91,1,unpaved,clear,1,night,4.41,0,69,0,11.4,78.9,1
groceries,high,12.92,1,paved,fog,5,night,2.45,1,53,0,41.2,47.8,0
agricultural_supplies,normal,9.51,0,mixed,clear,1,morning,6.41,1,80,0,35.6,21.8,0
groceries,normal,17.74,0,paved,clear,1,morning,10.63,0,70,0,21.1,28.7,0
medicine,low,16.45,1,unpaved,clear,4,morning,4.87,1,47,0,51.4,76.6,1
agricultural_supplies,normal,12.76,0,paved,rain,3,evening,2.45,3,77,0,30.1,41.2,0
agricultural_supplies,high,7.1,1,paved,clear,1,evening,4.74,1,89,0,52.7,15.5,0
groceries,normal,6.68,1,mixed,clear,1,afternoon,0.95,1,36,0,37.5,23.5,0
groceries,normal,1.25,1,paved,storm,5,morning,4.62,0,72,0,29.0,5.0,1
agricultural_supplies,normal,1.17,1,mixed,rain,4,evening,2.75,3,21,0,43.2,5.0,0
clothing,low,10.5,0,paved,clear,2,morning,5.9,2,74,0,2.0,23.4,0
agricultural_supplies,normal,12.86,0,paved,fog,3,afternoon,3.83,1,20,0,35.7,41.3,1
clothing,normal,4.32,0,mixed,rain,3,night,4.53,2,47,0,26.1,15.8,0
clothing,low,15.06,0,paved,rain,3,morning,5.86,0,59,0,0.0,44.9,0
groceries,high,6.04,0,paved,clear,2,evening,6.98,1,93,0,35.6,11.1,0
groceries,high,5.96,1,mixed,clear,3,night,5.12,0,34,0,57.8,22.5,0
agricultural_supplies,low,30.9,0,paved,clear,3,evening,0.87,4,35,0,16.2,78.5,0
groceries,normal,8.85,1,paved,clear,1,afternoon,0.5,1,87,0,32.6,24.2,0
electronics,high,4.49,0,paved,clear,4,night,3.18,1,42,0,38.1,8.9,0
agricultural_supplies,normal,5.44,1,unpaved,clear,4,afternoon,3.15,2,90,0,36.2,30.0,1
groceries,high,17.16,1,paved,clear,1,afternoon,1.23,1,91,1,51.6,42.3,0
groceries,low,10.12,1,paved,rain,3,morning,1.26,1,23,0,13.8,36.8,0
medicine,low,7.29,0,paved,rain,5,night,0.34,1,33,1,51.8,27.5,0
groceries,high,22.73,1,paved,storm,2,afternoon,6.09,2,91,0,45.2,88.6,0
agricultural_supplies,high,8.32,1,paved,clear,1,night,0.11,3,50,0,63.9,20.1,0
medicine,normal,11.34,0,paved,clear,5,afternoon,0.69,0,71,1,63.9,35.3,0
electronics,high,14.87,0,paved,clear,1,night,3.71,0,27,0,29.8,29.2,0
groceries,normal,2.3,1,mixed,rain,2,morning,2.33,1,26,1,35.9,13.8,0
groceries,high,13.55,1,unpaved,clear,2,evening,4.63,3,89,0,50.8,48.7,1
groceries,low,51.12,0,paved,clear,5,evening,2.74,1,44,0,0.4,136.6,0
groceries,normal,12.65,0,mixed,clear,2,morning,2.09,2,52,0,26.3,35.8,0
groceries,low,3.73,1,mixed,clear,4,morning,1.27,0,86,0,20.3,20.0,1
groceries,normal,9.06,0,paved,clear,4,night,5.04,1,36,0,23.6,20.4,0
groceries,high,7.35,0,paved,rain,3,evening,6.64,4,87,1,44.9,14.0,0
agricultural_supplies,emergency,7.68,0,paved,rain,4,evening,6.97,0,98,0,58.7,17.8,0
clothing,normal,3.32,0,unpaved,fog,4,evening,3.36,0,53,0,18.9,18.5,1
groceries,normal,6.2,1,unpaved,clear,1,evening,2.97,1,36,0,32.5,20.8,0
medicine,high,1.13,1,mixed,clear,1,night,11.24,3,40,1,88.3,5.3,0
groceries,normal,37.47,1,mixed,clear,2,morning,4.84,2,74,0,42.1,107.6,0
groceries,high,12.78,1,unpaved,clear,2,afternoon,1.92,1,21,0,53.5,54.8,1
groceries,low,46.51,1,unpaved,rain,1,night,13.37,3,36,1,26.9,186.4,1
clothing,low,17.66,0,paved,clear,4,afternoon,7.05,3,63,0,5.1,47.1,0
groceries,normal,16.2,0,paved,clear,4,afternoon,2.63,2,97,0,27.7,37.5,0
groceries,normal,5.64,0,paved,fog,2,afternoon,1.07,2,81,0,21.2,20.3,0
electronics,emergency,4.91,0,paved,rain,5,afternoon,3.33,2,95,0,47.4,13.6,0
agricultural_supplies,high,1.09,0,paved,storm,3,evening,6.37,0,59,0,41.3,5.0,0
agricultural_supplies,low,13.41,0,paved,rain,2,morning,2.98,0,62,1,20.5,35.0,0
documents,emergency,23.91,0,paved,clear,5,night,4.17,1,64,0,57.7,58.7,0
electronics,high,8.06,0,paved,clear,1,evening,4.96,1,44,0,34.0,8.1,0
clothing,normal,28.6,1,unpaved,clear,5,morning,1.56,1,37,0,28.4,135.1,1
medicine,high,20.02,0,paved,clear,4,afternoon,0.5,1,72,0,73.9,56.0,0
groceries,normal,28.56,0,paved,rain,5,evening,0.76,1,83,0,16.0,102.8,0
medicine,high,16.51,1,mixed,fog,3,night,2.93,2,50,0,83.8,75.8,0
medicine,low,11.78,1,mixed,clear,5,evening,4.54,1,68,0,55.2,49.1,0
groceries,low,6.04,1,paved,clear,3,night,6.83,5,81,0,19.6,12.8,0
groceries,normal,2.15,1,unpaved,clear,4,morning,7.4,0,42,0,33.4,10.0,1
documents,normal,5.01,1,mixed,clear,1,evening,2.8,4,77,0,41.3,19.2,0
groceries,low,21.11,0,paved,rain,2,afternoon,4.44,0,56,0,7.5,57.0,0
medicine,emergency,3.83,1,mixed,clear,4,morning,2.53,0,93,0,99.4,17.6,0
groceries,low,14.8,0,unpaved,clear,3,morning,1.42,1,60,0,0.1,60.3,0
agricultural_supplies,low,13.83,1,paved,fog,2,morning,4.41,1,75,0,25.4,48.8,1
electronics,low,7.61,0,unpaved,rain,4,night,16.24,0,69,0,0.0,38.5,0
electronics,low,7.64,0,paved,clear,3,morning,1.24,0,35,0,10.0,11.8,0
medicine,normal,2.24,0,mixed,fog,2,morning,2.24,0,48,0,66.5,5.0,0
clothing,low,6.65,1,paved,rain,3,afternoon,5.93,0,76,0,14.8,27.8,0
documents,emergency,9.39,1,paved,fog,1,afternoon,2.19,0,22,0,62.8,27.7,0
groceries,normal,9.67,1,mixed,clear,1,afternoon,3.9,2,63,0,28.1,29.1,0
medicine,normal,5.28,0,paved,storm,3,night,6.34,2,71,0,56.1,20.8,0
groceries,high,5.63,0,paved,fog,4,night,2.69,0,46,0,43.2,14.6,1
electronics,low,7.59,1,unpaved,rain,2,night,1.89,2,32,0,12.3,36.7,1
clothing,low,30.13,1,unpaved,clear,1,afternoon,5.51,0,37,0,12.0,97.8,0
groceries,low,30.56,0,mixed,clear,3,afternoon,1.26,0,32,0,8.6,90.4,0
medicine,normal,24.02,1,mixed,clear,3,evening,8.08,1,95,0,57.8,81.1,0
agricultural_supplies,high,12.44,1,paved,clear,5,night,6.23,0,34,0,63.7,34.0,0
medicine,high,21.95,0,paved,rain,1,night,3.67,1,84,0,67.7,52.2,0
agricultural_supplies,normal,28.34,1,paved,fog,4,evening,2.0,1,30,0,46.0,94.2,1
documents,normal,7.12,1,unpaved,clear,1,afternoon,3.66,5,51,0,34.2,32.2,1
electronics,high,3.87,1,paved,rain,5,afternoon,0.91,3,52,0,49.5,26.3,1
medicine,normal,24.03,1,paved,clear,4,morning,4.59,1,88,0,65.6,68.7,0
medicine,high,11.8,0,paved,clear,2,morning,2.39,4,39,0,71.3,22.7,0
agricultural_supplies,normal,1.68,0,paved,fog,1,evening,5.6,1,93,0,29.7,5.2,0
medicine,normal,3.84,1,mixed,clear,4,evening,4.82,0,60,0,64.7,21.5,0
medicine,high,4.25,0,paved,rain,5,afternoon,3.76,2,50,0,73.9,14.5,0
medicine,low,35.54,1,unpaved,fog,2,afternoon,6.33,1,49,0,44.7,180.7,1
electronics,normal,2.97,0,paved,rain,2,evening,2.85,2,85,0,16.6,9.1,0
medicine,normal,9.02,1,mixed,clear,4,evening,6.12,1,69,0,69.7,29.1,0
electronics,normal,5.33,0,paved,clear,2,afternoon,15.52,0,21,0,26.7,9.5,1
medicine,normal,4.31,0,paved,clear,3,afternoon,3.47,3,43,0,59.9,11.4,0
groceries,emergency,2.33,0,paved,clear,2,morning,2.0,2,72,0,59.1,10.3,0
documents,normal,3.3,0,mixed,rain,3,night,9.74,1,44,0,28.5,12.2,0
medicine,normal,1.22,0,paved,rain,5,evening,2.28,1,94,1,65.7,7.1,0
documents,high,14.1,0,mixed,fog,5,afternoon,6.74,3,52,0,40.0,64.5,1
groceries,high,41.04,1,mixed,rain,3,night,7.54,0,67,0,53.2,166.6,0
groceries,normal,6.66,0,paved,rain,1,morning,11.88,0,79,0,24.5,8.6,0
medicine,high,15.76,0,paved,clear,2,morning,3.05,0,68,1,80.8,27.7,0
groceries,low,2.61,0,unpaved,fog,4,night,4.2,3,75,0,4.5,13.0,1
electronics,emergency,42.46,0,paved,fog,4,morning,0.68,1,46,0,49.9,142.6,0
documents,normal,3.57,1,unpaved,clear,5,morning,3.97,0,66,0,41.5,25.3,1
agricultural_supplies,normal,10.99,0,paved,rain,1,afternoon,11.38,2,83,1,31.9,27.7,0
medicine,high,5.79,0,paved,fog,2,evening,6.4,0,61,1,76.1,19.6,0
agricultural_supplies,normal,27.21,0,paved,clear,1,afternoon,1.8,1,50,1,48.3,52.4,0
agricultural_supplies,normal,10.65,0,paved,clear,3,night,3.56,2,73,0,30.9,24.8,0
clothing,low,16.33,0,paved,fog,4,afternoon,1.72,3,81,0,4.3,58.6,1
electronics,high,16.6,1,unpaved,clear,2,night,1.05,1,74,0,36.5,64.0,0
groceries,high,3.7,0,paved,clear,4,evening,5.1,2,99,1,49.3,10.8,0
agricultural_supplies,low,10.24,1,unpaved,clear,5,night,5.24,1,27,0,29.4,56.4,1
documents,low,1.94,0,paved,storm,2,evening,4.23,1,92,0,12.4,8.0,1
medicine,normal,5.88,0,paved,clear,2,morning,1.54,2,44,0,62.0,8.5,0
agricultural_supplies,low,13.81,0,unpaved,clear,1,afternoon,4.61,1,48,0,12.7,49.0,0
documents,high,2.09,1,unpaved,clear,1,morning,4.98,1,82,0,49.0,15.0,0
medicine,high,28.86,0,paved,fog,3,morning,1.32,2,42,0,70.3,88.5,0
clothing,normal,14.04,0,paved,clear,5,afternoon,1.26,3,30,0,22.8,38.9,1
groceries,normal,14.59,0,paved,rain,3,evening,1.53,1,76,1,26.2,40.4,0
groceries,normal,2.74,0,paved,clear,2,morning,0.78,2,41,0,19.6,9.4,0
medicine,high,11.16,1,unpaved,storm,2,night,4.3,2,48,0,83.0,69.3,1
agricultural_supplies,normal,17.21,1,unpaved,rain,2,morning,1.25,1,28,0,44.8,84.5,0
groceries,normal,9.27,0,paved,clear,1,afternoon,1.63,1,88,0,30.0,19.3,0
agricultural_supplies,normal,1.05,0,paved,clear,5,night,2.52,0,85,0,36.6,5.5,0
agricultural_supplies,high,7.83,1,mixed,rain,2,afternoon,4.43,1,44,0,54.4,31.8,0
medicine,emergency,10.42,0,paved,rain,2,night,9.2,2,99,0,89.0,20.9,0
electronics,normal,4.85,0,unpaved,fog,1,afternoon,1.25,1,96,0,12.0,20.3,1
medicine,normal,1.71,0,paved,clear,3,night,3.64,2,78,0,60.3,6.3,0
electronics,emergency,11.92,1,mixed,fog,2,afternoon,3.37,0,85,0,64.8,47.7,0
documents,normal,6.94,0,paved,clear,4,morning,1.36,2,50,0,37.9,13.1,0
groceries,emergency,13.06,0,mixed,fog,2,afternoon,0.79,1,85,0,50.7,46.0,1
groceries,normal,5.02,0,paved,clear,2,night,2.19,0,93,0,26.4,10.5,0
electronics,normal,28.72,1,unpaved,clear,2,night,2.41,1,82,0,32.8,112.7,1
groceries,normal,20.38,0,mixed,clear,3,night,5.71,0,94,0,24.8,69.8,0
agricultural_supplies,high,10.57,1,unpaved,clear,2,afternoon,3.87,1,96,0,48.2,47.8,1
electronics,normal,1.06,0,paved,storm,5,afternoon,6.88,0,85,0,26.0,5.0,0
groceries,normal,9.53,0,mixed,fog,2,evening,10.44,3,34,0,19.9,36.1,1
groceries,high,22.12,1,paved,clear,4,morning,4.16,1,35,0,49.4,62.5,0
groceries,high,3.09,1,unpaved,clear,2,morning,2.11,1,76,0,51.3,20.2,0
medicine,high,4.43,0,paved,rain,3,morning,5.67,2,98,0,65.8,12.8,0
medicine,high,5.01,0,paved,clear,4,afternoon,2.48,2,83,0,61.6,16.8,0
agricultural_supplies,low,8.12,1,paved,clear,1,afternoon,6.62,1,35,0,27.5,18.6,0
clothing,normal,5.95,0,paved,fog,1,night,11.48,1,82,0,13.6,22.0,0
groceries,high,7.8,0,paved,clear,3,evening,3.31,1,29,0,39.0,19.8,0
medicine,low,39.34,1,paved,clear,2,morning,4.75,2,98,0,48.4,85.9,0
groceries,low,15.49,0,unpaved,clear,3,afternoon,3.62,1,90,1,15.1,66.6,1
agricultural_supplies,low,30.98,0,mixed,rain,2,evening,2.44,0,54,0,28.5,107.1,0
medicine,normal,13.79,0,paved,rain,3,evening,7.26,1,70,0,50.5,33.5,0
groceries,normal,27.15,0,unpaved,clear,2,morning,3.35,2,93,0,15.6,92.9,0
medicine,normal,30.51,0,unpaved,rain,3,evening,1.57,0,75,0,51.3,150.2,1
electronics,normal,18.14,0,mixed,fog,5,night,4.45,0,36,1,31.5,85.1,0
groceries,high,43.93,1,paved,fog,2,evening,3.27,1,79,0,46.9,127.6,1
agricultural_supplies,emergency,19.15,0,paved,rain,5,afternoon,3.25,0,23,1,67.6,64.8,0
documents,normal,10.64,0,paved,rain,5,morning,1.72,0,75,0,24.0,28.5,0
agricultural_supplies,low,2.58,0,paved,clear,1,afternoon,2.42,0,96,0,11.8,7.0,0
groceries,emergency,23.18,1,paved,clear,1,morning,4.11,1,79,0,55.8,53.1,0
medicine,normal,16.02,0,paved,clear,2,evening,1.22,0,39,0,51.4,42.0,0
clothing,low,3.58,0,unpaved,clear,1,evening,0.28,0,71,0,5.4,14.4,0
groceries,high,9.06,0,paved,clear,5,evening,4.18,0,99,0,45.4,26.9,0
documents,emergency,3.63,1,mixed,clear,4,evening,3.16,1,80,0,73.0,17.7,0
groceries,normal,5.25,0,paved,clear,5,evening,7.25,3,50,0,28.7,21.8,0
medicine,high,10.23,0,paved,clear,3,afternoon,1.22,2,88,0,74.1,19.1,1
groceries,low,2.13,0,paved,clear,3,morning,5.83,0,51,0,10.0,7.4,0
groceries,normal,8.6,0,paved,clear,2,night,1.4,2,86,0,26.5,15.3,0
medicine,normal,1.94,0,paved,clear,3,evening,0.66,0,45,0,56.9,7.2,0
agricultural_supplies,emergency,12.23,0,paved,clear,1,afternoon,5.53,1,31,0,61.9,17.2,0
agricultural_supplies,low,25.56,0,paved,clear,2,night,0.38,1,32,0,14.6,56.4,0
electronics,high,2.39,0,paved,clear,2,night,2.41,2,88,0,38.4,7.9,0
groceries,high,10.89,0,paved,clear,2,evening,0.31,2,28,0,37.2,25.9,0
groceries,high,7.69,0,paved,rain,3,morning,4.77,1,28,0,42.2,23.7,0
groceries,high,40.03,0,paved,fog,4,evening,3.79,2,46,0,33.4,142.6,0
agricultural_supplies,high,2.44,1,unpaved,storm,1,afternoon,2.31,2,83,0,59.3,25.9,1
documents,high,14.37,0,paved,clear,1,night,1.62,1,25,1,58.8,25.7,0
groceries,high,5.36,0,unpaved,clear,2,morning,1.32,1,72,0,40.8,18.5,1
groceries,normal,5.64,1,mixed,clear,5,night,4.73,2,69,0,28.7,23.0,0
electronics,high,22.83,1,mixed,clear,5,evening,6.42,0,74,0,46.7,88.4,0
electronics,low,5.62,0,paved,clear,3,morning,4.83,0,60,0,8.6,13.5,0
agricultural_supplies,normal,6.31,0,paved,rain,5,evening,1.92,4,24,0,35.6,30.9,0
electronics,low,18.54,1,paved,clear,1,morning,5.05,1,99,0,8.5,43.6,0
groceries,low,1.38,0,unpaved,clear,1,morning,1.87,1,42,0,0.0,5.0,0
documents,normal,33.05,0,unpaved,fog,3,morning,3.52,0,91,0,30.7,180.2,1
electronics,normal,16.58,0,paved,rain,2,evening,2.52,0,80,0,11.6,40.2,0
clothing,low,7.65,0,unpaved,clear,5,afternoon,3.05,0,62,0,4.7,40.4,1
groceries,normal,2.3,1,unpaved,rain,1,morning,1.13,1,54,0,26.8,15.1,1
groceries,normal,5.06,0,paved,storm,5,morning,1.41,3,47,1,39.0,23.0,1
groceries,low,2.58,1,paved,clear,5,evening,5.58,0,79,0,20.2,5.0,0
electronics,normal,13.71,0,paved,fog,2,evening,4.66,1,63,0,29.7,34.0,0
agricultural_supplies,low,8.3,1,unpaved,clear,1,afternoon,5.8,2,73,0,23.5,36.4,0
agricultural_supplies,normal,9.21,0,paved,clear,1,evening,6.73,1,26,0,36.6,20.9,0
agricultural_supplies,low,7.87,0,paved,clear,2,evening,0.68,1,96,0,15.6,11.5,0
medicine,normal,20.41,0,paved,rain,5,afternoon,0.64,0,71,0,60.4,67.3,0
medicine,normal,5.15,1,paved,rain,3,evening,9.47,3,64,0,73.8,15.8,0
medicine,emergency,4.62,1,mixed,rain,1,night,5.01,2,25,0,93.4,16.2,0
clothing,low,2.88,1,mixed,fog,2,evening,2.01,1,45,0,24.2,17.2,0
medicine,high,5.54,0,paved,clear,5,evening,4.06,0,45,1,77.0,14.7,0
medicine,normal,20.6,1,mixed,clear,4,night,0.54,2,48,0,67.8,74.0,0
documents,normal,4.61,0,unpaved,rain,2,afternoon,12.03,1,42,0,22.9,24.3,0
agricultural_supplies,normal,13.15,0,paved,rain,2,afternoon,3.41,2,22,0,27.2,44.0,0
medicine,high,21.69,0,paved,clear,1,morning,5.45,2,29,0,69.7,39.0,0
agricultural_supplies,normal,8.66,1,unpaved,clear,1,night,2.31,2,27,0,56.9,29.1,0
documents,low,41.45,0,paved,clear,1,night,5.61,1,45,0,5.9,75.8,0
electronics,emergency,37.3,0,unpaved,rain,1,night,4.48,1,89,0,61.5,146.6,0
documents,low,3.54,0,paved,rain,2,night,4.58,0,87,1,19.6,11.4,0
clothing,low,19.53,0,paved,clear,2,evening,1.1,4,58,0,2.2,43.5,0
documents,normal,14.73,0,paved,fog,3,afternoon,8.11,1,29,0,29.5,45.4,0
electronics,high,2.31,1,mixed,clear,2,afternoon,1.63,3,60,1,53.4,11.8,0
groceries,high,29.86,1,paved,clear,1,evening,5.01,0,29,0,45.8,59.9,0
groceries,high,7.03,0,paved,clear,5,morning,5.62,2,52,1,53.6,14.8,0
medicine,normal,3.06,0,unpaved,clear,4,night,2.47,1,31,0,52.5,10.5,0
electronics,emergency,18.2,0,paved,clear,1,morning,2.25,0,51,0,56.9,29.9,0
clothing,normal,14.22,0,paved,rain,4,night,9.95,0,55,0,16.9,47.5,0
agricultural_supplies,low,3.43,1,paved,rain,2,evening,3.9,2,97,0,22.9,15.9,0
groceries,low,16.4,1,mixed,clear,5,afternoon,4.48,2,55,0,20.9,60.8,0
clothing,low,22.16,1,paved,rain,5,night,6.97,4,45,0,6.2,87.2,1
agricultural_supplies,high,9.2,0,paved,clear,5,afternoon,2.39,2,59,0,51.4,30.8,0
agricultural_supplies,normal,34.96,0,paved,rain,3,night,8.16,0,52,0,43.7,100.0,0
groceries,normal,4.97,0,paved,clear,1,night,7.3,1,57,1,30.2,14.0,0
clothing,normal,10.27,0,paved,clear,3,evening,1.79,1,31,0,28.4,26.7,0
groceries,emergency,18.47,1,mixed,clear,3,night,6.75,3,61,0,60.9,64.9,0
groceries,low,1.02,0,paved,fog,3,evening,4.03,2,99,0,5.5,5.0,1
groceries,high,4.75,1,paved,storm,5,evening,3.99,0,44,1,54.0,28.3,0
groceries,low,13.74,0,paved,rain,1,night,10.46,5,77,0,7.4,34.2,0
documents,normal,7.89,0,paved,clear,1,night,1.96,1,78,0,28.2,12.5,0
medicine,low,32.54,1,mixed,rain,5,morning,3.66,0,80,0,53.6,149.8,0
medicine,normal,7.63,0,paved,fog,5,evening,3.72,0,79,1,58.6,25.9,1
clothing,normal,4.49,1,mixed,clear,5,morning,6.38,1,25,0,38.6,20.5,0
clothing,emergency,2.2,0,paved,clear,2,evening,5.31,0,72,0,50.1,8.6,0
clothing,normal,9.65,1,unpaved,clear,4,night,5.11,0,68,0,37.4,43.1,1
agricultural_supplies,high,3.24,1,unpaved,storm,3,evening,1.87,3,99,0,55.6,26.1,1
clothing,normal,3.92,0,paved,clear,1,morning,1.1,3,47,0,23.1,6.7,0
electronics,normal,9.82,1,unpaved,rain,2,night,9.76,1,75,0,29.9,53.3,0
documents,emergency,2.23,0,paved,fog,3,night,2.47,1,53,0,50.7,5.0,0
groceries,high,10.38,1,mixed,clear,3,afternoon,0.16,2,23,0,36.2,43.2,0
clothing,low,3.63,0,paved,clear,2,morning,3.02,1,35,1,14.3,7.7,0
medicine,low,9.62,0,paved,clear,2,evening,3.41,1,39,1,56.0,16.8,0
groceries,normal,9.9,0,unpaved,clear,4,afternoon,1.34,1,91,0,26.7,43.2,1
groceries,normal,9.42,1,unpaved,clear,5,afternoon,6.45,4,63,0,32.9,53.0,1
groceries,normal,25.09,1,unpaved,clear,2,night,1.66,0,93,0,22.0,92.1,1
medicine,low,11.72,0,paved,clear,2,morning,3.91,1,86,0,40.9,26.4,0
agricultural_supplies,high,6.38,0,paved,rain,5,afternoon,5.23,1,41,0,52.5,22.2,0
medicine,normal,15.64,0,paved,clear,4,evening,7.54,1,48,0,52.5,26.3,0
clothing,high,1.71,0,unpaved,clear,2,night,3.97,0,63,0,35.2,6.1,1
groceries,high,1.5,0,paved,clear,3,afternoon,4.73,2,55,0,30.2,5.0,0
documents,high,2.76,0,paved,clear,1,morning,6.38,1,81,0,35.8,9.6,0
agricultural_supplies,normal,5.26,0,paved,clear,4,afternoon,1.93,3,68,0,27.7,13.1,1
electronics,high,24.68,1,paved,rain,3,night,7.33,2,66,0,46.6,80.2,0
documents,low,21.41,1,mixed,fog,4,afternoon,2.25,0,34,0,20.0,95.5,1
groceries,normal,9.39,0,mixed,clear,4,morning,2.63,1,69,0,30.3,36.3,0
documents,high,19.0,1,paved,clear,1,morning,8.86,3,62,0,55.3,36.9,0
medicine,emergency,7.0,0,paved,rain,2,afternoon,1.32,1,65,1,100.0,21.7,0
agricultural_supplies,emergency,4.38,0,paved,rain,2,evening,4.6,1,34,0,64.6,10.6,0
electronics,high,11.76,1,unpaved,clear,1,night,0.72,1,96,0,49.3,48.1,0
clothing,normal,10.67,0,paved,clear,4,night,4.3,0,23,0,25.2,27.6,0
medicine,emergency,2.37,1,mixed,clear,5,morning,11.61,0,39,0,90.1,14.7,0
documents,normal,13.93,1,paved,rain,1,afternoon,3.61,2,61,1,43.5,44.0,0
groceries,low,1.51,0,paved,clear,5,night,0.18,3,40,1,18.3,5.0,0
medicine,normal,11.16,1,unpaved,rain,3,afternoon,1.45,1,58,1,66.2,62.7,1
agricultural_supplies,low,21.89,0,mixed,clear,2,morning,2.26,1,67,0,25.7,64.6,0
agricultural_supplies,high,7.98,1,unpaved,storm,4,night,3.04,0,29,0,55.8,71.3,1
groceries,low,34.09,0,paved,rain,3,evening,1.83,0,84,0,10.1,92.4,0
clothing,high,4.28,0,paved,clear,4,evening,5.57,1,58,1,52.3,12.7,0
groceries,normal,15.85,1,paved,rain,4,afternoon,4.11,1,37,1,48.4,64.8,0
medicine,low,13.03,0,paved,clear,2,afternoon,2.01,2,61,0,42.7,23.3,0
electronics,low,33.49,0,paved,clear,2,morning,0.32,0,24,0,8.4,73.6,0
clothing,normal,11.71,1,paved,clear,1,evening,2.41,2,60,1,34.9,29.2,0
medicine,high,39.6,1,unpaved,fog,4,afternoon,3.42,0,86,0,85.4,237.1,1
documents,emergency,1.8,0,paved,clear,3,evening,5.75,1,96,0,53.6,7.8,0
groceries,high,8.75,0,mixed,clear,2,night,3.13,2,32,0,37.9,19.6,0
groceries,normal,3.51,0,paved,rain,4,night,5.3,2,46,0,24.9,10.6,0
electronics,high,13.04,1,paved,clear,5,morning,2.3,2,75,0,42.2,42.2,0
medicine,low,7.49,1,mixed,clear,2,morning,5.5,1,32,0,57.4,35.2,0
documents,emergency,26.02,1,mixed,clear,4,morning,7.54,1,45,0,66.9,89.8,0
groceries,normal,15.97,0,mixed,rain,3,night,1.0,2,99,0,19.3,58.0,0
agricultural_supplies,high,18.42,0,unpaved,clear,5,morning,3.9,2,28,0,48.3,88.2,1
clothing,high,2.43,0,mixed,clear,4,morning,4.9,3,57,0,36.3,10.2,0
groceries,normal,8.03,1,mixed,clear,4,night,17.4,1,82,0,31.5,34.2,0
groceries,normal,26.11,1,paved,clear,5,morning,9.6,1,46,0,36.0,76.9,0
groceries,low,23.11,0,paved,clear,1,morning,3.68,1,68,0,5.0,41.3,0
electronics,normal,10.0,0,mixed,clear,1,morning,5.77,2,76,0,18.6,31.9,0
medicine,low,8.31,0,unpaved,clear,4,morning,1.41,1,41,0,45.9,33.4,0
clothing,high,5.36,1,paved,rain,4,morning,0.55,2,42,0,32.9,19.6,0
medicine,normal,11.81,1,unpaved,clear,2,morning,7.07,0,67,1,79.1,47.8,0
medicine,normal,3.37,1,unpaved,clear,2,evening,10.07,2,26,0,65.6,17.6,0
medicine,emergency,2.84,0,mixed,clear,4,afternoon,0.93,0,32,0,89.3,10.1,0
medicine,normal,27.58,0,mixed,fog,2,afternoon,2.31,0,94,0,52.2,97.9,0
groceries,normal,8.6,0,paved,clear,2,afternoon,1.35,1,61,0,29.3,24.3,0
agricultural_supplies,high,11.47,0,paved,rain,2,morning,7.41,1,74,0,47.0,29.9,0
groceries,high,17.3,0,paved,clear,3,morning,1.81,2,85,0,37.3,37.8,0
groceries,normal,9.26,0,paved,clear,1,night,1.99,3,58,0,25.5,13.6,0
documents,low,49.68,1,unpaved,fog,1,night,2.73,1,22,0,15.3,222.6,1
groceries,emergency,38.64,1,unpaved,clear,5,evening,6.08,3,59,0,59.8,183.9,1
clothing,high,10.08,0,paved,clear,4,afternoon,11.05,3,25,0,33.0,22.1,0
medicine,normal,17.38,0,paved,rain,5,evening,10.77,0,40,0,52.9,59.8,0
electronics,normal,5.73,1,paved,fog,4,morning,3.22,0,20,0,33.7,24.4,1
groceries,high,7.68,0,paved,rain,3,morning,5.04,2,99,0,41.1,14.2,0
electronics,low,24.56,0,paved,clear,5,afternoon,1.83,2,69,0,1.6,64.5,0
groceries,normal,11.28,0,paved,clear,4,night,5.5,1,22,0,27.0,30.4,0
groceries,high,19.87,0,paved,fog,5,afternoon,3.28,0,95,0,33.1,75.7,1
medicine,high,13.84,1,unpaved,rain,5,night,2.91,0,38,0,71.3,78.9,1
medicine,normal,2.35,1,paved,clear,1,night,4.09,0,20,0,61.5,10.0,0
medicine,normal,9.66,0,mixed,rain,3,night,5.68,1,44,0,51.4,39.5,0
documents,normal,2.44,1,paved,rain,2,morning,5.84,1,93,1,53.2,12.3,0
documents,high,11.26,0,paved,clear,4,morning,5.7,0,35,0,42.9,31.8,0
agricultural_supplies,emergency,5.18,1,paved,clear,1,morning,7.53,2,90,0,64.2,6.6,0
medicine,normal,6.48,0,paved,fog,1,morning,0.93,0,77,0,53.4,13.5,0
electronics,low,1.72,0,unpaved,clear,1,night,6.49,3,67,0,10.9,9.3,1
clothing,high,1.51,0,paved,clear,5,afternoon,2.13,2,35,0,33.5,5.0,0
groceries,low,4.68,1,unpaved,fog,5,morning,2.14,2,35,0,16.9,33.2,1
clothing,high,17.6,1,paved,clear,4,morning,1.39,0,72,0,43.7,53.1,0
electronics,normal,20.14,0,paved,rain,5,morning,3.65,2,85,0,27.7,65.9,0
groceries,normal,11.07,1,mixed,rain,4,afternoon,4.38,3,58,0,23.5,53.2,0
groceries,normal,21.49,0,mixed,storm,2,morning,8.04,0,74,0,25.1,106.2,0
agricultural_supplies,high,11.93,0,paved,rain,5,morning,2.96,3,53,0,42.7,44.8,0
groceries,normal,45.54,1,mixed,fog,3,evening,4.35,4,65,0,36.0,196.7,1
documents,normal,9.93,0,paved,rain,2,evening,8.22,0,74,0,24.3,24.7,0
agricultural_supplies,normal,27.94,1,mixed,rain,4,afternoon,7.13,2,66,1,57.8,128.6,0
medicine,normal,16.11,0,unpaved,clear,4,night,12.59,2,93,0,49.6,65.8,1
electronics,normal,3.85,0,paved,clear,3,evening,5.51,1,34,0,22.2,5.6,0
medicine,low,27.56,1,paved,rain,2,afternoon,2.5,1,83,0,44.9,77.6,0
agricultural_supplies,high,1.81,0,paved,fog,5,night,2.72,0,51,0,53.8,7.0,1
groceries,normal,1.66,1,unpaved,clear,3,morning,2.73,3,41,1,39.9,7.5,1
groceries,normal,2.81,0,paved,clear,5,evening,0.29,1,59,0,28.1,5.0,0
groceries,low,2.22,0,paved,clear,5,night,2.63,1,62,0,12.1,5.0,0
agricultural_supplies,normal,40.23,1,unpaved,rain,5,morning,4.65,6,52,0,37.9,235.5,1
agricultural_supplies,normal,8.69,1,unpaved,clear,4,night,2.53,2,79,0,39.5,47.0,1
electronics,low,8.74,0,paved,fog,4,afternoon,5.77,1,43,0,9.3,29.3,0
electronics,high,2.05,1,unpaved,rain,1,evening,2.9,0,82,1,53.2,11.4,1
agricultural_supplies,high,9.24,0,paved,clear,5,morning,7.51,2,45,0,43.6,24.7,0
electronics,low,5.57,1,unpaved,fog,4,morning,4.29,0,26,0,12.9,40.9,1
clothing,low,1.57,0,paved,clear,2,morning,2.82,0,72,0,0.0,13.9,0
groceries,normal,4.5,1,paved,clear,2,afternoon,1.39,0,40,0,25.1,19.5,0
medicine,emergency,77.37,1,paved,clear,2,afternoon,3.1,4,91,0,100.0,167.8,0
agricultural_supplies,normal,1.9,1,unpaved,clear,4,evening,4.23,3,57,0,36.5,8.2,1
documents,normal,3.42,0,paved,rain,2,morning,3.92,1,54,0,30.0,7.4,0
medicine,emergency,25.33,1,mixed,clear,2,morning,3.57,0,93,0,87.9,67.5,0
documents,normal,7.12,1,unpaved,rain,4,afternoon,6.06,0,60,0,33.6,46.4,1
agricultural_supplies,high,2.03,0,paved,clear,3,night,2.97,0,57,0,51.3,6.6,0
agricultural_supplies,emergency,14.32,1,unpaved,rain,3,evening,1.52,0,80,0,75.9,77.7,0
clothing,normal,61.95,1,mixed,rain,1,afternoon,9.08,1,48,0,27.6,193.4,0
medicine,normal,15.29,1,paved,clear,3,afternoon,3.25,3,73,0,64.1,40.3,0
groceries,high,18.61,0,paved,rain,2,night,2.85,1,61,0,40.2,54.6,0
electronics,high,8.45,1,mixed,clear,1,morning,7.0,2,74,0,45.7,25.7,0
clothing,high,5.81,0,paved,storm,5,afternoon,4.55,2,83,0,33.2,33.0,1
medicine,normal,24.05,0,paved,rain,5,morning,4.49,4,92,1,65.8,82.0,0
medicine,normal,7.17,0,paved,rain,4,evening,5.63,1,69,0,58.9,24.6,0
electronics,normal,23.4,0,paved,fog,3,night,3.05,1,50,0,20.9,74.7,1
groceries,low,28.12,1,paved,rain,3,morning,15.09,0,25,0,12.9,84.8,0
electronics,low,36.67,0,paved,fog,3,morning,3.76,0,33,1,22.1,116.4,0
groceries,normal,32.75,1,paved,clear,4,afternoon,1.48,4,83,0,42.3,93.1,0
clothing,high,15.2,1,mixed,rain,3,morning,1.67,1,47,0,42.5,70.4,0
groceries,normal,5.6,1,unpaved,rain,4,night,3.26,0,29,0,42.2,35.6,1
groceries,low,7.4,0,paved,rain,1,night,1.44,2,63,0,7.0,10.5,0
groceries,normal,1.89,1,paved,rain,2,afternoon,9.72,0,75,1,49.8,9.3,0
groceries,low,49.24,0,paved,rain,2,evening,2.26,0,66,0,5.1,132.4,0
groceries,emergency,11.37,0,mixed,clear,2,morning,4.44,0,53,0,53.9,38.4,0
medicine,normal,2.88,1,mixed,clear,3,night,4.35,0,81,0,66.1,11.3,0
groceries,high,5.65,1,paved,rain,2,morning,0.97,1,65,0,56.2,17.1,0
clothing,normal,6.24,0,paved,clear,5,morning,1.95,1,34,0,22.9,19.8,0
clothing,high,2.07,0,paved,rain,5,evening,3.35,1,20,0,29.0,5.0,0
medicine,normal,22.79,0,mixed,fog,2,evening,1.83,1,85,0,49.5,79.5,0
documents,normal,3.03,1,mixed,rain,4,afternoon,1.58,0,28,0,34.7,17.5,0
medicine,normal,4.54,0,mixed,clear,5,evening,3.71,3,39,0,60.9,20.9,0
medicine,normal,5.06,0,unpaved,clear,3,night,3.28,1,75,0,43.7,21.8,0
electronics,normal,29.92,0,paved,clear,4,morning,1.98,0,71,0,23.2,70.5,0
groceries,high,4.56,0,paved,rain,4,morning,7.8,1,90,0,50.9,16.1,0
clothing,normal,8.71,0,mixed,clear,3,morning,7.22,0,63,0,16.4,35.0,0
groceries,low,31.8,1,paved,clear,4,evening,2.66,1,26,0,23.3,86.8,0
groceries,normal,41.57,1,mixed,rain,3,evening,3.32,2,44,0,38.9,161.2,0
agricultural_supplies,high,32.27,0,paved,fog,4,afternoon,9.6,1,55,0,51.5,110.2,0
electronics,high,11.76,1,unpaved,clear,4,evening,9.85,3,28,0,51.8,57.0,1
electronics,high,11.64,1,unpaved,clear,3,evening,5.92,3,77,0,48.6,51.9,1
clothing,low,29.49,0,paved,clear,1,evening,3.03,1,82,0,3.8,55.6,0
electronics,low,42.47,1,paved,clear,1,afternoon,0.89,1,98,0,19.8,89.8,0
medicine,normal,8.16,0,paved,clear,1,evening,3.65,0,41,0,49.1,18.2,0
groceries,normal,6.31,1,mixed,clear,4,afternoon,2.2,0,49,0,34.6,14.2,0
groceries,high,2.33,1,unpaved,rain,4,morning,0.35,0,34,0,52.4,19.7,1
agricultural_supplies,normal,16.9,0,unpaved,clear,2,afternoon,2.45,1,86,0,38.1,61.8,1
agricultural_supplies,normal,17.45,0,paved,rain,5,evening,5.78,2,25,0,35.0,62.2,0
groceries,high,6.44,1,paved,clear,5,evening,0.31,1,41,0,45.9,24.2,0
groceries,normal,3.36,1,paved,fog,4,night,9.46,1,93,0,29.4,16.7,1
medicine,high,16.19,1,unpaved,fog,4,morning,0.8,2,38,0,85.0,107.1,1
groceries,normal,31.15,1,mixed,rain,4,morning,1.3,0,66,0,32.3,125.2,0
agricultural_supplies,emergency,30.65,1,paved,clear,5,night,0.71,1,42,0,76.6,88.6,0
medicine,normal,15.31,0,paved,rain,5,evening,0.6,2,78,0,54.8,50.5,0
clothing,low,9.37,0,paved,rain,5,morning,0.44,2,57,0,6.8,33.3,0
documents,low,6.68,1,paved,clear,1,evening,5.4,2,46,0,26.3,19.1,0
agricultural_supplies,high,4.39,1,unpaved,clear,4,evening,3.89,0,70,0,59.4,27.2,1
clothing,low,29.2,0,paved,storm,5,night,3.68,1,73,0,0.0,143.0,0
medicine,low,38.02,0,unpaved,clear,5,night,3.67,0,37,0,35.8,178.8,1
agricultural_supplies,low,14.84,0,unpaved,rain,3,evening,5.28,0,57,0,14.2,75.6,0
medicine,high,7.2,0,paved,clear,4,evening,5.26,2,72,0,65.9,20.6,0
clothing,low,2.63,1,mixed,clear,2,evening,4.64,0,41,0,6.0,13.8,0
electronics,low,7.83,0,paved,clear,3,morning,2.26,2,29,0,0.4,22.1,0
agricultural_supplies,emergency,7.27,0,paved,rain,5,afternoon,3.27,0,34,0,61.1,18.2,0
medicine,high,12.92,0,mixed,rain,2,afternoon,2.68,0,97,0,61.5,41.7,0
agricultural_supplies,normal,15.61,0,mixed,clear,2,morning,5.37,0,87,0,28.9,34.7,0
medicine,emergency,13.09,1,unpaved,clear,5,night,2.06,1,86,0,100.0,67.9,1
groceries,high,4.73,0,paved,clear,4,night,2.25,1,58,0,30.6,16.6,0
medicine,high,3.86,1,paved,clear,5,morning,3.43,1,90,0,75.2,16.3,0
medicine,normal,27.4,1,paved,clear,4,morning,2.12,3,95,1,68.0,74.4,1
documents,normal,9.66,1,unpaved,clear,1,afternoon,2.42,1,21,1,38.8,29.9,0
agricultural_supplies,high,33.95,0,unpaved,clear,2,afternoon,1.19,1,75,0,44.9,127.4,0
clothing,normal,17.33,0,paved,clear,2,evening,1.08,1,24,1,30.0,37.1,0
agricultural_supplies,high,12.2,0,mixed,rain,5,morning,1.64,0,25,0,43.3,54.3,0
groceries,low,5.05,1,paved,rain,2,afternoon,6.38,1,49,0,24.5,15.3,0
groceries,high,9.95,0,mixed,clear,1,morning,3.5,2,34,0,36.2,24.2,0
clothing,emergency,2.65,0,mixed,storm,2,morning,4.25,1,58,0,49.8,8.7,0
medicine,low,1.89,1,unpaved,clear,2,night,3.01,2,95,0,53.0,13.8,1
electronics,high,27.12,0,paved,clear,1,night,3.01,0,64,0,38.7,52.6,0
documents,normal,20.03,1,unpaved,clear,4,morning,2.33,0,68,1,37.7,84.3,0
medicine,high,3.65,1,paved,rain,2,night,6.97,1,76,0,83.5,13.0,0
documents,normal,13.99,0,paved,clear,1,afternoon,14.65,0,47,0,20.3,25.2,0
clothing,normal,5.48,0,mixed,clear,2,night,2.92,1,50,0,15.9,13.6,0
clothing,emergency,20.63,0,mixed,rain,5,afternoon,3.1,2,71,0,49.4,87.9,0
groceries,normal,9.51,1,mixed,fog,1,night,5.32,0,62,0,42.8,33.1,0
documents,normal,2.64,0,mixed,rain,5,morning,1.82,2,52,0,21.1,14.5,0
clothing,high,11.62,0,unpaved,clear,2,afternoon,2.72,1,59,0,35.7,39.7,0
electronics,normal,4.01,1,paved,fog,3,night,1.95,0,32,0,33.5,16.9,1
agricultural_supplies,emergency,10.14,0,paved,rain,2,morning,2.81,0,51,0,67.7,16.7,0
medicine,emergency,32.04,1,unpaved,clear,5,afternoon,0.8,2,94,0,96.5,155.1,1
clothing,emergency,7.09,0,paved,rain,4,evening,2.91,1,71,0,46.2,20.5,0
groceries,normal,7.09,1,paved,clear,1,morning,2.31,1,26,0,29.0,25.6,0
agricultural_supplies,normal,7.74,0,mixed,rain,4,morning,5.89,4,53,0,27.4,36.5,0
groceries,high,11.81,0,unpaved,rain,5,afternoon,9.75,2,93,0,40.8,67.2,1
electronics,high,61.2,0,paved,rain,2,evening,1.52,4,56,0,40.4,163.4,0
groceries,normal,8.04,0,paved,storm,1,night,8.54,1,92,1,22.2,26.8,0
groceries,normal,4.87,0,unpaved,fog,5,evening,3.54,1,26,0,21.1,33.6,1
clothing,low,4.33,1,unpaved,fog,2,afternoon,4.53,1,20,0,16.7,21.1,1
agricultural_supplies,emergency,7.95,0,unpaved,clear,3,afternoon,0.47,1,20,1,75.8,28.7,0
groceries,normal,8.35,1,paved,rain,3,night,5.37,1,82,0,38.9,24.0,0
electronics,high,7.9,0,paved,fog,5,evening,5.96,2,31,0,46.0,32.8,0
groceries,emergency,16.45,1,unpaved,rain,2,morning,2.23,0,69,0,62.5,76.3,1
clothing,high,5.71,1,mixed,clear,3,afternoon,1.58,0,40,0,53.0,19.7,0
groceries,emergency,37.99,1,mixed,rain,1,afternoon,2.27,2,94,0,64.8,123.8,0
groceries,emergency,14.31,0,paved,clear,2,afternoon,2.78,0,81,0,55.3,35.3,0
groceries,high,3.81,0,paved,fog,1,morning,1.54,1,26,0,35.1,12.4,0
agricultural_supplies,high,11.52,0,mixed,clear,5,night,0.36,3,57,0,53.9,34.8,0
groceries,normal,9.64,1,unpaved,rain,3,morning,4.5,0,38,1,46.5,54.7,0
medicine,emergency,23.93,1,mixed,clear,5,afternoon,1.72,1,24,0,95.9,93.9,0
clothing,normal,58.35,1,unpaved,clear,2,afternoon,1.87,0,76,0,28.4,210.8,0
groceries,normal,8.54,0,mixed,clear,5,morning,1.82,1,30,1,32.6,31.3,0
agricultural_supplies,normal,20.16,0,paved,clear,4,morning,5.4,2,71,0,36.0,55.8,0
agricultural_supplies,emergency,1.5,0,mixed,rain,1,evening,4.04,1,54,0,54.7,5.0,0
groceries,low,1.14,0,paved,fog,2,afternoon,5.72,2,38,1,12.8,5.0,0
groceries,emergency,27.36,0,paved,rain,2,night,1.35,2,35,0,46.6,71.4,0
medicine,normal,3.69,1,mixed,clear,2,afternoon,3.17,4,20,0,72.3,15.2,0
groceries,normal,14.01,0,mixed,clear,4,morning,1.46,0,30,1,26.9,41.5,0
agricultural_supplies,high,2.88,0,unpaved,clear,4,night,3.84,1,82,0,47.4,10.2,0
documents,high,1.79,1,unpaved,fog,2,afternoon,1.57,0,85,0,55.3,10.7,1
groceries,high,34.91,1,mixed,rain,5,night,3.18,0,33,0,49.0,167.3,0
documents,low,1.53,0,mixed,fog,4,evening,2.01,0,82,0,14.3,9.8,1
clothing,emergency,14.15,0,paved,clear,4,morning,10.92,2,40,1,49.1,37.5,0
groceries,low,4.36,1,unpaved,fog,1,evening,5.18,0,20,0,17.5,22.1,1
groceries,normal,19.8,0,paved,clear,2,afternoon,2.86,0,24,0,29.0,44.6,0
groceries,normal,17.96,0,paved,clear,2,morning,0.86,1,34,0,30.1,37.3,0
medicine,normal,1.31,0,paved,rain,5,morning,0.79,2,75,0,62.8,5.5,0
medicine,low,13.77,0,mixed,rain,5,afternoon,4.6,1,49,0,35.2,55.8,0
groceries,normal,28.19,0,mixed,rain,5,evening,4.12,2,99,0,16.8,124.0,0
medicine,high,14.14,1,unpaved,clear,2,morning,3.67,1,39,0,83.9,46.0,1
electronics,high,5.17,1,unpaved,clear,1,evening,0.85,2,34,0,49.0,29.9,0
electronics,low,6.53,0,paved,clear,3,morning,3.19,2,88,0,9.1,16.7,0
groceries,low,1.38,1,unpaved,clear,4,morning,9.29,1,23,0,29.0,6.8,1
medicine,normal,4.92,1,unpaved,clear,4,morning,4.93,4,55,0,68.4,25.3,1
electronics,low,1.8,0,unpaved,clear,1,morning,4.8,3,80,0,9.9,5.0,0
agricultural_supplies,normal,1.86,0,paved,fog,2,evening,2.67,2,53,0,41.2,9.4,0
groceries,high,18.05,0,paved,clear,1,morning,11.58,2,91,0,42.1,31.0,0
groceries,normal,31.52,1,paved,rain,4,night,8.7,3,92,0,31.4,100.9,1
medicine,high,1.56,0,unpaved,rain,3,night,1.48,1,66,0,73.1,15.7,0
clothing,low,10.86,0,mixed,fog,1,evening,2.8,3,94,0,13.3,39.0,1
documents,low,1.07,0,paved,rain,1,morning,4.75,1,90,0,10.5,5.0,0
medicine,high,22.77,0,mixed,clear,1,morning,2.78,0,88,0,71.4,63.1,0
groceries,normal,16.18,1,paved,clear,3,morning,3.81,0,88,0,30.8,41.3,0
medicine,low,6.92,1,unpaved,clear,2,night,1.52,1,88,0,53.1,27.0,1
groceries,low,7.76,0,unpaved,rain,3,night,0.81,0,46,0,11.5,32.0,0
medicine,low,19.86,1,unpaved,clear,1,afternoon,3.02,1,77,0,52.2,75.1,0
groceries,normal,3.88,1,mixed,clear,2,morning,1.86,1,67,0,46.6,9.5,0
clothing,low,6.1,0,paved,clear,3,morning,3.24,2,59,1,19.6,11.6,0
groceries,low,10.77,0,mixed,clear,5,morning,3.66,1,99,0,9.2,43.9,0
medicine,normal,5.47,1,mixed,rain,2,afternoon,3.26,2,69,1,64.8,19.8,0
agricultural_supplies,low,29.71,0,mixed,rain,2,night,2.06,1,28,1,13.8,102.6,0
electronics,high,3.88,0,mixed,clear,4,afternoon,3.72,2,65,0,25.7,14.5,0
electronics,low,3.23,0,paved,rain,1,morning,6.34,0,70,0,7.7,6.7,0
agricultural_supplies,normal,5.15,0,unpaved,fog,2,evening,1.61,1,35,0,30.9,19.1,1
groceries,normal,32.28,1,paved,fog,1,morning,8.49,0,49,1,46.8,87.9,0
agricultural_supplies,low,5.46,1,unpaved,rain,3,morning,1.95,3,51,0,34.4,34.1,1
groceries,high,21.55,1,mixed,rain,5,evening,4.88,0,40,0,43.3,97.7,0
agricultural_supplies,normal,12.98,0,paved,clear,2,afternoon,4.08,1,57,0,27.2,24.2,0
agricultural_supplies,normal,10.51,0,mixed,clear,5,night,8.03,0,57,1,44.9,37.6,0
electronics,normal,1.4,1,paved,rain,5,night,3.58,1,34,0,35.2,10.3,0
agricultural_supplies,low,10.43,1,unpaved,rain,2,evening,9.82,1,38,1,34.2,54.8,0
medicine,high,11.89,0,paved,fog,3,night,6.97,0,21,0,69.2,35.8,0
groceries,low,18.86,1,unpaved,clear,3,evening,2.88,0,84,0,14.7,78.7,1
electronics,low,13.76,1,mixed,clear,3,afternoon,2.94,1,71,0,24.8,48.9,0
groceries,normal,7.37,1,mixed,fog,5,evening,1.26,0,32,0,29.1,39.6,1
documents,normal,16.1,1,paved,clear,5,morning,2.08,0,25,0,48.7,53.0,0
groceries,low,7.04,0,paved,rain,3,morning,3.6,1,75,0,12.4,28.9,0
agricultural_supplies,emergency,5.91,0,paved,clear,3,evening,0.45,0,63,0,61.8,11.6,0
electronics,low,5.39,0,paved,clear,3,evening,7.96,0,46,0,5.8,10.6,0
agricultural_supplies,normal,7.68,1,mixed,storm,4,night,1.04,1,31,0,44.6,54.9,1
groceries,normal,13.48,0,paved,rain,1,morning,1.83,0,36,0,19.2,24.7,0
groceries,normal,5.55,1,unpaved,storm,4,evening,4.2,1,28,0,38.9,43.2,1
documents,low,17.1,1,mixed,clear,1,evening,9.63,1,93,0,19.6,43.5,0
agricultural_supplies,high,16.26,0,paved,rain,2,afternoon,4.68,2,99,0,53.4,50.8,0
clothing,high,4.21,0,unpaved,clear,5,evening,7.22,0,21,0,38.1,26.2,0
clothing,normal,14.44,1,paved,clear,3,evening,1.33,0,90,0,23.0,34.4,0
groceries,low,20.92,1,mixed,clear,2,night,2.15,3,34,0,12.2,61.3,0
groceries,normal,6.28,0,paved,rain,5,night,4.34,1,37,1,33.0,24.3,0
medicine,high,34.85,0,paved,rain,2,afternoon,3.09,3,90,0,71.0,87.4,0
medicine,emergency,13.9,0,paved,clear,1,afternoon,3.27,1,45,0,84.6,30.0,0
documents,low,22.72,1,mixed,rain,5,night,4.8,0,76,0,22.1,106.2,0
groceries,normal,9.12,0,unpaved,clear,2,afternoon,0.65,1,27,1,37.4,25.4,0
agricultural_supplies,normal,27.86,0,paved,rain,3,night,4.63,0,27,1,38.6,76.8,0
electronics,normal,23.25,0,paved,clear,5,evening,7.58,1,44,1,22.4,65.0,0
groceries,normal,4.31,0,mixed,clear,2,evening,3.86,1,68,1,29.8,8.9,0
clothing,low,1.69,0,mixed,clear,3,night,5.63,1,38,0,1.8,5.0,0
documents,emergency,44.7,0,mixed,fog,2,morning,3.4,2,38,0,56.1,169.9,0
groceries,normal,6.64,1,mixed,clear,1,afternoon,1.58,0,20,0,34.7,24.0,0
medicine,high,16.64,1,paved,clear,4,morning,5.63,0,93,0,85.9,40.5,0
groceries,low,8.3,1,mixed,clear,3,evening,7.7,1,95,0,20.5,30.1,0
medicine,low,18.47,0,paved,fog,1,night,4.64,0,63,0,44.6,54.3,0
clothing,normal,2.44,1,paved,rain,5,evening,2.93,0,54,0,33.9,13.9,0
electronics,high,2.4,0,paved,clear,1,morning,2.42,2,91,0,33.4,5.1,0
electronics,low,34.0,1,unpaved,clear,2,evening,6.71,2,67,0,10.1,126.1,0
electronics,high,42.39,0,mixed,clear,1,night,1.08,1,67,0,34.0,107.8,0
electronics,normal,1.9,1,mixed,fog,1,evening,0.79,2,47,1,29.5,9.5,0
agricultural_supplies,low,11.22,1,paved,rain,1,morning,7.59,1,78,0,25.2,36.2,0
medicine,high,7.75,0,unpaved,clear,1,evening,2.0,1,49,0,67.2,22.9,1
groceries,low,8.5,1,paved,clear,4,morning,4.12,2,97,0,18.5,29.7,0
medicine,normal,2.75,0,paved,rain,5,evening,1.9,1,61,0,60.6,8.8,0
electronics,high,18.3,0,paved,fog,4,morning,1.64,3,36,0,39.5,61.0,1
clothing,normal,10.09,1,paved,clear,3,afternoon,3.3,0,70,0,24.7,24.4,0
agricultural_supplies,high,32.82,1,paved,rain,1,night,4.13,0,33,1,61.3,88.1,0
medicine,low,11.9,0,mixed,clear,3,afternoon,3.93,1,35,0,38.7,35.4,0
groceries,emergency,23.18,0,paved,fog,5,night,3.49,0,47,0,49.5,81.7,0
clothing,emergency,7.04,1,mixed,rain,3,night,2.02,0,51,0,60.9,34.8,0
medicine,low,21.73,1,mixed,clear,1,morning,1.19,0,53,0,51.7,52.5,0
groceries,normal,26.93,1,unpaved,rain,2,evening,1.74,1,57,0,44.2,123.9,0
documents,normal,4.96,0,paved,clear,5,afternoon,3.99,0,97,0,29.9,16.9,0
agricultural_supplies,high,18.16,0,paved,clear,2,evening,10.46,1,44,0,48.9,37.0,0
agricultural_supplies,low,11.42,1,unpaved,rain,4,morning,4.13,0,30,0,28.8,69.4,1
groceries,emergency,16.94,0,unpaved,clear,1,evening,1.25,1,35,1,66.6,52.5,0
documents,normal,13.66,1,paved,fog,2,evening,4.43,0,52,0,35.3,43.5,0
clothing,normal,4.83,0,mixed,clear,4,night,0.82,3,80,0,19.5,15.0,0
agricultural_supplies,normal,5.02,1,unpaved,clear,1,morning,2.31,0,86,0,43.4,21.4,1
groceries,high,1.91,0,paved,clear,2,morning,2.84,4,57,0,41.7,5.0,0
electronics,emergency,8.01,1,unpaved,clear,3,evening,2.25,0,49,0,76.7,36.0,0
agricultural_supplies,high,4.37,0,unpaved,clear,3,afternoon,1.2,0,44,0,48.4,23.1,1
clothing,normal,5.81,0,paved,clear,5,afternoon,1.47,0,79,0,21.1,22.4,0
agricultural_supplies,emergency,5.71,1,paved,clear,4,evening,5.0,2,37,0,72.0,21.6,0
documents,low,3.48,0,unpaved,clear,1,afternoon,5.09,2,70,0,12.3,5.0,0
groceries,high,3.04,0,unpaved,clear,2,evening,1.21,1,43,0,40.5,7.1,0
groceries,low,52.19,0,paved,clear,5,evening,8.29,1,56,0,2.3,143.7,0
groceries,low,18.07,0,paved,clear,4,evening,8.06,1,99,0,3.1,42.9,0
medicine,normal,25.75,0,paved,rain,1,evening,4.76,2,36,1,67.8,63.5,0
medicine,normal,2.7,0,mixed,fog,3,morning,5.95,0,71,0,46.4,10.9,0
groceries,high,19.88,0,mixed,storm,3,evening,3.29,0,95,0,34.4,111.6,1
electronics,normal,27.31,1,mixed,rain,4,afternoon,7.08,0,74,1,38.4,117.8,0
medicine,normal,12.89,1,unpaved,clear,3,morning,4.04,2,40,0,69.9,56.9,1
documents,emergency,34.58,0,paved,clear,4,evening,2.5,1,29,1,63.9,92.9,0
agricultural_supplies,emergency,5.24,1,paved,clear,3,afternoon,4.92,1,70,0,76.8,16.9,0
agricultural_supplies,high,15.4,1,unpaved,clear,3,night,1.66,0,60,0,54.2,73.5,0
medicine,high,19.05,0,unpaved,clear,2,morning,5.52,0,68,0,73.9,68.5,0
medicine,normal,7.83,0,mixed,rain,2,evening,1.72,1,30,0,51.3,27.7,0
medicine,normal,20.9,1,unpaved,rain,1,night,2.29,2,20,0,69.5,90.6,1
documents,normal,8.34,0,paved,clear,3,night,2.74,1,90,0,21.4,16.9,0
electronics,normal,1.27,0,mixed,rain,4,afternoon,3.16,5,57,1,25.0,6.6,0
clothing,normal,1.44,1,unpaved,clear,2,night,5.57,0,22,0,29.8,11.1,0
electronics,normal,32.36,0,unpaved,clear,4,morning,1.85,1,59,0,20.4,138.5,1
electronics,high,12.31,0,paved,rain,1,morning,4.3,3,80,0,36.4,28.6,0
groceries,normal,5.96,0,paved,rain,1,afternoon,2.72,2,82,0,16.8,7.4,0
documents,high,62.91,0,paved,clear,1,afternoon,3.96,1,39,0,40.9,117.9,0
medicine,emergency,5.99,0,mixed,clear,1,evening,2.61,2,83,0,90.1,12.9,0
clothing,emergency,30.14,1,paved,clear,5,afternoon,1.04,1,45,1,63.6,92.9,0
agricultural_supplies,normal,1.18,0,paved,rain,1,afternoon,2.52,2,94,0,34.9,5.0,0
agricultural_supplies,emergency,26.15,0,paved,clear,5,evening,6.96,2,82,0,60.7,76.3,0
groceries,normal,5.89,1,unpaved,clear,2,night,11.59,0,86,0,34.4,27.7,1
agricultural_supplies,normal,7.27,0,paved,rain,1,night,2.75,2,31,0,33.6,15.5,0
groceries,high,26.83,1,paved,clear,1,morning,2.85,0,36,0,46.9,60.9,0
medicine,high,11.78,1,mixed,rain,4,afternoon,2.82,0,76,0,75.2,57.2,0
agricultural_supplies,high,12.97,0,unpaved,clear,3,afternoon,2.28,0,31,0,50.8,50.2,1
electronics,high,2.82,0,paved,clear,1,morning,3.68,0,98,0,34.1,8.8,0
groceries,normal,7.31,1,unpaved,clear,2,evening,5.22,1,32,0,39.8,25.5,1
electronics,normal,15.35,0,mixed,rain,4,evening,4.57,1,93,0,23.5,62.0,0
agricultural_supplies,low,12.82,0,mixed,clear,2,night,6.61,0,20,0,16.7,38.3,0
groceries,low,14.51,1,mixed,clear,4,evening,4.74,0,26,0,23.9,53.0,0
electronics,emergency,9.46,0,paved,clear,3,afternoon,2.03,1,65,0,50.4,20.2,0
documents,normal,6.58,1,paved,rain,1,afternoon,3.56,0,48,0,32.1,19.0,0
agricultural_supplies,normal,3.5,0,paved,clear,5,afternoon,1.41,1,83,1,40.1,6.6,0
electronics,normal,7.95,1,unpaved,rain,1,morning,3.49,0,71,0,29.0,37.5,1
electronics,high,8.95,0,paved,fog,4,afternoon,7.69,3,91,0,40.2,33.6,1
electronics,low,32.26,0,paved,rain,3,evening,2.19,1,88,0,10.1,94.4,0
groceries,high,14.38,1,paved,clear,3,evening,4.81,1,47,0,40.7,40.3,0
agricultural_supplies,high,3.85,0,paved,storm,1,morning,3.12,0,96,0,51.7,16.4,0
agricultural_supplies,normal,27.13,1,unpaved,clear,5,afternoon,5.45,0,78,0,44.6,133.6,1
agricultural_supplies,low,8.58,1,unpaved,rain,1,night,2.22,0,29,0,31.9,40.4,0
groceries,low,7.53,0,paved,clear,3,evening,4.9,2,44,0,14.8,13.4,0
groceries,high,7.9,0,mixed,fog,1,afternoon,1.51,0,35,0,37.6,32.5,0
documents,normal,1.86,0,paved,rain,2,afternoon,4.54,0,98,0,11.8,5.0,0
agricultural_supplies,low,14.3,0,paved,rain,5,evening,6.66,2,99,0,33.3,52.4,0
groceries,emergency,13.67,1,mixed,rain,4,night,0.84,1,83,1,70.6,70.6,0
groceries,normal,1.47,0,paved,clear,5,evening,4.36,3,60,0,28.6,8.6,0
clothing,high,4.46,1,mixed,rain,2,night,9.78,2,40,0,55.0,32.4,0
agricultural_supplies,low,5.56,1,unpaved,clear,3,night,0.88,2,93,0,29.1,27.0,0
agricultural_supplies,normal,2.04,0,paved,clear,3,afternoon,0.82,0,89,0,33.1,12.3,0
groceries,high,4.82,1,paved,rain,4,night,1.19,0,88,0,43.4,21.1,0
agricultural_supplies,normal,8.66,1,unpaved,clear,3,evening,4.54,1,20,0,37.9,38.2,1
clothing,normal,1.64,1,paved,clear,3,evening,2.5,0,88,0,21.4,10.0,0
medicine,normal,2.82,1,mixed,clear,4,night,1.09,0,37,0,61.7,20.8,0
groceries,normal,2.52,0,paved,rain,3,afternoon,11.35,0,45,0,29.5,6.4,0
groceries,normal,14.29,0,paved,clear,1,evening,6.96,0,47,0,23.9,20.0,0
medicine,normal,8.59,0,mixed,clear,5,afternoon,2.56,1,77,0,51.5,28.2,0
clothing,normal,24.42,0,paved,fog,2,night,8.4,1,33,0,12.6,67.5,1
clothing,emergency,15.86,1,mixed,clear,1,evening,1.01,1,36,0,66.4,41.3,0
groceries,normal,8.16,0,paved,clear,5,evening,4.33,0,55,0,16.4,24.6,0
documents,low,4.8,1,unpaved,clear,1,morning,3.81,0,99,0,13.0,14.7,1
electronics,emergency,1.92,0,paved,clear,1,evening,3.89,1,50,0,43.9,5.1,0
documents,low,10.49,0,mixed,clear,1,morning,6.14,0,55,0,8.9,27.9,0
groceries,emergency,8.5,1,paved,fog,5,night,5.57,0,61,1,72.0,35.7,1
agricultural_supplies,emergency,15.96,0,paved,rain,1,evening,0.86,3,28,0,63.4,38.3,0
clothing,high,34.08,0,paved,clear,3,night,2.39,2,43,0,40.6,86.4,0
groceries,emergency,34.01,1,mixed,clear,2,afternoon,6.11,2,41,0,68.3,102.1,0
medicine,emergency,6.15,1,paved,rain,1,morning,0.35,1,35,0,98.2,12.7,0
groceries,high,1.36,0,paved,clear,1,night,1.05,1,31,1,43.2,5.0,0
documents,normal,15.42,0,mixed,clear,1,night,1.65,1,78,0,26.7,35.2,0
medicine,high,2.78,1,mixed,clear,4,evening,4.0,2,20,0,91.7,13.7,0
groceries,low,12.75,1,unpaved,clear,1,morning,4.77,0,52,0,21.8,47.3,1
groceries,normal,8.54,1,paved,rain,5,night,0.43,2,52,0,27.9,36.6,0
groceries,normal,24.19,0,paved,clear,1,afternoon,2.5,1,55,0,26.5,45.0,0
agricultural_supplies,normal,8.07,0,paved,clear,4,night,5.29,0,96,0,34.3,17.7,0
agricultural_supplies,low,15.47,0,mixed,clear,4,afternoon,1.36,1,93,0,29.4,62.1,0
medicine,high,4.16,0,paved,fog,4,night,2.0,3,84,0,76.6,16.4,1
medicine,normal,2.03,1,unpaved,fog,1,night,0.97,4,82,1,75.4,21.3,1
groceries,high,12.63,0,paved,clear,5,morning,6.43,0,86,1,45.1,38.4,0
agricultural_supplies,normal,8.82,0,paved,rain,1,evening,2.68,0,66,0,41.8,21.6,0
medicine,high,15.85,0,paved,clear,4,night,4.64,2,65,0,68.7,39.1,0
clothing,normal,35.69,1,mixed,clear,2,afternoon,8.35,2,36,1,34.3,97.6,0
agricultural_supplies,low,4.73,0,paved,clear,3,afternoon,6.87,1,53,1,25.3,10.9,0
medicine,normal,4.49,1,unpaved,rain,5,afternoon,3.34,0,29,0,66.8,35.7,1
clothing,high,2.46,0,paved,rain,3,afternoon,8.36,0,67,0,33.1,9.7,0
clothing,high,10.65,0,unpaved,clear,1,morning,2.43,3,55,1,45.8,39.7,0
groceries,high,5.93,1,unpaved,clear,4,morning,3.25,1,63,0,43.0,32.6,1
groceries,normal,28.32,0,paved,fog,1,afternoon,0.93,0,84,0,27.1,76.6,0
groceries,normal,50.01,0,paved,clear,3,afternoon,0.2,2,29,0,22.0,116.0,0
groceries,high,9.98,0,mixed,clear,2,afternoon,6.52,0,25,1,43.3,37.0,0
medicine,normal,12.44,0,unpaved,clear,2,evening,10.25,1,40,0,62.3,44.0,0
medicine,low,7.8,0,paved,clear,3,night,8.11,0,44,1,44.1,22.8,0
groceries,high,11.26,0,paved,clear,3,afternoon,0.23,1,64,0,38.5,26.9,0
clothing,high,12.36,0,mixed,clear,1,morning,10.59,1,55,0,27.6,28.6,0
medicine,low,5.15,0,paved,clear,3,night,6.4,1,49,1,58.7,14.6,0
clothing,low,69.8,0,paved,clear,1,evening,1.58,1,27,0,13.8,135.3,0
clothing,low,12.44,1,unpaved,clear,4,morning,7.29,1,31,1,24.1,56.5,0
electronics,high,6.07,1,mixed,rain,2,afternoon,4.2,0,55,0,47.9,19.5,0
medicine,high,5.26,0,paved,rain,3,morning,5.51,2,43,0,70.0,25.4,0
electronics,normal,4.49,0,paved,clear,1,night,2.95,1,23,0,24.2,7.2,0
groceries,low,13.65,0,paved,fog,4,afternoon,7.85,2,48,0,0.7,36.1,0
medicine,low,6.04,0,paved,clear,5,morning,2.22,1,47,1,56.0,22.2,0
electronics,low,1.69,1,paved,clear,2,night,2.25,1,25,0,15.8,13.6,0
agricultural_supplies,high,32.6,0,paved,clear,5,morning,3.35,1,31,0,48.0,93.8,0
clothing,high,14.98,0,paved,clear,2,afternoon,2.35,1,59,0,30.5,29.0,0
electronics,high,11.23,0,paved,clear,1,night,6.09,1,89,0,27.9,24.7,0
groceries,high,3.35,0,paved,storm,1,morning,4.44,2,33,0,48.9,11.7,0
agricultural_supplies,emergency,2.35,1,unpaved,storm,3,night,2.23,0,85,0,72.9,19.3,1
agricultural_supplies,normal,14.44,0,paved,clear,1,morning,4.49,1,77,0,38.5,32.7,0
medicine,normal,4.41,1,paved,clear,4,night,5.27,1,53,0,67.7,11.4,0
agricultural_supplies,low,4.6,1,paved,rain,2,afternoon,2.03,0,20,0,33.6,15.6,0
groceries,low,2.55,0,paved,rain,3,afternoon,3.09,3,78,0,7.1,10.9,0
groceries,low,2.87,1,mixed,clear,5,morning,10.78,4,46,1,25.2,5.4,0
groceries,high,13.44,0,paved,clear,5,morning,2.55,0,27,0,27.9,34.1,0
clothing,normal,8.61,0,mixed,clear,1,night,5.64,2,29,0,14.1,17.6,0
clothing,normal,2.93,0,mixed,clear,5,night,2.69,2,30,1,26.8,10.6,0
electronics,normal,11.54,0,paved,clear,2,night,11.75,0,61,0,24.7,19.5,0
groceries,high,10.28,0,paved,clear,5,morning,9.75,1,31,1,49.3,27.8,0
groceries,low,14.82,0,mixed,rain,2,evening,3.85,0,65,0,9.4,54.0,0
groceries,emergency,65.03,0,mixed,clear,4,afternoon,3.85,1,93,0,52.7,216.1,0
documents,high,24.59,0,paved,clear,5,morning,5.56,2,89,0,41.8,69.5,0
clothing,high,40.22,1,paved,rain,5,night,3.25,1,47,0,44.6,149.0,0
groceries,high,1.17,0,paved,rain,3,morning,8.58,1,54,1,51.1,10.4,0
groceries,normal,16.92,1,unpaved,rain,2,afternoon,3.77,1,63,0,25.7,84.4,1
clothing,high,47.49,1,mixed,clear,2,afternoon,6.11,1,52,1,55.8,144.9,0
groceries,normal,6.85,0,paved,clear,2,night,2.0,2,81,0,32.3,13.6,0
electronics,low,37.1,1,paved,clear,2,morning,1.83,2,45,0,12.9,84.7,0
documents,normal,6.17,0,paved,clear,1,evening,5.96,1,71,0,31.2,11.7,0
clothing,normal,27.54,0,paved,fog,2,evening,2.25,1,68,0,17.6,78.9,0
clothing,normal,7.79,0,paved,rain,2,morning,1.63,0,72,1,26.2,19.1,0
medicine,normal,2.72,0,unpaved,clear,3,night,8.0,0,72,0,48.1,10.1,1
groceries,high,1.12,0,paved,storm,3,night,0.91,0,34,0,34.1,8.6,0
electronics,normal,41.94,1,mixed,clear,1,morning,1.74,0,62,0,30.2,115.1,0
agricultural_supplies,normal,11.73,0,mixed,rain,4,afternoon,1.83,2,47,1,35.8,49.4,0
documents,normal,23.5,0,paved,rain,3,afternoon,3.94,0,70,0,30.3,67.2,0
clothing,low,1.85,0,paved,rain,4,evening,0.59,1,86,0,6.7,5.7,0
documents,normal,16.47,0,paved,clear,3,afternoon,3.38,0,91,0,21.0,32.0,0
medicine,normal,5.95,0,paved,storm,2,evening,5.82,0,39,1,70.6,19.9,0
electronics,normal,3.89,0,paved,rain,1,afternoon,1.14,2,33,0,16.4,5.0,0
medicine,normal,14.0,1,unpaved,rain,4,afternoon,0.76,2,61,0,62.8,76.9,1
medicine,normal,3.03,1,mixed,clear,1,evening,4.68,2,57,0,70.8,13.9,0
medicine,normal,69.99,1,mixed,clear,1,evening,2.25,0,65,0,60.8,181.3,0
clothing,high,6.63,1,paved,clear,1,morning,7.53,1,55,0,41.6,16.7,0
medicine,low,4.18,0,paved,rain,5,night,3.63,1,55,0,32.9,9.6,0
electronics,high,14.44,0,unpaved,clear,3,night,7.08,2,63,0,27.5,56.2,1
medicine,normal,9.68,1,paved,clear,3,morning,13.68,1,35,0,62.7,27.3,0
documents,high,9.6,0,paved,clear,3,evening,2.01,1,53,0,44.2,23.5,0
groceries,normal,5.47,1,mixed,rain,2,afternoon,1.86,3,80,0,35.6,29.2,1
electronics,high,5.57,1,paved,rain,1,night,12.08,1,22,0,44.9,17.2,0
documents,emergency,12.18,0,unpaved,clear,4,afternoon,2.97,0,99,0,58.3,47.6,1
clothing,emergency,3.43,1,unpaved,rain,4,afternoon,8.84,1,24,0,54.4,20.9,1
agricultural_supplies,normal,64.7,0,paved,clear,1,evening,1.99,2,53,1,44.7,128.4,0
medicine,emergency,3.34,0,mixed,clear,4,morning,5.81,4,75,0,81.1,7.2,0
groceries,low,9.28,0,paved,clear,1,afternoon,2.14,1,48,0,8.5,16.2,0
groceries,normal,11.54,0,paved,clear,1,morning,2.25,2,77,1,36.0,27.0,0
medicine,normal,1.77,0,mixed,clear,5,night,2.6,0,27,0,53.8,5.3,0
agricultural_supplies,high,25.59,0,paved,clear,4,morning,4.14,3,49,1,57.6,63.4,0
clothing,high,7.56,1,paved,rain,2,afternoon,0.47,1,68,0,41.3,22.1,0
groceries,normal,20.75,0,mixed,rain,1,afternoon,9.36,4,79,1,25.8,58.3,0
groceries,normal,9.88,0,mixed,rain,3,night,2.86,1,91,0,20.0,36.6,0
agricultural_supplies,low,21.62,0,paved,fog,3,night,3.29,2,94,0,15.1,71.7,1
groceries,emergency,3.19,0,paved,rain,2,evening,1.51,0,92,0,50.5,10.7,0
electronics,high,1.44,0,paved,clear,3,evening,2.79,0,69,1,40.9,5.0,0
medicine,low,27.44,1,unpaved,rain,3,morning,1.81,0,63,0,44.8,133.5,1
agricultural_supplies,high,34.24,0,paved,clear,3,evening,7.21,2,47,0,51.0,77.9,0
clothing,low,26.17,0,paved,clear,4,night,11.95,0,74,0,6.3,59.4,0
medicine,low,14.08,0,mixed,clear,3,morning,1.55,2,57,0,39.2,46.8,0
groceries,normal,8.59,0,unpaved,clear,5,morning,5.06,1,44,0,28.4,41.1,0
clothing,high,13.29,0,paved,rain,4,night,10.21,1,60,0,43.1,42.5,0
electronics,normal,11.03,0,mixed,clear,5,night,0.86,1,30,1,39.1,36.2,0
medicine,low,1.55,1,mixed,rain,4,morning,3.77,1,61,0,56.5,12.0,0
agricultural_supplies,high,4.56,0,mixed,clear,3,night,4.1,2,48,0,38.9,14.9,0
clothing,normal,1.96,1,mixed,fog,2,afternoon,0.24,1,82,0,28.5,9.1,1
documents,low,19.66,1,paved,clear,4,evening,2.54,1,41,0,27.2,57.4,0
clothing,emergency,11.89,1,mixed,rain,5,evening,1.95,1,38,0,52.5,55.4,0
agricultural_supplies,normal,15.33,0,paved,rain,3,afternoon,3.36,1,46,0,33.2,44.3,0
groceries,high,20.9,1,unpaved,clear,2,evening,2.05,0,54,0,58.7,78.0,0
groceries,normal,1.86,0,paved,clear,5,night,3.54,3,95,0,18.2,12.2,1
groceries,high,22.44,1,paved,rain,3,evening,1.41,1,47,0,46.4,72.2,0
medicine,normal,1.97,1,unpaved,fog,3,night,4.38,0,35,0,66.6,13.7,1
agricultural_supplies,emergency,1.99,0,paved,clear,2,evening,5.15,0,57,0,65.7,7.2,0
agricultural_supplies,low,42.84,1,mixed,rain,4,night,1.95,0,36,0,35.0,186.2,0
electronics,normal,2.0,0,paved,fog,1,afternoon,2.39,0,73,0,28.9,5.0,0
documents,normal,12.46,0,paved,clear,4,evening,2.74,1,63,0,28.0,30.7,0
agricultural_supplies,normal,27.46,0,unpaved,fog,4,evening,8.97,1,73,0,23.3,158.5,1
electronics,high,10.58,0,unpaved,clear,2,night,1.17,0,25,0,37.9,36.0,0
medicine,high,12.54,1,paved,rain,5,afternoon,1.46,2,77,0,70.0,46.1,0
groceries,normal,4.1,1,unpaved,clear,5,morning,1.12,1,33,0,36.1,22.1,1
groceries,emergency,4.33,1,mixed,clear,2,afternoon,7.53,2,28,0,59.7,16.9,0
medicine,normal,2.83,0,paved,clear,4,morning,3.22,1,80,0,57.0,6.3,0
clothing,normal,6.71,0,paved,clear,3,night,4.2,1,37,1,26.8,12.0,0
electronics,low,15.74,0,unpaved,clear,1,evening,5.73,3,37,0,2.9,43.4,0
agricultural_supplies,high,8.2,0,paved,clear,4,morning,8.15,1,72,0,46.1,16.6,0
groceries,normal,1.84,0,paved,clear,3,afternoon,7.73,1,76,0,20.0,5.0,0
electronics,normal,17.49,1,mixed,clear,2,morning,8.01,1,27,1,37.5,42.2,0
clothing,normal,33.69,0,paved,fog,1,evening,9.16,1,53,0,27.9,84.4,0
electronics,high,35.01,1,unpaved,fog,2,afternoon,11.93,1,93,0,52.5,176.0,1
clothing,low,13.06,1,unpaved,clear,1,evening,2.96,3,45,0,16.4,43.0,0
clothing,normal,6.78,0,paved,rain,5,afternoon,3.76,4,66,0,25.4,25.6,0
documents,high,1.66,1,paved,clear,2,afternoon,4.1,1,35,0,49.6,5.0,0
clothing,normal,6.4,1,paved,rain,5,afternoon,4.62,0,35,0,26.3,28.4,0
medicine,high,2.9,1,paved,rain,1,evening,3.44,1,64,0,81.2,16.5,0
groceries,low,12.27,1,paved,fog,5,morning,1.93,2,35,0,13.9,37.7,1
clothing,normal,8.34,0,paved,clear,2,evening,3.83,0,53,0,10.0,15.2,0
agricultural_supplies,low,4.25,0,mixed,clear,4,night,2.69,2,39,0,19.5,19.4,0
clothing,high,6.76,0,mixed,clear,3,morning,3.25,2,71,0,36.8,22.3,0
agricultural_supplies,normal,5.07,1,unpaved,clear,2,night,4.06,2,29,0,41.3,22.7,1
medicine,normal,12.07,0,paved,fog,1,evening,0.5,1,30,0,56.6,30.1,0
medicine,normal,9.66,1,unpaved,clear,4,morning,1.77,1,73,0,64.2,52.1,1
clothing,high,15.32,0,paved,fog,4,morning,2.58,0,88,0,29.4,51.8,0
groceries,normal,12.83,0,unpaved,rain,3,night,3.96,2,65,0,28.9,66.9,1
groceries,low,43.87,1,mixed,clear,2,morning,2.66,1,72,0,18.8,129.1,0
medicine,low,9.02,1,paved,fog,3,morning,4.19,0,61,1,52.1,27.6,0
clothing,normal,4.73,1,paved,clear,5,evening,1.43,2,86,0,30.3,15.1,1
medicine,high,3.95,0,paved,rain,3,night,3.29,0,76,0,68.6,14.3,0
agricultural_supplies,low,41.73,0,mixed,clear,4,night,0.95,3,55,0,11.3,132.8,0
electronics,low,35.11,1,mixed,fog,4,evening,5.41,1,95,0,17.7,165.2,1
electronics,low,4.65,0,paved,clear,1,night,3.73,3,78,0,0.0,11.7,0
electronics,emergency,6.99,1,mixed,clear,4,night,5.23,1,44,0,62.8,23.5,1
medicine,low,12.29,1,paved,clear,1,afternoon,1.99,0,54,0,54.1,23.8,0
agricultural_supplies,low,1.6,0,mixed,rain,2,morning,1.3,2,88,0,19.0,5.0,0
medicine,high,27.42,1,mixed,fog,1,afternoon,3.58,2,42,1,90.2,96.0,0
medicine,normal,3.95,0,paved,clear,1,morning,0.89,0,98,0,45.3,8.7,0
groceries,normal,3.43,0,unpaved,clear,3,evening,3.29,0,51,1,25.4,16.5,0
medicine,normal,16.62,1,mixed,rain,2,night,1.17,2,96,0,73.5,61.2,0
electronics,normal,9.44,0,paved,clear,5,afternoon,2.6,0,77,1,32.1,28.6,0
groceries,high,23.22,1,unpaved,rain,1,afternoon,5.69,2,77,0,45.0,97.5,1
documents,emergency,30.72,0,paved,fog,4,afternoon,3.73,0,71,0,61.2,104.5,1
groceries,normal,2.03,1,mixed,fog,4,morning,5.95,3,86,1,44.3,7.7,1
medicine,high,5.77,0,paved,fog,4,evening,0.28,1,99,1,73.2,24.1,1
documents,emergency,7.83,0,paved,clear,5,evening,5.28,2,59,0,52.4,27.0,0
groceries,high,21.89,0,paved,rain,4,afternoon,3.19,0,39,0,39.5,74.9,0
agricultural_supplies,low,7.87,0,paved,clear,3,afternoon,1.71,2,35,0,16.4,21.8,0
groceries,low,32.25,0,paved,storm,5,night,9.03,0,97,0,5.6,160.5,1
electronics,low,5.16,1,mixed,clear,4,afternoon,4.84,0,37,1,26.8,21.5,0
documents,normal,9.65,0,paved,clear,5,evening,1.04,2,32,0,26.3,26.1,0
clothing,normal,3.57,1,unpaved,clear,1,morning,3.6,1,96,0,21.5,12.9,1
electronics,normal,2.18,0,paved,rain,5,evening,2.4,2,23,0,16.3,6.2,0
documents,normal,3.49,1,mixed,rain,2,evening,2.21,3,21,0,36.1,21.2,0
groceries,normal,5.31,0,mixed,clear,3,night,3.85,1,89,0,33.7,18.8,0
clothing,low,6.1,0,unpaved,fog,1,afternoon,3.2,1,98,0,0.0,22.6,1
groceries,normal,29.09,0,paved,clear,3,morning,1.18,2,29,1,33.5,74.7,0
groceries,normal,5.71,0,paved,rain,1,night,7.67,1,63,0,26.6,16.3,0
agricultural_supplies,low,2.07,0,paved,clear,3,morning,8.95,1,85,0,14.7,14.1,0
electronics,high,17.69,1,mixed,clear,3,night,5.4,2,25,0,44.8,50.2,0
documents,normal,1.49,0,unpaved,rain,1,evening,12.06,3,20,0,24.5,6.8,0
agricultural_supplies,normal,1.16,1,mixed,clear,5,morning,5.27,1,20,0,46.3,16.3,0
medicine,low,24.13,0,paved,clear,3,night,1.08,2,23,0,43.3,53.3,0
agricultural_supplies,low,29.17,1,unpaved,clear,1,morning,8.93,1,39,0,34.6,93.8,1
groceries,low,45.97,0,unpaved,clear,3,evening,2.72,0,32,0,8.4,180.7,1
medicine,emergency,15.57,1,paved,rain,4,night,5.72,1,28,0,88.3,51.7,0
groceries,normal,29.29,0,paved,clear,4,morning,3.5,4,48,0,28.1,71.4,0
medicine,normal,13.49,0,mixed,fog,4,afternoon,3.03,1,48,0,63.6,55.0,0
electronics,low,7.35,0,paved,fog,3,night,9.03,1,91,0,3.2,22.3,0
documents,normal,28.93,0,paved,clear,1,afternoon,0.37,1,51,0,32.1,51.9,0
groceries,high,8.47,0,mixed,clear,3,morning,3.25,0,41,0,46.5,29.1,0
groceries,low,26.57,1,mixed,rain,3,morning,4.21,2,72,0,26.9,110.5,0
agricultural_supplies,normal,13.31,0,paved,clear,3,night,7.87,0,98,0,36.3,34.3,0
electronics,low,13.35,0,paved,rain,1,night,1.06,2,48,0,5.4,42.0,0
groceries,normal,12.74,0,paved,fog,3,morning,5.63,0,49,0,21.8,42.2,1
groceries,normal,12.85,0,mixed,rain,2,morning,6.6,1,55,0,23.2,37.8,0
groceries,normal,38.62,1,mixed,rain,4,night,1.66,2,77,0,27.7,164.5,1
documents,emergency,41.72,0,mixed,clear,1,evening,5.91,4,38,0,58.6,101.9,0
groceries,normal,15.71,1,unpaved,clear,1,evening,1.17,1,21,0,42.5,54.0,0
groceries,high,4.7,1,paved,rain,3,afternoon,7.35,3,97,0,47.4,18.0,1
agricultural_supplies,normal,32.6,0,mixed,clear,5,morning,3.37,3,82,0,27.7,114.5,0
medicine,high,3.94,0,paved,clear,5,night,4.69,1,24,0,67.1,6.5,0
documents,emergency,2.02,1,unpaved,storm,4,evening,5.21,0,76,0,69.6,22.0,1
documents,emergency,7.82,0,unpaved,rain,5,afternoon,4.46,5,29,0,58.6,49.3,1
groceries,low,9.05,0,mixed,storm,1,night,8.37,0,92,0,12.6,40.1,1
clothing,high,26.21,1,mixed,clear,3,morning,9.09,2,65,0,41.7,82.0,0
medicine,high,10.85,1,paved,clear,3,evening,1.2,1,30,0,75.2,33.7,0
medicine,normal,41.69,1,paved,clear,4,night,5.31,0,74,0,62.3,111.8,0
medicine,normal,12.92,0,mixed,rain,2,morning,2.74,1,93,0,55.2,49.0,0
clothing,normal,18.19,1,unpaved,clear,2,evening,7.58,0,45,0,31.6,73.1,0
groceries,normal,108.51,1,unpaved,clear,3,afternoon,3.57,2,28,0,29.3,430.0,1
medicine,normal,7.36,1,unpaved,rain,3,morning,10.01,2,85,1,72.4,37.5,1
documents,low,13.25,1,paved,clear,5,morning,3.22,0,39,0,18.8,41.4,0
agricultural_supplies,high,18.44,0,paved,clear,3,night,5.9,1,63,0,43.2,48.5,0
clothing,normal,1.01,1,mixed,clear,3,morning,6.03,2,32,0,24.7,7.9,0
agricultural_supplies,high,13.5,1,unpaved,clear,2,evening,6.42,1,91,0,54.0,55.4,1
agricultural_supplies,normal,1.97,0,paved,clear,5,evening,2.04,0,23,0,32.0,7.6,0
clothing,low,1.02,1,unpaved,fog,5,evening,5.23,1,61,0,15.8,15.9,1
documents,low,11.04,1,paved,clear,4,night,1.3,2,23,0,13.2,33.5,0
clothing,high,2.17,1,unpaved,clear,2,night,8.5,2,97,0,45.0,15.4,1
medicine,high,2.78,0,paved,clear,4,night,5.76,0,99,0,68.2,13.0,0
groceries,emergency,7.66,0,paved,fog,5,evening,5.86,1,61,0,59.0,29.2,1
documents,normal,50.09,0,paved,rain,5,afternoon,7.41,1,46,0,23.4,165.9,0
clothing,normal,1.13,1,unpaved,fog,5,evening,3.55,1,34,0,33.7,14.1,1
medicine,low,14.47,0,paved,clear,3,evening,1.11,0,55,0,42.3,34.8,0
groceries,normal,9.86,0,unpaved,clear,3,evening,0.71,5,36,0,14.4,40.3,1
electronics,low,1.27,0,mixed,clear,4,afternoon,1.39,1,63,1,7.6,7.1,0
agricultural_supplies,normal,12.8,0,paved,fog,2,afternoon,3.39,0,53,0,26.4,36.6,0
groceries,normal,10.95,1,unpaved,clear,4,morning,8.16,2,77,0,33.8,60.7,0
clothing,high,2.85,0,unpaved,clear,1,morning,7.44,0,92,0,37.8,14.2,0
documents,low,4.2,0,paved,fog,5,morning,9.3,1,25,0,13.4,10.5,0
agricultural_supplies,emergency,19.76,0,mixed,clear,3,evening,0.49,0,36,0,67.7,58.0,0
documents,normal,16.96,0,paved,clear,3,morning,6.39,2,65,0,27.0,40.2,0
medicine,low,35.87,0,paved,clear,5,morning,4.6,5,20,0,45.8,91.9,0
medicine,normal,5.04,0,paved,fog,5,morning,4.99,4,42,0,58.3,12.0,0
medicine,high,21.14,0,paved,clear,1,night,2.03,1,60,0,75.0,36.9,0
documents,normal,25.36,1,unpaved,clear,2,morning,3.42,2,27,1,51.7,98.4,0
groceries,high,9.32,0,unpaved,rain,1,night,7.57,1,48,0,37.9,40.3,0
medicine,high,24.23,1,mixed,clear,4,afternoon,3.57,3,47,0,77.8,84.7,0
electronics,normal,3.13,0,paved,clear,4,night,4.31,1,25,0,10.7,5.0,0
medicine,low,4.47,0,paved,rain,3,evening,4.43,1,96,0,46.1,7.0,0
medicine,normal,10.42,1,mixed,fog,2,evening,4.32,3,53,0,59.8,44.9,1
groceries,normal,30.26,0,paved,clear,2,morning,5.01,2,31,0,23.9,64.9,0
documents,normal,14.72,1,mixed,clear,5,night,4.35,2,63,0,37.7,55.3,0
agricultural_supplies,emergency,1.7,0,mixed,rain,3,afternoon,3.63,1,29,1,66.4,7.1,0
groceries,high,17.89,0,paved,storm,5,night,1.05,2,62,1,54.0,82.6,0
medicine,normal,16.4,1,mixed,clear,4,morning,2.97,2,51,0,59.0,56.4,0
agricultural_supplies,normal,2.09,1,mixed,fog,5,night,10.56,2,96,0,37.2,16.0,1
agricultural_supplies,emergency,14.07,0,paved,rain,3,morning,0.82,0,86,0,69.8,38.1,0
groceries,high,20.22,1,unpaved,clear,3,evening,1.14,0,24,0,53.4,90.4,0
documents,normal,7.27,0,paved,clear,1,evening,2.88,0,32,0,25.5,17.6,0
groceries,high,7.75,1,unpaved,clear,2,evening,3.77,1,29,1,58.3,32.9,1
clothing,normal,2.6,0,mixed,storm,2,night,0.63,1,28,0,18.5,11.9,0
medicine,high,14.8,0,mixed,clear,4,evening,2.67,3,88,0,65.5,51.4,1
groceries,normal,14.86,0,paved,rain,5,night,6.9,1,33,0,19.1,49.5,0
groceries,low,1.3,1,mixed,clear,2,night,3.31,1,66,0,16.9,5.0,0
medicine,low,11.28,0,paved,clear,1,morning,6.0,0,32,0,28.5,28.9,0
agricultural_supplies,high,43.48,1,mixed,clear,5,night,5.34,1,81,0,63.7,156.1,0
groceries,normal,2.27,1,unpaved,storm,2,evening,1.09,0,50,0,35.0,10.1,1
medicine,normal,4.86,0,paved,clear,1,night,0.76,2,77,0,67.3,11.9,0
groceries,normal,3.5,0,paved,rain,1,evening,5.58,1,28,0,22.0,18.3,0
electronics,normal,18.93,1,unpaved,rain,1,evening,5.09,2,97,0,33.5,81.4,1
groceries,normal,43.65,0,paved,clear,3,evening,4.87,5,48,0,26.1,101.4,0
electronics,low,2.06,0,paved,clear,5,afternoon,1.84,1,94,1,17.7,9.3,0
clothing,normal,15.65,0,paved,clear,1,evening,0.32,0,57,0,22.9,33.6,0
electronics,emergency,17.52,0,mixed,clear,3,night,1.13,2,80,0,54.5,47.1,0
agricultural_supplies,high,40.58,0,paved,clear,3,night,3.45,1,83,0,48.1,91.0,0
medicine,normal,6.88,0,mixed,clear,4,night,2.76,2,34,1,61.2,20.3,0
electronics,normal,4.97,1,paved,clear,4,morning,4.21,0,58,0,30.1,13.3,0
electronics,high,11.86,0,mixed,fog,5,afternoon,4.52,2,54,0,39.9,51.4,0
agricultural_supplies,normal,25.39,1,mixed,clear,5,morning,7.4,2,98,0,46.7,94.3,1
groceries,emergency,11.26,1,paved,clear,5,morning,2.5,0,31,0,60.8,38.0,0
agricultural_supplies,normal,12.97,1,paved,rain,3,evening,1.4,2,25,0,39.2,38.2,0
clothing,normal,6.84,0,paved,clear,3,night,1.1,0,21,0,20.8,13.9,0
clothing,normal,1.75,0,mixed,clear,1,evening,5.5,1,60,0,25.4,7.6,0
agricultural_supplies,emergency,44.42,1,paved,rain,2,evening,7.04,2,35,0,73.7,119.2,0
medicine,normal,15.15,0,paved,clear,5,evening,4.28,3,98,0,51.7,59.5,1
agricultural_supplies,normal,12.99,0,paved,clear,1,morning,6.09,1,45,0,36.7,26.3,0
agricultural_supplies,emergency,5.28,0,unpaved,fog,4,morning,8.78,0,58,0,69.9,26.7,1
groceries,high,1.88,0,paved,clear,1,afternoon,7.08,2,87,0,34.5,8.0,0
electronics,high,13.67,1,mixed,clear,1,evening,4.67,0,27,0,53.2,35.2,0
agricultural_supplies,normal,13.38,0,paved,clear,5,afternoon,4.03,0,29,1,39.3,32.5,0
documents,normal,4.2,0,paved,rain,5,morning,4.05,2,43,0,29.0,16.5,0
electronics,emergency,13.13,0,unpaved,clear,4,night,6.32,1,53,0,56.0,54.8,1
groceries,high,45.89,0,mixed,rain,4,night,1.85,0,92,1,41.7,193.9,0
groceries,low,2.51,1,mixed,clear,1,night,5.24,3,91,0,16.8,13.3,0
agricultural_supplies,normal,4.52,1,unpaved,clear,2,afternoon,1.36,3,70,0,38.3,14.6,1
documents,high,4.84,0,paved,rain,5,morning,7.54,4,40,0,44.4,19.0,0
documents,normal,3.04,1,unpaved,storm,3,night,8.22,4,82,0,43.3,27.3,1
groceries,emergency,6.34,0,unpaved,rain,1,evening,1.63,1,77,1,56.9,22.0,0
electronics,normal,3.96,1,mixed,clear,3,afternoon,2.22,1,26,0,29.2,17.8,0
medicine,low,34.93,1,paved,clear,5,night,4.38,1,25,0,48.9,95.4,0
groceries,low,6.08,1,paved,clear,2,afternoon,3.99,2,25,0,12.6,13.8,0
groceries,emergency,11.27,1,paved,clear,4,night,0.77,0,35,0,62.6,33.1,0
agricultural_supplies,low,37.61,1,paved,clear,1,night,9.25,1,64,0,34.0,74.9,0
groceries,normal,7.81,0,mixed,clear,4,night,1.45,1,99,0,16.4,30.6,0
groceries,normal,5.42,1,unpaved,clear,2,evening,0.41,0,20,0,33.1,19.9,1
clothing,normal,12.7,0,paved,clear,1,night,3.98,1,83,0,21.5,23.2,0
groceries,low,3.68,0,paved,rain,3,evening,3.2,1,42,0,7.7,15.3,0
groceries,high,19.45,0,mixed,clear,5,afternoon,6.27,2,28,1,47.2,69.8,0
agricultural_supplies,normal,1.35,0,paved,clear,1,afternoon,1.1,3,97,0,36.3,5.0,0
electronics,normal,3.77,0,paved,clear,4,night,3.27,2,20,0,28.0,11.4,0
medicine,normal,7.32,1,unpaved,rain,2,morning,16.69,1,75,0,71.5,45.7,0
groceries,normal,15.94,0,paved,clear,5,evening,7.83,1,33,0,17.3,41.0,0
groceries,normal,24.62,0,paved,storm,4,afternoon,3.02,0,74,0,25.7,112.4,0
clothing,normal,15.51,0,paved,rain,5,morning,3.26,3,28,0,18.8,54.7,0
agricultural_supplies,normal,15.2,0,paved,fog,3,evening,2.09,2,79,1,42.5,51.4,0
medicine,normal,6.19,0,paved,clear,5,evening,6.33,1,92,0,62.5,20.4,0
documents,low,2.57,0,paved,clear,1,morning,11.82,2,94,0,13.3,5.0,0
medicine,normal,1.49,0,paved,clear,2,evening,3.82,1,23,0,46.1,6.8,0
documents,normal,28.58,0,paved,fog,1,evening,2.35,0,81,0,22.1,76.0,0
groceries,low,7.69,0,paved,clear,2,morning,1.19,1,51,0,2.4,17.7,0
groceries,low,25.71,1,paved,fog,4,evening,3.35,1,25,0,21.2,94.7,1
electronics,high,38.71,1,mixed,clear,5,evening,1.78,1,84,0,33.9,137.6,0
groceries,low,4.93,0,mixed,clear,2,night,1.49,2,86,0,6.6,14.6,0
medicine,high,60.48,0,paved,rain,1,night,4.86,0,62,0,66.6,146.9,0
medicine,high,12.48,0,unpaved,rain,2,evening,8.62,2,32,0,64.9,42.4,0
groceries,high,2.26,0,paved,clear,2,morning,2.57,1,34,0,39.0,7.7,0
groceries,emergency,19.68,0,mixed,clear,2,evening,0.66,2,40,0,58.5,52.4,0
agricultural_supplies,normal,71.01,1,mixed,rain,2,night,1.47,0,61,0,51.7,238.6,0
agricultural_supplies,high,4.91,0,paved,fog,4,morning,6.67,2,69,0,47.7,16.1,0
groceries,emergency,5.35,1,paved,clear,1,night,4.42,2,49,0,62.5,13.9,0
clothing,high,27.21,0,mixed,clear,1,afternoon,4.09,1,62,0,38.4,68.8,0
groceries,normal,38.96,0,paved,clear,5,night,1.68,4,73,0,11.4,105.6,0
medicine,emergency,39.52,0,mixed,rain,2,afternoon,3.93,2,52,0,85.0,139.8,0
medicine,normal,2.3,0,paved,fog,1,afternoon,8.86,0,92,0,53.8,5.0,0
agricultural_supplies,normal,15.9,0,paved,clear,1,evening,7.53,0,61,0,28.5,30.3,0
medicine,high,5.52,0,paved,rain,4,night,5.29,0,46,0,70.4,20.6,0
medicine,normal,8.88,0,unpaved,fog,5,afternoon,6.78,0,40,0,52.8,52.6,1
electronics,low,18.29,0,unpaved,clear,1,evening,2.01,1,46,1,20.9,60.9,0
clothing,high,11.2,0,mixed,clear,1,afternoon,4.55,2,75,0,33.6,27.7,0
medicine,low,13.77,0,paved,fog,5,evening,4.71,0,27,0,38.9,51.6,1
medicine,normal,2.88,0,paved,rain,3,night,3.25,1,91,0,51.5,10.0,0
groceries,normal,11.54,0,unpaved,rain,4,afternoon,2.73,0,83,0,17.3,64.8,1
groceries,low,8.99,0,paved,clear,4,evening,4.5,1,90,0,7.5,23.1,0
medicine,low,19.35,0,paved,clear,2,afternoon,1.49,1,90,1,56.0,45.6,0
groceries,normal,10.92,1,mixed,clear,2,night,3.77,1,65,0,31.6,38.5,0
agricultural_supplies,low,2.99,0,paved,fog,4,afternoon,1.81,0,50,0,26.3,8.3,1
documents,normal,7.93,1,mixed,rain,5,morning,5.25,0,92,0,44.3,38.6,0
medicine,normal,24.87,0,paved,clear,1,evening,4.81,1,87,1,64.7,42.6,0
groceries,emergency,8.32,0,paved,clear,4,morning,1.26,1,43,0,52.3,23.7,0
groceries,high,1.13,0,paved,rain,1,night,7.1,1,68,0,37.4,5.0,0
medicine,low,10.27,0,paved,clear,2,morning,4.51,3,30,0,40.0,21.3,1
groceries,normal,11.71,1,paved,clear,2,afternoon,1.98,3,31,1,37.9,26.0,0
groceries,normal,9.81,0,unpaved,rain,3,evening,1.12,1,30,0,18.1,47.3,0
agricultural_supplies,emergency,9.01,1,mixed,rain,2,morning,5.05,2,48,0,73.0,39.8,0
groceries,low,4.18,1,unpaved,rain,5,morning,1.39,1,87,0,12.5,33.3,1
agricultural_supplies,emergency,22.87,0,paved,rain,5,morning,1.86,1,22,0,59.0,79.7,0
groceries,high,14.31,1,paved,clear,1,morning,2.06,0,70,0,40.1,35.2,0
clothing,emergency,3.22,1,paved,clear,5,morning,6.97,1,29,0,57.3,14.0,0
documents,low,13.18,0,paved,storm,5,night,4.09,2,56,1,20.6,69.8,0
agricultural_supplies,low,6.38,0,mixed,clear,5,evening,2.42,0,80,0,10.8,18.9,0
electronics,normal,31.35,1,unpaved,clear,3,evening,4.25,1,35,0,22.5,132.9,1
agricultural_supplies,emergency,4.16,0,paved,clear,5,afternoon,2.17,1,86,0,64.5,16.3,0
agricultural_supplies,high,18.44,0,paved,fog,5,evening,5.44,3,97,1,52.0,63.2,1
documents,low,10.83,1,mixed,rain,2,morning,5.05,2,64,0,22.5,46.2,0
medicine,normal,4.72,0,mixed,rain,2,afternoon,2.12,1,61,0,51.2,17.4,0
groceries,normal,12.52,1,mixed,clear,5,evening,12.57,1,47,1,34.0,51.4,0
agricultural_supplies,high,27.29,0,paved,rain,1,morning,4.29,1,66,1,57.8,64.6,0
groceries,normal,36.1,0,paved,clear,1,night,2.13,1,96,0,22.4,65.6,0
groceries,high,19.12,1,mixed,clear,1,afternoon,5.16,0,57,1,59.3,50.2,0
clothing,low,28.08,0,paved,clear,1,afternoon,2.24,3,45,0,4.7,54.9,0
electronics,high,1.1,1,paved,clear,3,evening,1.25,1,91,0,49.8,12.3,0
agricultural_supplies,high,1.08,1,mixed,clear,5,afternoon,2.5,3,55,0,61.2,5.0,0
groceries,low,12.48,0,paved,clear,4,night,3.75,2,85,0,6.8,32.4,0
electronics,normal,52.62,1,mixed,clear,1,morning,7.93,2,39,0,29.2,135.4,0
agricultural_supplies,normal,12.65,0,paved,clear,1,evening,0.58,0,80,0,33.6,25.1,0
groceries,emergency,9.74,1,paved,storm,2,night,2.76,2,64,0,66.6,39.6,1
medicine,normal,8.53,1,mixed,clear,5,evening,2.57,2,27,1,81.8,35.2,0
agricultural_supplies,emergency,8.67,1,unpaved,clear,5,evening,1.12,0,98,0,76.5,44.1,1
clothing,high,5.18,0,mixed,clear,5,morning,1.18,1,40,0,36.3,18.0,0
electronics,normal,11.88,1,mixed,rain,4,afternoon,0.97,0,40,0,38.1,58.9,0
agricultural_supplies,normal,10.3,0,paved,clear,1,evening,4.31,1,81,0,32.0,17.5,0
groceries,low,1.23,1,unpaved,rain,3,evening,5.32,1,40,0,15.4,7.7,0
groceries,low,4.09,0,paved,rain,3,night,3.88,1,81,0,3.8,9.2,0
groceries,low,55.28,0,paved,rain,3,afternoon,1.66,1,79,0,16.3,163.6,0
medicine,normal,4.61,1,unpaved,clear,3,night,2.77,0,81,0,69.1,27.9,1
electronics,emergency,9.83,1,unpaved,clear,5,morning,4.4,1,46,0,54.9,55.0,1
documents,low,10.12,0,mixed,rain,3,morning,11.24,1,54,0,8.0,48.5,0
groceries,high,2.75,1,mixed,clear,5,morning,4.79,1,31,0,53.6,12.4,0
agricultural_supplies,low,15.42,0,unpaved,fog,4,evening,4.91,0,64,0,19.0,88.3,1
documents,normal,4.96,1,mixed,clear,3,evening,3.16,0,92,0,49.1,19.6,0
groceries,normal,14.42,0,paved,clear,1,night,1.17,3,84,0,17.5,29.4,0
clothing,emergency,7.58,1,paved,storm,4,morning,1.07,1,45,0,53.2,47.1,0
agricultural_supplies,emergency,9.02,0,paved,clear,3,morning,0.63,1,54,0,56.5,13.8,0
groceries,high,17.26,1,unpaved,rain,5,afternoon,1.83,2,82,0,47.8,107.8,0
medicine,normal,13.77,1,paved,rain,1,evening,3.45,1,57,0,62.2,36.9,0
agricultural_supplies,emergency,1.68,0,paved,fog,1,afternoon,10.89,0,34,0,71.0,6.8,0
groceries,high,2.86,0,paved,storm,1,afternoon,6.17,0,78,0,36.3,16.9,1
medicine,high,8.51,0,paved,clear,2,evening,1.17,1,67,0,73.9,16.4,0
groceries,normal,23.63,0,mixed,rain,2,morning,5.89,0,94,0,22.5,76.7,0
agricultural_supplies,high,24.38,1,paved,clear,3,evening,0.72,0,76,1,67.2,65.2,0
clothing,emergency,3.53,0,mixed,fog,2,afternoon,3.29,3,20,0,48.3,13.5,0
agricultural_supplies,low,7.47,0,paved,clear,2,afternoon,3.38,2,37,0,24.2,8.8,0
electronics,normal,12.52,1,mixed,clear,4,morning,3.94,0,72,0,40.6,45.8,0
electronics,normal,3.71,1,paved,clear,5,evening,2.68,1,32,0,24.1,20.1,0
agricultural_supplies,high,6.56,0,paved,fog,2,morning,2.65,0,32,0,41.2,16.6,0
groceries,normal,25.37,1,paved,clear,2,afternoon,0.93,1,64,0,22.3,69.3,0
agricultural_supplies,high,35.62,0,unpaved,rain,2,morning,2.38,1,44,0,50.6,162.4,0
medicine,normal,6.37,0,mixed,clear,4,morning,2.12,0,77,0,57.5,26.0,0
agricultural_supplies,low,34.59,0,paved,rain,5,morning,1.93,1,63,0,18.1,120.4,0
clothing,high,7.83,0,mixed,clear,2,morning,7.5,0,87,0,31.2,27.0,0
groceries,high,8.9,1,mixed,rain,2,night,2.55,2,45,0,53.2,40.5,0
clothing,low,42.57,0,paved,clear,4,night,0.94,1,72,0,7.2,102.0,0
agricultural_supplies,normal,5.83,0,paved,rain,4,morning,8.36,0,44,0,29.5,24.2,0
documents,emergency,28.55,0,mixed,storm,5,afternoon,5.4,1,77,0,49.0,184.3,0
agricultural_supplies,low,29.73,0,paved,clear,2,morning,8.42,2,94,0,20.1,63.7,0
medicine,emergency,9.06,1,mixed,rain,4,afternoon,2.17,1,94,1,100.0,39.9,0
clothing,low,34.52,0,paved,clear,4,evening,2.93,2,99,0,3.1,90.7,0
agricultural_supplies,high,42.01,0,unpaved,clear,4,afternoon,2.31,2,32,0,46.3,175.5,1
clothing,high,21.62,1,unpaved,clear,2,night,3.77,1,82,1,55.5,81.7,0
groceries,high,29.14,0,paved,rain,2,evening,12.97,0,79,0,40.1,79.6,0
documents,high,43.27,0,mixed,rain,4,night,5.23,0,40,1,56.2,173.0,0
agricultural_supplies,normal,21.31,0,paved,clear,3,evening,4.37,1,57,0,39.0,51.7,0
documents,high,13.78,0,paved,storm,5,night,1.04,1,63,0,40.5,66.2,0
clothing,high,19.27,0,paved,clear,2,afternoon,6.06,3,43,0,27.5,42.4,0
agricultural_supplies,low,3.83,0,paved,clear,4,night,8.63,3,23,0,16.4,11.4,0
agricultural_supplies,high,34.84,0,paved,clear,3,evening,2.97,3,21,0,39.2,82.7,0
agricultural_supplies,low,2.49,1,mixed,clear,4,night,3.19,0,50,0,28.9,15.2,0
groceries,normal,4.85,0,paved,clear,4,afternoon,1.7,2,54,0,25.9,15.6,0
documents,normal,19.15,0,mixed,rain,1,afternoon,10.74,0,53,0,30.7,64.0,0
agricultural_supplies,normal,5.27,1,unpaved,clear,1,night,7.92,1,91,0,49.0,17.8,1
groceries,high,2.73,0,paved,clear,3,morning,4.97,1,24,1,49.4,5.0,0
groceries,normal,24.15,1,paved,clear,5,afternoon,3.08,3,55,0,30.1,73.0,0
medicine,high,17.05,0,paved,clear,3,night,3.79,1,76,0,67.2,42.7,0
groceries,low,3.09,0,unpaved,fog,2,afternoon,2.94,2,46,0,12.9,18.7,1
groceries,low,4.43,0,paved,fog,1,evening,3.5,2,74,0,0.5,9.5,0
medicine,normal,2.77,0,paved,clear,4,morning,10.74,0,29,1,67.8,5.0,0
medicine,normal,3.04,0,mixed,fog,4,morning,13.04,2,94,1,63.6,13.8,1
medicine,low,10.44,0,paved,clear,5,evening,6.48,1,47,0,38.1,29.6,0
groceries,normal,6.23,0,paved,clear,1,morning,2.01,3,78,0,30.9,19.9,0
documents,normal,9.39,0,paved,rain,5,night,0.44,0,68,0,25.4,32.4,0
groceries,normal,59.24,0,paved,clear,1,night,6.47,0,35,0,24.2,112.0,0
documents,high,12.81,1,mixed,clear,2,morning,4.12,1,41,0,43.9,45.3,0
groceries,low,12.9,0,paved,clear,1,night,7.47,2,73,0,13.8,25.7,0
groceries,normal,6.07,0,paved,clear,1,afternoon,8.2,4,62,0,18.0,14.9,0
documents,emergency,1.04,0,paved,fog,1,evening,5.99,0,47,0,62.9,11.5,1
agricultural_supplies,normal,4.0,1,mixed,clear,1,night,2.69,0,87,0,42.1,13.3,0
medicine,normal,14.06,0,paved,clear,5,morning,6.27,1,29,0,56.4,31.8,0
clothing,normal,24.66,1,paved,clear,2,afternoon,5.56,1,78,0,17.6,55.8,0
medicine,high,18.72,0,paved,clear,2,afternoon,5.69,1,25,0,67.1,39.0,0
groceries,high,7.92,0,paved,rain,5,evening,4.76,1,32,0,37.4,29.8,0
groceries,low,30.56,1,paved,clear,2,afternoon,3.69,0,32,0,8.9,71.4,0
electronics,low,5.1,0,paved,fog,3,morning,0.9,1,56,0,4.5,10.8,0
groceries,emergency,72.32,1,unpaved,rain,5,evening,2.54,1,58,0,64.0,429.1,1
agricultural_supplies,normal,5.69,0,paved,clear,1,afternoon,1.59,1,29,0,37.0,19.5,0
groceries,normal,25.59,0,paved,storm,3,evening,2.6,0,26,1,35.1,109.8,0
agricultural_supplies,low,14.28,0,paved,clear,3,night,1.04,1,21,0,20.9,33.2,0
documents,low,1.38,0,unpaved,clear,2,evening,1.12,0,66,1,24.1,11.9,0
groceries,low,15.06,1,unpaved,clear,1,afternoon,16.54,0,34,0,10.2,53.6,0
documents,normal,6.48,0,paved,rain,4,evening,1.08,2,58,0,22.9,24.5,0
agricultural_supplies,normal,4.01,0,mixed,rain,4,morning,6.8,2,24,0,29.8,16.0,0
clothing,low,32.7,0,paved,clear,3,afternoon,2.42,1,88,1,12.8,78.6,0
groceries,high,8.39,0,paved,clear,5,afternoon,8.3,1,93,0,37.9,21.1,0
groceries,normal,4.06,0,unpaved,rain,2,evening,2.46,0,70,0,34.1,19.3,0
electronics,high,2.89,0,paved,clear,2,night,2.87,1,39,0,36.0,5.0,0
medicine,low,11.67,0,paved,clear,4,morning,0.48,2,62,1,56.3,29.3,0
documents,normal,42.18,0,mixed,clear,5,afternoon,2.53,0,53,1,37.6,150.0,0
groceries,high,2.51,0,paved,clear,3,night,6.0,3,58,0,39.1,5.0,0
groceries,emergency,4.3,1,unpaved,clear,4,evening,5.21,1,38,1,78.4,32.5,1
medicine,normal,4.92,0,paved,clear,3,night,1.66,0,57,0,64.2,10.7,0
clothing,low,17.11,0,paved,clear,2,night,6.1,0,78,0,0.0,38.5,0
agricultural_supplies,high,2.35,0,mixed,clear,5,night,4.84,0,64,0,50.7,5.7,0
electronics,emergency,19.18,1,paved,clear,4,morning,5.7,1,76,0,52.2,53.5,0
groceries,low,2.9,1,unpaved,rain,3,night,4.03,0,54,0,23.7,18.3,1
documents,low,15.88,0,paved,clear,3,afternoon,1.66,4,41,1,20.8,30.6,0
agricultural_supplies,normal,16.59,1,mixed,clear,1,evening,2.7,1,61,0,29.9,49.2,0
documents,normal,13.86,1,mixed,clear,2,evening,5.8,1,93,0,39.2,43.1,0
groceries,high,22.98,0,paved,rain,2,afternoon,0.54,2,35,1,41.8,61.6,0
electronics,normal,7.26,1,paved,clear,3,evening,0.79,2,88,0,29.2,19.4,0
medicine,low,3.69,0,unpaved,clear,4,evening,2.6,2,65,1,39.9,16.3,0
electronics,high,5.35,1,mixed,rain,4,evening,0.38,4,87,0,41.8,30.6,0
medicine,normal,10.23,1,mixed,rain,2,morning,3.16,2,59,0,73.9,50.9,0
groceries,normal,28.67,0,mixed,fog,1,evening,3.19,1,68,1,26.4,94.9,0
documents,low,5.8,1,unpaved,clear,2,afternoon,3.22,1,86,0,23.7,30.7,1
groceries,normal,3.16,0,paved,clear,1,afternoon,0.98,2,85,0,14.5,5.0,0
groceries,normal,13.77,1,paved,clear,1,night,3.67,3,32,0,47.5,34.3,0
groceries,low,20.39,0,paved,clear,2,morning,2.69,2,44,0,8.7,45.3,0
medicine,normal,12.99,0,paved,fog,1,evening,9.88,3,42,0,56.0,28.5,1
groceries,low,12.83,1,mixed,clear,2,evening,7.3,5,51,0,20.2,41.0,0
groceries,high,15.34,1,mixed,clear,1,morning,1.85,1,50,0,48.4,44.5,0
groceries,low,13.71,0,unpaved,rain,2,night,7.31,1,23,1,10.4,59.2,0
clothing,normal,3.67,0,mixed,rain,3,evening,3.23,2,39,1,21.2,13.5,0
documents,normal,4.74,0,unpaved,rain,5,afternoon,7.73,3,94,0,28.3,24.6,1
agricultural_supplies,normal,11.03,0,paved,clear,3,evening,1.75,1,28,0,30.9,31.0,0
groceries,normal,4.04,0,paved,clear,5,afternoon,8.07,2,26,0,24.1,9.3,1
groceries,normal,11.16,1,paved,rain,5,afternoon,3.69,1,76,0,36.6,39.9,0
groceries,normal,16.95,0,paved,rain,1,afternoon,10.63,4,35,0,21.7,35.9,0
groceries,high,5.74,0,unpaved,rain,1,night,1.9,1,81,0,36.1,24.8,0
electronics,normal,16.94,0,paved,rain,4,morning,2.9,0,39,0,27.9,51.0,0
medicine,high,18.87,1,mixed,fog,4,night,4.56,1,63,0,75.7,86.1,0
groceries,high,43.82,0,paved,clear,3,morning,8.09,1,81,0,38.2,102.2,0
medicine,high,13.4,0,unpaved,clear,1,night,2.05,0,62,0,68.0,44.5,0
medicine,low,7.05,0,paved,clear,4,night,1.58,1,88,0,41.3,14.0,0
groceries,high,5.42,0,paved,rain,2,night,2.29,3,59,0,38.4,9.9,1
agricultural_supplies,emergency,26.27,0,paved,clear,1,afternoon,5.38,1,32,0,66.2,48.4,0
clothing,high,18.22,1,paved,clear,5,morning,0.9,0,85,0,34.6,61.1,0
agricultural_supplies,emergency,6.13,0,paved,rain,1,morning,1.43,3,73,0,57.0,16.4,0
clothing,low,7.84,0,mixed,clear,5,night,11.91,1,69,0,9.1,28.5,0
groceries,low,29.76,1,unpaved,clear,1,afternoon,1.8,3,74,0,17.3,105.4,0
clothing,high,8.56,0,mixed,fog,3,evening,2.01,1,94,0,28.4,39.7,1
medicine,low,3.73,0,paved,rain,3,night,2.0,0,27,0,38.5,9.8,0
clothing,low,1.72,0,mixed,clear,2,morning,3.07,1,52,0,2.4,10.1,0
electronics,normal,3.83,0,mixed,clear,3,night,4.96,3,93,0,21.7,18.9,0
agricultural_supplies,normal,11.45,1,paved,clear,5,morning,9.14,0,96,1,46.9,40.8,0
groceries,normal,8.21,1,mixed,clear,2,night,5.28,0,33,0,26.9,21.8,0
electronics,normal,3.18,0,paved,storm,5,night,7.35,0,91,1,34.9,14.1,1
electronics,normal,1.9,0,mixed,clear,2,afternoon,8.82,1,22,0,23.6,5.0,0
clothing,normal,30.21,0,paved,clear,5,morning,4.7,1,91,0,15.7,80.8,0
groceries,normal,2.24,1,paved,fog,5,morning,4.84,0,64,0,29.8,15.6,1
agricultural_supplies,high,39.53,0,paved,clear,2,evening,9.88,1,43,0,48.5,83.1,0
electronics,high,7.73,0,mixed,clear,1,afternoon,6.62,0,47,0,38.1,23.3,0
agricultural_supplies,high,12.65,0,paved,clear,2,evening,4.75,0,24,0,44.9,30.7,0
electronics,high,7.39,0,paved,clear,4,night,2.43,1,77,0,36.7,20.5,0
groceries,low,6.87,0,paved,rain,1,morning,0.73,3,20,0,4.8,13.4,0
clothing,emergency,8.34,1,unpaved,clear,3,morning,2.7,0,51,0,52.3,37.8,1
agricultural_supplies,normal,1.05,1,paved,clear,2,morning,1.7,1,97,0,48.1,11.6,0
electronics,normal,14.22,1,mixed,rain,5,morning,3.34,0,52,0,30.8,66.7,0
groceries,normal,25.48,1,paved,rain,2,evening,4.07,1,61,0,29.6,72.4,0
electronics,emergency,15.44,0,mixed,clear,2,night,8.44,0,27,0,57.9,45.3,0
electronics,normal,30.66,1,unpaved,clear,3,night,3.94,2,26,0,23.5,124.6,1
clothing,low,1.86,1,paved,clear,4,afternoon,2.25,3,55,0,13.4,9.1,0
agricultural_supplies,normal,4.65,0,paved,rain,1,afternoon,6.63,0,48,0,39.3,10.7,0
documents,emergency,2.36,0,paved,clear,1,afternoon,2.22,3,92,0,58.8,5.0,0
electronics,normal,35.4,0,mixed,rain,4,night,4.75,0,69,0,27.6,148.0,0
groceries,low,10.11,0,paved,clear,1,morning,3.04,0,71,1,13.3,24.2,0
clothing,low,8.17,1,mixed,clear,4,morning,6.05,2,41,0,14.5,33.5,0
groceries,high,11.51,0,paved,rain,5,morning,9.92,1,85,0,35.8,40.7,0
electronics,normal,23.13,1,unpaved,clear,1,night,1.77,2,65,0,34.5,80.3,1
clothing,low,21.13,1,mixed,fog,2,night,0.87,0,47,0,19.9,88.3,0
documents,emergency,14.79,0,paved,clear,4,evening,2.55,1,98,0,62.0,37.1,0
agricultural_supplies,normal,16.58,1,unpaved,clear,3,evening,0.93,0,89,0,47.8,70.4,1
electronics,high,5.43,1,mixed,clear,5,afternoon,6.23,1,38,0,45.0,27.6,0
groceries,high,2.18,0,paved,clear,4,afternoon,2.21,2,58,0,26.9,8.8,0
agricultural_supplies,low,16.86,0,unpaved,clear,5,evening,2.59,3,50,0,31.9,75.9,1
groceries,low,4.39,1,unpaved,storm,2,evening,5.38,3,79,0,10.9,36.5,1
groceries,low,5.33,0,paved,clear,2,night,2.2,2,94,0,4.2,10.1,0
medicine,low,12.5,0,paved,fog,5,evening,4.25,2,63,0,40.3,50.1,0
medicine,normal,9.58,1,paved,clear,5,afternoon,6.89,2,57,1,76.6,30.2,0
electronics,normal,14.15,0,mixed,clear,4,evening,1.33,1,57,0,30.8,45.9,0
electronics,high,10.42,1,mixed,clear,1,morning,4.33,0,85,0,44.9,30.9,0
groceries,normal,7.22,1,paved,rain,4,evening,2.02,0,73,0,33.2,18.9,0
groceries,normal,3.14,0,unpaved,clear,2,afternoon,1.77,0,89,0,11.6,6.8,0
agricultural_supplies,high,3.69,0,paved,fog,4,morning,1.0,2,72,0,43.4,16.5,1
groceries,low,19.11,1,mixed,rain,2,night,2.45,2,24,0,19.9,75.0,0
groceries,low,22.59,0,mixed,clear,5,afternoon,4.8,0,25,1,14.6,83.5,0
agricultural_supplies,emergency,12.71,1,unpaved,clear,1,morning,0.55,3,89,0,79.3,44.6,1
agricultural_supplies,emergency,1.49,1,paved,clear,5,morning,1.34,1,89,0,79.7,8.2,0
groceries,low,1.76,0,paved,clear,1,morning,0.95,3,96,0,14.1,5.0,0
groceries,high,2.35,0,paved,clear,5,afternoon,9.23,0,89,0,40.5,10.2,0
electronics,normal,1.03,0,paved,rain,5,afternoon,2.08,0,71,0,15.3,5.0,0
medicine,emergency,11.76,1,unpaved,clear,3,morning,0.85,1,27,0,97.9,50.0,1
medicine,high,18.59,1,paved,clear,3,afternoon,1.54,0,38,0,81.4,46.4,0
clothing,low,1.51,0,paved,storm,5,night,0.46,1,53,0,6.4,11.0,1
groceries,high,19.25,1,unpaved,clear,2,morning,7.23,0,29,0,50.8,74.2,0
groceries,high,45.17,1,mixed,clear,4,morning,3.71,1,87,0,51.6,154.7,0
groceries,normal,8.47,0,paved,storm,4,morning,1.62,1,88,0,36.6,43.0,1
documents,normal,3.9,1,paved,clear,4,morning,1.02,4,95,0,39.1,13.6,0
documents,normal,14.34,0,paved,clear,5,afternoon,5.55,1,30,0,26.7,36.7,0
groceries,emergency,2.31,0,paved,rain,4,afternoon,0.82,4,57,0,54.4,5.4,0
electronics,low,34.86,0,unpaved,clear,5,evening,3.74,1,43,0,5.0,159.1,1
groceries,low,5.04,0,mixed,rain,5,night,0.75,0,99,0,8.9,26.5,0
electronics,high,24.57,0,paved,clear,1,afternoon,2.62,1,39,0,40.0,45.6,0
medicine,normal,20.65,1,unpaved,rain,5,evening,3.3,1,21,0,68.7,123.3,1
agricultural_supplies,low,5.4,0,paved,clear,5,morning,6.73,1,23,0,18.3,16.5,0
medicine,normal,13.46,0,mixed,clear,2,evening,8.81,0,30,0,50.9,38.5,0
documents,low,7.91,1,paved,rain,2,evening,11.23,0,60,1,27.3,24.4,0
medicine,high,17.77,1,mixed,clear,3,afternoon,10.29,2,82,0,78.8,58.6,0
medicine,normal,2.59,0,paved,clear,1,afternoon,2.48,3,24,0,54.7,5.7,0
documents,low,16.52,0,paved,clear,4,evening,4.15,1,96,0,8.1,47.2,0
groceries,normal,7.06,0,paved,clear,5,night,2.85,2,63,0,18.0,21.8,0
clothing,low,72.16,1,mixed,clear,4,morning,5.54,1,74,0,10.5,244.9,0
agricultural_supplies,normal,4.48,0,paved,clear,4,afternoon,5.1,2,67,1,36.2,16.5,0
groceries,normal,10.65,0,paved,clear,5,night,5.46,0,23,0,18.1,27.7,0
documents,high,17.71,1,mixed,clear,1,evening,2.9,0,48,0,53.3,43.3,0
medicine,emergency,15.25,0,paved,rain,3,evening,2.26,0,54,0,83.6,42.9,0
medicine,low,15.96,0,paved,fog,3,night,1.78,2,30,0,48.0,54.0,0
agricultural_supplies,low,6.06,1,mixed,clear,1,night,1.53,0,57,0,22.5,17.4,0
groceries,high,17.1,1,mixed,clear,2,night,2.38,2,99,0,45.2,57.7,0
electronics,high,1.55,0,mixed,clear,2,afternoon,4.78,1,21,0,41.1,7.5,0
electronics,emergency,6.02,1,mixed,rain,1,afternoon,3.82,1,60,0,60.1,23.1,0
groceries,normal,17.57,0,mixed,storm,4,night,2.05,1,25,0,30.7,107.4,1
medicine,normal,15.71,1,mixed,fog,4,morning,5.2,1,33,0,67.9,78.5,1
groceries,normal,4.5,0,mixed,storm,3,morning,7.09,1,37,0,26.2,26.5,0
agricultural_supplies,high,2.92,0,mixed,clear,3,afternoon,1.54,0,50,0,41.3,10.1,0
groceries,low,12.46,0,paved,rain,1,evening,1.93,0,95,0,7.0,29.8,0
groceries,low,5.71,0,paved,clear,4,morning,1.35,0,75,0,0.0,11.3,0
groceries,low,39.08,0,paved,rain,4,morning,5.97,0,61,0,13.8,128.5,0
groceries,normal,16.77,1,mixed,clear,2,morning,2.54,2,23,0,38.0,58.4,0
groceries,emergency,18.1,0,paved,clear,5,afternoon,2.2,1,46,0,56.4,55.4,0
groceries,normal,4.99,0,paved,rain,3,morning,1.15,1,85,1,23.0,21.1,0
groceries,low,6.81,0,paved,clear,5,morning,9.2,2,64,0,9.4,18.2,0
medicine,emergency,7.65,0,paved,rain,2,afternoon,5.47,0,41,0,78.9,18.5,0
groceries,high,15.61,0,paved,clear,4,afternoon,2.29,3,27,0,37.3,43.4,0
clothing,low,8.17,0,paved,rain,3,afternoon,2.24,1,87,1,12.0,24.6,0
agricultural_supplies,normal,45.7,1,paved,clear,3,afternoon,2.6,1,69,0,45.7,108.9,0
agricultural_supplies,normal,56.96,0,paved,rain,2,night,1.32,2,29,1,43.7,151.3,0
groceries,high,10.22,1,mixed,rain,5,evening,3.41,1,70,1,53.1,58.1,0
agricultural_supplies,high,19.77,1,paved,storm,3,afternoon,3.04,1,96,0,55.2,85.3,1
groceries,high,8.32,0,mixed,clear,3,evening,12.24,2,70,0,43.6,33.5,0
documents,low,19.84,0,mixed,rain,3,afternoon,6.39,1,34,0,17.3,73.9,0
clothing,low,8.17,0,unpaved,rain,1,morning,1.92,1,78,0,2.0,34.9,0
groceries,high,9.26,0,paved,clear,5,morning,2.42,2,80,0,39.7,28.2,0
groceries,high,7.01,1,paved,rain,3,night,5.84,2,41,0,45.1,23.2,0
medicine,normal,29.46,1,paved,clear,4,afternoon,12.66,4,32,0,60.9,76.7,1
agricultural_supplies,low,9.03,0,paved,fog,5,morning,2.51,0,45,0,16.4,32.0,1
documents,low,8.98,1,mixed,rain,2,afternoon,8.05,1,65,1,31.6,38.1,0
agricultural_supplies,normal,11.13,0,paved,clear,1,evening,3.27,1,37,1,45.9,20.2,0
agricultural_supplies,low,13.3,0,mixed,rain,3,morning,0.97,0,88,0,18.1,49.5,0
medicine,normal,2.6,1,mixed,clear,2,night,0.58,1,71,0,66.4,8.2,0
groceries,normal,10.3,0,paved,clear,4,evening,10.28,4,79,0,16.9,27.4,0
groceries,normal,9.68,1,mixed,rain,5,afternoon,1.2,1,29,0,29.5,53.7,0
agricultural_supplies,normal,5.26,0,mixed,clear,4,morning,5.13,2,74,0,34.6,21.5,0
groceries,low,18.22,1,unpaved,clear,2,evening,2.51,2,71,0,24.9,69.1,1
medicine,normal,14.62,0,paved,fog,5,morning,2.6,2,52,0,49.2,51.5,0
medicine,high,6.94,1,mixed,rain,3,afternoon,4.59,0,33,0,82.6,26.5,0
medicine,emergency,30.22,1,paved,clear,5,afternoon,2.34,0,20,1,100.0,85.2,0
agricultural_supplies,low,5.6,0,paved,clear,3,morning,2.46,1,45,0,5.9,17.0,0
documents,high,2.7,0,paved,clear,2,morning,2.65,0,35,0,41.3,8.2,0
agricultural_supplies,normal,6.25,0,paved,clear,5,afternoon,1.2,3,30,0,25.8,16.1,0
groceries,normal,7.38,0,paved,clear,4,morning,0.94,1,87,0,22.2,17.1,0
groceries,high,11.71,1,mixed,rain,5,evening,0.12,0,90,0,47.5,47.2,0
clothing,normal,8.52,1,mixed,clear,4,evening,1.31,1,82,0,30.5,32.5,0
groceries,low,3.47,0,paved,clear,3,afternoon,0.56,1,86,1,20.4,7.9,0
agricultural_supplies,high,15.58,1,mixed,clear,4,afternoon,3.92,0,68,1,63.6,57.0,0
medicine,normal,11.0,0,paved,fog,2,evening,5.76,0,77,0,51.2,33.8,0
clothing,high,3.26,0,paved,rain,3,night,4.4,1,26,0,39.8,10.4,0
clothing,low,18.7,0,paved,rain,1,evening,5.61,1,63,0,3.8,48.0,0
groceries,normal,14.51,0,paved,clear,1,evening,6.49,2,42,0,21.6,36.6,0
medicine,high,7.76,0,paved,rain,3,night,7.42,2,71,0,75.2,18.0,0
clothing,normal,2.02,1,unpaved,clear,5,afternoon,10.28,0,87,0,29.7,7.0,1
groceries,normal,32.07,0,paved,clear,4,afternoon,5.04,2,93,0,26.6,79.7,0
clothing,low,4.13,0,paved,clear,2,night,1.53,2,43,0,3.2,14.5,0
agricultural_supplies,normal,2.19,1,unpaved,rain,1,evening,7.64,2,20,0,42.5,12.6,0
electronics,high,6.97,0,mixed,rain,1,night,0.46,0,63,0,33.6,19.9,0
agricultural_supplies,emergency,1.92,0,unpaved,clear,3,morning,2.3,0,78,1,69.7,12.3,1
groceries,normal,9.64,1,unpaved,clear,3,evening,7.41,1,76,0,30.5,43.7,0
documents,normal,18.71,1,mixed,clear,1,evening,9.0,1,71,0,34.7,50.7,0
groceries,high,8.14,1,paved,storm,5,night,2.37,1,40,0,50.8,46.3,1
clothing,emergency,48.44,1,paved,clear,5,morning,1.92,0,24,0,54.4,136.2,0
medicine,emergency,6.16,0,paved,clear,3,afternoon,14.34,2,71,0,84.3,12.9,0
medicine,emergency,3.24,0,paved,clear,1,evening,1.61,0,49,0,73.3,8.1,0
agricultural_supplies,high,6.77,0,mixed,fog,2,morning,1.78,1,24,0,40.6,25.9,0
medicine,normal,5.0,1,paved,rain,2,afternoon,0.91,1,36,0,68.2,12.0,0
electronics,high,5.89,0,paved,fog,3,evening,1.4,1,28,0,40.3,22.1,0
electronics,normal,32.53,1,mixed,clear,2,night,5.73,1,35,0,32.6,96.8,0
agricultural_supplies,normal,7.76,1,paved,storm,5,night,5.85,1,26,1,47.2,46.6,1
agricultural_supplies,normal,17.0,0,paved,clear,2,afternoon,5.13,2,47,1,44.2,32.9,0
groceries,emergency,6.35,1,unpaved,fog,5,night,0.74,1,23,0,66.8,43.1,1
documents,low,12.29,1,mixed,clear,5,afternoon,9.27,2,75,0,18.2,47.1,0
documents,emergency,13.91,0,paved,clear,5,evening,7.32,2,63,0,60.2,38.0,0
agricultural_supplies,low,17.27,1,unpaved,clear,4,evening,3.84,1,52,0,37.3,76.1,1
medicine,normal,7.52,1,paved,rain,1,night,3.04,3,36,0,62.5,23.4,0
groceries,low,13.9,0,paved,clear,4,afternoon,1.92,1,54,1,2.1,42.4,0
medicine,normal,7.56,1,mixed,fog,5,afternoon,1.72,2,55,0,68.9,41.9,1
groceries,emergency,1.28,1,mixed,clear,2,evening,2.02,2,48,0,52.6,10.8,0
groceries,normal,19.12,1,unpaved,clear,2,night,1.16,2,37,0,35.4,73.6,0
agricultural_supplies,high,9.13,0,paved,clear,3,evening,3.01,2,63,0,46.6,22.3,0
agricultural_supplies,low,10.83,1,paved,clear,4,morning,0.27,3,77,0,27.6,27.3,0
electronics,low,20.19,0,mixed,clear,2,afternoon,2.04,1,44,0,1.1,52.8,0
documents,low,23.94,0,paved,clear,4,afternoon,1.47,2,82,1,22.9,61.7,0
clothing,normal,16.29,1,unpaved,clear,5,morning,1.82,2,98,0,31.7,75.7,1
electronics,high,17.47,0,mixed,clear,5,afternoon,4.2,1,48,0,35.3,66.7,0
documents,high,37.39,0,mixed,clear,1,morning,3.28,2,85,0,44.6,87.6,0
agricultural_supplies,low,3.26,0,mixed,clear,3,morning,5.01,1,60,0,21.4,12.1,0
groceries,normal,2.72,0,paved,clear,1,night,1.63,0,38,0,25.7,5.0,0
agricultural_supplies,normal,14.76,1,paved,rain,3,morning,4.73,1,88,0,45.8,55.2,0
agricultural_supplies,normal,15.39,0,paved,fog,3,night,1.8,1,53,0,23.9,52.1,1
agricultural_supplies,low,21.8,1,mixed,rain,5,morning,4.77,1,98,1,38.5,102.2,1
agricultural_supplies,high,1.17,0,paved,fog,5,afternoon,4.18,1,72,1,53.9,5.0,0
electronics,low,28.9,1,mixed,rain,5,morning,4.99,1,32,0,8.0,127.4,0
documents,emergency,15.57,1,mixed,rain,1,morning,0.69,3,22,0,68.5,47.8,0
documents,emergency,8.25,0,paved,clear,1,afternoon,6.87,0,64,0,55.3,10.8,0
groceries,high,6.53,0,paved,clear,3,afternoon,1.45,3,48,0,40.0,8.4,0
groceries,low,24.94,0,paved,clear,5,afternoon,4.18,1,28,0,12.9,71.9,0
medicine,emergency,12.41,1,mixed,storm,1,morning,2.88,4,91,0,96.7,67.1,1
agricultural_supplies,emergency,29.14,1,unpaved,clear,5,morning,5.41,0,57,1,76.0,144.8,1
clothing,high,9.39,0,paved,clear,5,morning,1.81,1,82,0,36.4,29.1,0
medicine,normal,1.89,0,paved,clear,1,evening,4.63,4,34,0,59.0,5.0,0
electronics,normal,9.39,0,mixed,rain,1,morning,7.06,0,79,0,21.4,26.2,0
groceries,high,5.26,0,mixed,clear,3,afternoon,2.77,2,61,0,32.7,19.7,0
agricultural_supplies,normal,3.06,1,paved,clear,3,morning,1.32,3,80,0,38.1,13.5,0
agricultural_supplies,emergency,1.76,0,paved,clear,4,afternoon,2.8,1,99,0,64.4,5.0,0
medicine,high,2.01,0,paved,fog,1,afternoon,2.43,1,65,0,73.0,11.1,0
electronics,high,5.49,0,paved,rain,5,afternoon,2.31,1,86,0,36.9,19.9,0
documents,normal,25.0,0,paved,clear,2,morning,3.2,0,35,0,31.8,48.9,0
agricultural_supplies,low,2.38,1,mixed,clear,4,morning,6.92,5,35,0,25.2,5.0,0
groceries,normal,5.78,1,mixed,rain,4,afternoon,1.14,2,78,1,47.1,35.6,0
agricultural_supplies,emergency,39.72,0,paved,clear,5,morning,3.68,3,78,0,58.0,101.4,0
groceries,normal,17.57,1,unpaved,storm,4,morning,3.02,1,82,0,36.5,141.6,1
groceries,normal,2.86,0,paved,clear,1,morning,5.73,1,28,0,25.0,9.4,0
documents,low,12.3,0,paved,clear,5,morning,3.17,3,48,1,32.9,37.9,0
documents,normal,4.53,0,paved,clear,2,morning,0.96,2,39,0,21.3,11.9,0
electronics,low,5.5,0,paved,clear,5,morning,4.8,0,46,0,2.9,18.9,0
groceries,low,17.04,0,mixed,fog,5,night,3.45,2,52,0,0.0,82.9,0
medicine,normal,16.08,1,paved,clear,2,evening,5.89,3,27,0,61.7,45.7,0
agricultural_supplies,low,1.5,0,paved,rain,5,morning,1.76,0,61,1,22.1,5.0,0
groceries,normal,48.78,1,mixed,clear,5,morning,2.82,1,36,0,43.8,174.3,0
groceries,low,11.0,0,paved,clear,1,evening,4.96,0,27,0,0.0,25.6,0
medicine,low,15.3,0,paved,rain,5,morning,3.19,2,99,0,34.9,64.2,0
electronics,normal,39.24,1,paved,clear,1,evening,5.87,2,57,0,25.8,86.7,0
groceries,emergency,4.46,0,paved,rain,4,morning,5.66,1,59,0,49.6,8.5,0
clothing,normal,9.92,1,unpaved,fog,3,evening,3.35,2,49,1,41.8,47.1,1
agricultural_supplies,normal,5.54,0,mixed,storm,4,evening,0.41,3,71,0,31.3,32.5,1
clothing,low,5.07,0,paved,clear,5,evening,0.97,1,50,0,0.8,6.4,0
groceries,high,4.04,0,paved,clear,5,morning,3.17,2,78,0,43.7,11.1,0
documents,high,5.37,0,paved,rain,5,morning,1.25,0,51,0,45.1,14.3,0
clothing,emergency,1.72,0,paved,clear,3,morning,5.96,0,51,0,53.0,5.0,0
medicine,low,2.8,0,unpaved,clear,4,night,5.64,0,51,0,42.3,7.3,0
agricultural_supplies,normal,4.99,1,mixed,rain,2,afternoon,4.55,1,34,0,41.1,26.6,0
documents,normal,21.2,0,unpaved,clear,5,evening,5.09,0,54,0,20.8,94.5,0
agricultural_supplies,emergency,15.45,0,unpaved,clear,4,evening,1.75,2,26,0,63.4,71.1,0
agricultural_supplies,normal,13.32,0,paved,clear,5,afternoon,3.26,1,26,0,50.9,40.7,0
documents,normal,24.54,1,unpaved,rain,3,evening,4.5,1,22,0,44.8,128.1,1
agricultural_supplies,low,2.24,1,mixed,storm,3,afternoon,3.11,1,24,0,25.2,11.6,0
medicine,normal,1.24,0,unpaved,storm,1,morning,1.13,1,48,1,58.2,5.3,1
groceries,high,2.13,1,mixed,rain,5,morning,1.79,2,22,0,42.9,14.7,0
groceries,low,7.47,0,paved,fog,2,evening,4.93,0,77,0,6.2,30.3,0
documents,high,19.99,1,unpaved,clear,2,afternoon,5.51,2,60,0,49.6,66.6,0
documents,high,7.93,1,unpaved,clear,2,night,4.25,3,85,0,50.1,28.5,1
clothing,high,5.31,0,unpaved,clear,2,night,1.99,1,34,0,33.1,21.2,0
documents,high,6.74,0,paved,rain,4,afternoon,3.58,0,51,0,53.5,20.2,0
documents,low,7.47,0,mixed,clear,3,afternoon,0.79,2,97,0,13.5,22.9,0
clothing,low,12.25,1,unpaved,fog,5,night,0.34,2,75,0,13.3,84.4,1
documents,normal,20.81,0,paved,clear,5,afternoon,8.77,1,86,0,27.7,61.9,0
groceries,emergency,14.34,0,paved,rain,1,morning,1.68,5,51,0,56.6,31.0,0
clothing,high,6.08,0,paved,fog,3,evening,2.25,3,64,0,28.4,17.9,1
documents,normal,23.42,1,paved,rain,4,night,7.22,0,63,0,41.2,85.6,0
clothing,normal,35.67,0,unpaved,clear,2,afternoon,1.55,1,21,0,16.0,128.7,1
medicine,low,3.58,1,unpaved,clear,3,night,0.75,0,63,0,51.3,25.5,1
groceries,high,37.73,0,unpaved,clear,1,evening,7.54,2,42,1,41.1,123.8,0
documents,low,7.39,0,paved,fog,1,night,1.66,2,86,0,14.1,25.0,0
medicine,normal,7.88,0,paved,clear,2,morning,7.49,1,24,0,49.3,20.1,0
medicine,low,5.12,0,paved,clear,5,evening,1.23,1,60,0,37.6,15.7,0
groceries,low,1.62,0,paved,clear,2,night,5.47,4,46,0,3.7,9.1,0
groceries,normal,22.54,0,paved,fog,5,morning,2.9,2,29,0,20.9,81.4,0
documents,high,32.34,0,paved,rain,1,evening,0.81,2,46,0,47.8,74.7,0
documents,normal,10.76,1,mixed,clear,1,afternoon,2.57,5,77,0,28.4,27.3,0
groceries,normal,1.77,0,paved,clear,2,night,1.3,0,71,0,25.0,5.0,0
electronics,normal,1.57,0,paved,clear,1,afternoon,2.82,0,91,1,30.5,5.0,0
electronics,emergency,28.55,0,paved,clear,5,morning,2.91,2,80,0,41.1,83.8,0
agricultural_supplies,low,7.16,1,paved,rain,4,morning,3.23,1,46,0,34.3,25.6,0
electronics,normal,16.86,1,unpaved,clear,2,morning,1.33,2,77,0,29.3,63.0,0
agricultural_supplies,normal,5.43,0,mixed,clear,4,afternoon,3.87,3,40,0,43.1,13.0,0
electronics,high,7.51,1,unpaved,clear,1,afternoon,3.96,1,96,0,38.8,36.1,1
agricultural_supplies,emergency,3.52,0,paved,rain,4,night,0.62,0,22,0,54.8,17.8,0
documents,low,1.07,0,paved,clear,5,afternoon,0.52,0,28,1,18.1,5.0,0
groceries,normal,35.41,0,mixed,rain,2,morning,1.35,0,67,0,26.2,128.3,0
documents,emergency,19.9,0,paved,clear,2,night,3.92,1,77,0,59.7,37.9,0
groceries,normal,2.95,0,paved,rain,5,night,2.31,1,32,0,12.4,5.0,0
clothing,high,10.37,0,mixed,rain,4,afternoon,2.28,0,61,0,29.4,42.1,0
groceries,normal,11.64,0,paved,clear,2,evening,9.95,3,73,0,27.6,24.3,0
groceries,low,4.24,0,paved,clear,1,night,4.48,2,23,0,6.3,6.3,0
agricultural_supplies,normal,3.4,0,paved,clear,2,night,1.82,4,99,0,33.4,5.0,0
documents,low,2.53,0,paved,clear,3,afternoon,7.25,2,79,0,24.3,14.2,0
agricultural_supplies,high,3.76,0,paved,clear,1,morning,7.85,1,71,0,46.2,7.5,0
groceries,high,7.51,0,paved,clear,4,night,3.59,2,93,0,41.1,18.7,1
clothing,low,1.4,1,paved,rain,5,evening,10.38,1,77,0,7.4,5.0,0
groceries,low,3.86,1,unpaved,rain,5,morning,1.58,4,50,0,19.4,28.4,1
agricultural_supplies,high,13.79,0,paved,clear,5,morning,3.86,1,83,0,42.6,32.1,0
medicine,low,16.75,0,paved,storm,2,evening,2.56,0,69,0,46.6,63.3,0
clothing,normal,6.79,0,paved,rain,1,night,7.18,3,99,0,17.0,19.7,0
medicine,normal,4.62,0,paved,rain,4,afternoon,4.72,1,66,0,52.8,9.8,0
groceries,high,3.42,1,unpaved,clear,5,night,8.18,3,47,0,42.8,15.2,1
clothing,high,3.01,0,unpaved,clear,1,morning,1.32,1,43,0,30.7,8.5,0
agricultural_supplies,high,1.41,1,unpaved,fog,4,afternoon,1.26,2,92,0,59.2,13.6,1
groceries,high,12.3,1,mixed,clear,5,morning,5.63,0,28,0,53.4,53.9,0
agricultural_supplies,low,2.86,0,paved,clear,2,afternoon,0.38,1,55,1,29.8,5.0,0
medicine,low,10.82,0,mixed,clear,3,evening,2.71,2,30,0,36.6,31.4,0
electronics,normal,51.24,0,paved,rain,1,evening,6.14,1,40,0,24.3,125.4,0
groceries,normal,16.07,0,paved,clear,3,night,1.16,0,92,0,16.4,27.6,0
groceries,high,17.41,1,unpaved,clear,2,night,1.79,3,57,0,50.2,59.3,1
documents,low,11.34,0,paved,clear,3,morning,2.87,1,22,0,10.6,26.8,0
medicine,normal,13.23,0,mixed,rain,4,night,0.65,2,84,0,59.0,58.7,0
clothing,normal,7.09,0,paved,clear,4,night,4.84,4,48,0,9.4,20.8,0
electronics,high,8.04,0,paved,rain,2,morning,4.6,1,62,0,38.6,23.9,0
electronics,normal,10.52,0,paved,rain,4,morning,0.27,3,44,0,26.4,31.8,0
groceries,high,6.81,0,paved,clear,2,morning,1.08,0,47,0,33.8,14.5,0
groceries,emergency,1.67,0,paved,rain,5,afternoon,4.67,1,73,0,61.6,5.0,0
groceries,low,11.56,0,mixed,rain,1,night,3.45,0,23,0,7.4,32.9,0
medicine,high,15.61,1,mixed,clear,4,night,3.91,1,38,0,80.3,57.1,0
clothing,emergency,8.56,0,paved,clear,5,night,2.62,2,94,0,48.7,22.0,0
agricultural_supplies,normal,45.2,0,mixed,rain,1,evening,4.94,1,70,0,34.6,140.7,0
clothing,low,11.35,0,paved,clear,5,night,1.18,1,44,0,0.1,37.8,0
electronics,emergency,5.86,0,mixed,clear,5,evening,5.91,2,21,0,53.1,23.3,0
medicine,low,5.17,1,mixed,rain,3,morning,2.56,2,35,0,42.0,30.0,0
agricultural_supplies,normal,13.43,0,mixed,storm,1,night,1.6,2,25,0,31.4,59.0,0
groceries,emergency,7.33,1,mixed,rain,3,night,2.11,0,89,0,62.7,27.3,0
agricultural_supplies,normal,25.2,0,paved,rain,4,afternoon,4.79,1,80,0,38.5,77.9,0
groceries,normal,19.65,1,paved,clear,2,afternoon,3.63,0,88,0,27.0,47.7,0
groceries,low,22.66,0,paved,rain,5,night,1.75,3,52,0,0.0,73.3,0
electronics,normal,2.7,0,paved,clear,2,afternoon,1.23,2,62,0,13.0,8.3,0
agricultural_supplies,normal,14.22,0,paved,clear,5,morning,2.76,1,88,0,29.0,33.7,0
groceries,low,8.0,0,paved,rain,5,morning,3.82,1,43,0,3.5,26.1,0
electronics,normal,25.49,1,paved,clear,3,evening,1.3,0,72,0,30.5,63.6,0
groceries,low,8.73,0,paved,clear,4,evening,4.47,1,67,0,18.5,16.7,0
medicine,normal,7.05,0,paved,clear,4,night,4.96,1,24,0,56.7,15.8,0
groceries,emergency,8.49,0,paved,rain,3,afternoon,1.51,2,69,1,60.5,25.6,0
electronics,high,1.97,1,unpaved,clear,4,afternoon,5.92,2,54,0,48.1,8.7,1
clothing,normal,1.8,1,mixed,fog,1,afternoon,7.07,0,96,0,29.5,15.7,0
electronics,normal,24.92,0,mixed,rain,1,afternoon,1.38,0,96,0,19.8,78.0,0
medicine,normal,13.74,1,paved,fog,3,night,0.26,0,89,0,63.0,54.7,0
electronics,normal,6.09,0,paved,fog,4,night,2.45,0,48,0,28.5,18.6,1
medicine,normal,21.71,1,unpaved,rain,2,afternoon,2.14,0,30,0,60.6,107.0,0
documents,low,1.84,0,paved,clear,1,evening,3.62,0,94,0,23.0,9.4,0
documents,high,14.6,1,unpaved,clear,3,night,2.81,0,47,0,52.1,59.9,1
groceries,emergency,4.85,0,paved,clear,3,night,18.17,2,51,0,50.5,7.5,0
clothing,normal,2.91,1,paved,clear,2,night,4.74,1,78,1,33.0,12.5,0
groceries,normal,7.59,1,mixed,clear,4,afternoon,5.82,0,61,0,38.7,32.2,0
medicine,high,15.58,0,paved,rain,2,afternoon,0.55,0,83,0,65.6,43.1,0
agricultural_supplies,high,4.41,1,paved,clear,5,evening,3.27,0,97,1,59.4,24.8,0
electronics,normal,3.65,0,paved,clear,2,evening,5.57,1,70,0,19.7,5.0,0
electronics,high,3.33,0,mixed,clear,5,morning,1.3,1,75,1,39.7,14.6,0
electronics,emergency,21.14,1,paved,clear,1,afternoon,3.26,2,21,0,59.6,47.3,0
agricultural_supplies,normal,24.4,1,unpaved,clear,2,afternoon,7.25,3,28,0,44.5,90.5,1
documents,emergency,2.47,0,paved,clear,5,evening,1.84,3,66,1,60.1,5.0,0
groceries,low,19.08,0,paved,fog,4,morning,3.24,1,41,0,0.0,68.3,0
groceries,normal,18.25,1,unpaved,rain,3,morning,4.95,2,54,0,31.9,96.9,0
groceries,normal,7.25,1,paved,clear,5,night,1.02,0,75,0,23.7,27.1,0
groceries,normal,24.45,1,paved,rain,3,night,1.49,0,72,0,38.9,74.7,0
groceries,normal,36.06,0,paved,clear,4,evening,1.91,0,95,0,29.9,93.0,0
electronics,low,1.68,1,unpaved,fog,1,evening,5.6,1,44,0,13.4,14.0,1
electronics,low,5.02,1,mixed,clear,4,morning,4.64,2,30,0,17.2,27.6,0
medicine,high,2.35,0,paved,clear,3,afternoon,5.42,0,98,1,76.5,9.5,0
agricultural_supplies,high,18.12,0,paved,clear,4,evening,4.9,0,62,0,56.5,42.8,0
clothing,normal,17.73,0,paved,clear,4,night,11.85,3,41,1,25.0,42.6,0
groceries,low,7.43,0,mixed,clear,3,morning,7.64,3,97,0,14.3,25.5,0
clothing,normal,15.87,1,paved,clear,2,evening,3.24,2,33,0,17.3,44.1,0
groceries,normal,8.35,0,mixed,clear,1,morning,4.8,0,67,1,26.9,21.0,0
groceries,high,17.09,1,unpaved,clear,4,morning,6.13,0,41,0,45.8,73.2,1
agricultural_supplies,high,6.23,1,paved,clear,4,evening,4.74,0,20,0,56.3,13.7,0
clothing,normal,5.56,1,paved,clear,4,evening,3.06,1,87,0,28.3,18.2,0
electronics,low,2.11,0,paved,clear,1,night,1.76,1,53,0,1.7,5.0,0
groceries,low,7.91,0,mixed,clear,1,morning,1.4,1,46,0,12.0,17.2,0
medicine,high,99.7,0,mixed,clear,2,afternoon,3.24,0,81,0,75.1,281.4,0
medicine,high,4.34,0,paved,fog,2,night,7.49,2,58,0,73.2,7.9,1
electronics,high,21.39,1,unpaved,clear,4,night,3.74,0,65,0,54.5,98.5,1
medicine,normal,31.21,0,mixed,clear,5,morning,3.92,3,28,0,57.9,115.8,0
agricultural_supplies,emergency,2.5,0,paved,fog,5,night,2.88,3,30,0,60.7,9.4,0
electronics,high,32.4,1,paved,rain,5,morning,8.52,0,37,0,44.3,112.4,0
clothing,low,12.89,0,paved,storm,5,night,1.75,0,84,0,5.2,63.9,1
groceries,low,6.65,0,unpaved,storm,3,morning,3.93,0,56,0,3.7,49.9,1
clothing,high,2.73,0,paved,clear,2,morning,3.74,1,21,0,32.2,8.5,0
groceries,low,12.98,0,mixed,rain,2,morning,1.45,5,24,0,5.7,46.8,0
electronics,emergency,6.45,1,unpaved,fog,3,morning,5.89,2,49,0,63.9,42.8,1
documents,low,2.85,0,mixed,clear,2,afternoon,0.65,1,53,1,22.1,8.2,0
electronics,emergency,28.89,1,mixed,clear,4,morning,3.55,2,75,0,63.4,97.1,0
medicine,normal,8.91,0,paved,clear,1,morning,0.85,0,91,0,55.1,15.2,0
groceries,high,1.93,1,mixed,rain,4,night,2.32,0,88,0,50.3,10.1,0
groceries,low,8.03,0,paved,rain,2,morning,4.78,3,24,0,10.0,21.3,0
groceries,low,8.5,0,paved,fog,4,night,4.84,2,82,0,8.4,24.9,0
groceries,low,12.56,0,paved,clear,5,morning,0.91,1,87,0,16.3,31.5,0
agricultural_supplies,emergency,26.49,0,paved,rain,5,night,2.98,2,36,0,67.2,85.7,0
clothing,normal,3.25,0,paved,rain,1,morning,9.85,0,94,0,12.1,11.3,0
clothing,high,1.57,1,unpaved,rain,2,morning,2.91,1,79,1,50.5,15.6,0
documents,emergency,26.62,1,paved,clear,3,evening,1.45,2,42,0,66.9,74.5,0
groceries,emergency,4.85,0,paved,clear,5,night,2.19,0,67,0,56.5,17.9,0
medicine,normal,3.22,0,unpaved,clear,1,night,3.68,1,34,0,48.4,15.6,0
medicine,low,5.54,1,unpaved,clear,2,morning,6.91,0,36,0,41.6,25.7,0
documents,high,34.15,1,paved,clear,4,morning,0.44,1,44,0,46.2,88.4,0
groceries,low,15.79,0,paved,clear,4,morning,1.66,2,33,0,0.7,40.2,0
medicine,normal,12.28,0,mixed,clear,4,afternoon,6.98,1,60,0,44.8,42.4,0
agricultural_supplies,high,9.82,1,unpaved,clear,2,morning,6.43,1,83,0,53.2,37.6,0
documents,high,28.29,0,paved,rain,3,afternoon,4.98,4,81,0,41.8,81.7,0
clothing,low,1.27,0,unpaved,clear,1,night,1.14,0,88,0,7.0,5.5,0
clothing,high,11.47,1,mixed,rain,1,morning,2.82,1,68,1,55.8,39.6,0
clothing,normal,31.57,0,mixed,clear,4,evening,2.52,1,78,0,16.1,107.6,0
groceries,normal,9.8,1,mixed,clear,2,evening,4.3,2,58,0,43.4,31.2,0
electronics,low,15.28,1,paved,clear,4,morning,11.53,0,87,0,16.4,44.8,0
agricultural_supplies,normal,5.44,1,mixed,fog,3,afternoon,1.04,2,47,1,47.4,30.6,0
groceries,low,17.76,0,unpaved,rain,4,evening,0.94,0,56,0,13.5,101.5,0
clothing,low,4.13,1,paved,rain,2,afternoon,0.25,1,27,0,14.0,8.9,0
clothing,low,33.15,1,mixed,clear,4,afternoon,0.88,0,24,0,16.5,112.3,0
agricultural_supplies,low,8.53,0,paved,clear,2,night,0.77,1,65,0,22.2,17.4,0
electronics,low,4.37,1,unpaved,storm,1,evening,4.66,1,67,1,23.8,33.8,1
agricultural_supplies,high,3.0,0,paved,rain,2,night,7.35,2,77,0,43.8,7.9,0
agricultural_supplies,emergency,13.9,1,mixed,rain,5,evening,2.04,3,61,0,80.1,63.5,0
groceries,normal,5.48,1,mixed,rain,2,night,5.69,0,91,0,41.1,28.7,0
groceries,low,1.93,0,paved,clear,2,evening,1.82,1,79,0,3.9,5.0,0
agricultural_supplies,normal,8.41,0,paved,clear,4,morning,1.66,0,51,0,32.2,22.7,0
documents,high,2.34,1,paved,rain,2,afternoon,5.03,4,71,0,57.9,9.2,0
agricultural_supplies,low,34.67,1,paved,rain,3,morning,1.58,2,99,0,35.6,106.6,0
documents,high,11.2,0,paved,rain,4,afternoon,0.84,1,73,0,41.9,42.6,0
agricultural_supplies,normal,4.67,1,paved,rain,2,night,7.02,2,57,0,42.2,14.1,0
electronics,normal,12.89,0,paved,clear,3,afternoon,3.92,1,84,0,14.0,27.7,0
medicine,high,6.51,0,paved,clear,1,evening,0.72,1,39,1,85.2,9.6,0
documents,normal,6.05,1,paved,clear,2,evening,4.53,1,25,0,36.0,20.0,0
clothing,emergency,2.9,0,mixed,clear,3,afternoon,9.21,1,75,0,51.5,5.0,0
medicine,normal,4.35,1,paved,rain,3,night,2.12,1,85,0,72.9,15.1,0
medicine,emergency,4.88,0,paved,clear,1,afternoon,2.45,1,43,0,94.6,7.8,0
groceries,normal,6.26,0,paved,rain,3,evening,3.2,1,82,0,26.5,15.3,0
medicine,normal,3.95,0,paved,clear,4,evening,1.32,0,95,0,49.9,10.1,0
electronics,normal,1.44,1,mixed,clear,2,morning,7.11,0,27,1,35.7,11.5,0
agricultural_supplies,low,14.03,1,mixed,clear,3,night,4.13,1,32,0,29.1,54.9,0
clothing,emergency,8.39,1,mixed,clear,5,afternoon,5.87,1,25,0,57.4,35.4,0
electronics,emergency,6.84,0,paved,clear,1,night,0.41,1,88,0,51.9,15.6,0
agricultural_supplies,high,4.72,0,paved,clear,4,afternoon,6.5,3,35,0,50.3,8.4,0
agricultural_supplies,low,15.13,1,mixed,clear,3,night,8.2,3,45,0,31.9,53.6,0
documents,normal,1.51,1,unpaved,rain,5,morning,4.41,1,76,0,35.8,10.5,1
medicine,normal,11.1,0,mixed,clear,3,night,2.53,1,36,1,59.7,40.4,0
groceries,normal,10.49,0,unpaved,rain,2,morning,3.28,2,54,0,23.3,45.3,0
documents,normal,3.03,1,paved,rain,3,night,4.59,3,91,0,36.5,13.7,1
medicine,high,10.73,1,paved,rain,5,afternoon,2.93,1,49,1,97.1,47.7,0
clothing,normal,17.03,0,paved,clear,1,afternoon,5.86,0,60,0,5.4,37.1,0
groceries,emergency,11.27,1,mixed,clear,2,afternoon,2.25,2,90,0,65.9,39.1,0
agricultural_supplies,low,24.96,1,unpaved,rain,2,evening,4.91,1,55,1,41.3,121.8,1
groceries,emergency,10.46,1,paved,rain,4,night,5.0,3,95,0,59.2,31.1,0
groceries,low,1.64,0,paved,clear,3,evening,5.95,2,88,0,9.6,8.2,0
groceries,high,15.85,0,paved,rain,2,afternoon,2.47,1,83,0,40.7,42.7,0
groceries,normal,2.33,0,paved,rain,4,morning,1.5,2,98,0,22.8,5.2,0
groceries,normal,9.22,0,paved,clear,5,evening,6.72,1,76,0,12.3,24.6,0
clothing,low,6.24,0,mixed,clear,4,morning,1.31,1,21,0,5.5,21.5,0
groceries,normal,1.08,1,paved,rain,2,evening,2.29,1,71,1,37.9,12.7,0
agricultural_supplies,high,2.41,1,paved,clear,4,evening,3.44,0,31,0,50.6,5.3,0
agricultural_supplies,emergency,5.67,1,mixed,fog,3,evening,1.69,2,67,0,76.7,25.7,1
medicine,normal,1.32,1,paved,clear,1,night,5.54,2,89,0,75.9,5.1,0
groceries,high,2.19,1,paved,clear,1,morning,2.74,0,80,0,48.7,5.0,0
electronics,normal,1.45,1,mixed,clear,2,morning,2.87,0,20,0,36.0,12.3,0
groceries,emergency,1.66,0,paved,clear,3,afternoon,2.41,4,45,0,48.7,5.0,0
medicine,normal,27.51,1,paved,fog,2,night,1.73,2,73,0,66.6,86.6,0
agricultural_supplies,high,19.45,0,paved,fog,2,afternoon,4.81,0,34,0,51.2,54.5,1
medicine,low,49.65,0,paved,fog,4,night,9.41,2,20,0,37.1,163.6,0
agricultural_supplies,normal,8.11,1,paved,clear,1,night,6.51,1,81,0,38.1,20.5,0
medicine,low,9.22,0,paved,clear,2,afternoon,1.35,2,89,0,38.5,19.7,0
agricultural_supplies,low,31.34,0,paved,clear,5,night,3.47,3,45,0,22.7,80.6,0
groceries,high,14.36,0,paved,fog,5,night,5.58,0,98,0,41.9,49.6,1
clothing,normal,1.26,0,mixed,clear,2,night,0.63,2,81,0,17.8,5.0,0
electronics,normal,23.89,0,paved,clear,5,afternoon,3.1,1,84,0,16.0,59.9,0
groceries,normal,24.27,1,unpaved,rain,1,afternoon,3.5,0,98,0,30.6,103.8,0
electronics,emergency,1.92,1,paved,fog,1,evening,0.95,1,54,0,66.5,13.0,0
documents,normal,24.19,0,mixed,clear,3,morning,5.12,3,25,0,26.6,77.5,0
clothing,high,28.05,1,mixed,fog,3,evening,4.28,1,89,0,36.3,121.8,1
electronics,high,2.4,1,paved,clear,4,morning,1.99,0,74,0,45.6,7.9,0
groceries,normal,5.95,0,unpaved,rain,2,evening,2.89,1,61,0,24.2,22.9,0
clothing,high,1.15,0,paved,clear,4,night,6.59,1,45,0,40.7,5.0,0
clothing,high,17.53,1,paved,clear,1,night,3.96,0,83,0,42.3,38.6,0
medicine,emergency,41.25,0,mixed,clear,1,evening,2.0,1,40,0,81.3,102.8,0
groceries,emergency,4.45,1,paved,rain,5,afternoon,10.3,2,86,0,58.7,22.0,0
groceries,normal,7.56,0,unpaved,rain,1,morning,3.87,4,32,0,27.2,27.4,1
agricultural_supplies,normal,3.26,1,paved,clear,3,afternoon,1.49,1,28,0,42.5,13.0,0
agricultural_supplies,low,1.44,0,paved,rain,5,afternoon,5.6,1,87,0,13.1,5.0,0
groceries,normal,3.18,1,unpaved,rain,1,night,5.76,2,55,0,29.6,16.8,1
agricultural_supplies,normal,13.87,0,paved,fog,4,evening,4.76,0,98,0,29.2,50.4,1
groceries,low,5.73,0,paved,clear,2,afternoon,3.92,1,39,0,11.5,12.9,0
documents,low,27.55,1,paved,clear,2,night,5.29,0,63,0,25.2,62.8,0
documents,high,8.85,0,paved,clear,3,morning,3.45,0,86,1,45.3,20.9,0
medicine,normal,14.9,0,paved,fog,4,morning,5.49,0,36,0,51.0,50.8,0
electronics,normal,6.93,0,paved,clear,1,morning,2.74,0,88,0,25.4,11.7,0
clothing,low,1.34,0,paved,fog,4,night,2.13,1,25,0,4.9,5.0,1
medicine,high,10.03,1,mixed,rain,5,night,4.16,1,33,0,73.4,47.2,0
clothing,normal,3.84,1,mixed,clear,2,night,2.25,3,51,0,41.2,21.7,0
documents,high,2.26,0,unpaved,clear,5,afternoon,4.34,2,22,0,43.6,6.9,0
clothing,high,9.64,1,paved,rain,4,evening,6.84,0,48,0,43.2,47.0,0
medicine,high,4.17,0,paved,fog,4,night,7.17,0,55,0,69.3,10.7,0
clothing,high,17.06,0,mixed,rain,5,evening,3.54,2,97,0,40.6,72.4,0
clothing,normal,10.28,0,paved,rain,1,night,7.43,2,47,0,8.8,30.7,0
groceries,high,8.24,1,paved,clear,3,evening,4.54,2,77,0,47.6,30.4,0
electronics,normal,17.8,0,mixed,rain,1,afternoon,3.44,1,47,0,27.2,55.9,0
agricultural_supplies,low,3.62,0,paved,clear,4,evening,8.11,1,22,0,18.4,9.3,0
groceries,high,20.17,0,paved,clear,3,morning,5.06,3,35,0,34.7,49.1,0
agricultural_supplies,low,4.9,0,unpaved,clear,4,evening,1.79,0,68,0,17.0,20.3,0
clothing,high,3.31,1,mixed,clear,2,morning,1.69,0,28,0,40.8,18.7,0
groceries,low,12.54,0,paved,clear,4,morning,3.68,2,69,0,3.6,34.6,0
groceries,emergency,1.25,0,unpaved,clear,4,morning,4.74,0,45,0,52.9,5.0,1
electronics,emergency,9.31,0,unpaved,clear,4,night,2.93,0,86,0,48.8,48.6,1
groceries,low,14.78,0,paved,clear,4,afternoon,7.16,1,40,0,2.8,33.6,0
groceries,normal,23.48,0,paved,fog,1,afternoon,3.29,0,69,0,24.0,62.7,0
groceries,high,15.37,0,paved,rain,1,night,0.71,0,25,0,38.8,37.5,0
clothing,emergency,5.25,0,paved,fog,5,morning,1.9,0,79,0,48.8,18.2,0
groceries,high,23.18,1,paved,rain,2,evening,7.87,1,58,0,41.0,64.5,0
medicine,high,12.37,1,unpaved,clear,1,night,5.21,1,85,0,90.0,42.7,0
electronics,emergency,5.41,1,mixed,clear,5,afternoon,0.51,3,26,0,59.8,25.3,1
clothing,normal,15.03,1,unpaved,rain,2,night,2.99,0,41,0,23.5,64.3,1
agricultural_supplies,emergency,3.85,1,paved,clear,4,evening,3.0,1,67,0,72.7,8.9,0
documents,high,4.97,0,paved,clear,4,afternoon,6.02,1,83,0,43.1,17.9,0
electronics,normal,19.46,1,paved,storm,3,afternoon,1.13,3,66,0,39.3,81.2,0
clothing,normal,6.98,1,unpaved,storm,3,morning,4.81,2,94,0,24.4,60.0,1
agricultural_supplies,high,2.19,1,paved,clear,5,afternoon,9.89,0,59,0,57.3,6.1,0
clothing,normal,29.77,0,mixed,clear,1,night,8.61,2,60,1,23.3,77.9,0
agricultural_supplies,high,23.05,0,paved,clear,2,night,1.57,0,61,0,42.3,48.6,0
agricultural_supplies,emergency,4.24,0,paved,clear,3,night,7.41,0,21,1,74.0,5.0,0
agricultural_supplies,high,3.46,0,paved,clear,4,afternoon,1.41,2,22,0,46.9,9.4,0
medicine,emergency,1.82,1,paved,rain,1,evening,2.35,0,33,0,99.0,5.0,0
medicine,high,8.98,0,paved,rain,4,evening,2.06,1,26,0,68.7,20.5,0
medicine,low,3.96,0,mixed,clear,4,night,1.69,2,36,0,34.7,15.3,0
medicine,high,29.43,1,mixed,rain,1,morning,1.87,2,92,0,79.4,98.7,0
groceries,normal,1.14,1,unpaved,clear,1,morning,1.26,3,83,0,37.9,6.3,1
medicine,low,3.74,0,paved,clear,5,afternoon,1.26,1,78,0,38.1,10.2,0
medicine,low,8.86,1,mixed,fog,5,afternoon,7.9,0,89,0,51.0,47.0,1
agricultural_supplies,normal,15.68,0,paved,fog,1,afternoon,1.76,1,70,0,31.0,33.9,0
agricultural_supplies,emergency,7.99,0,paved,rain,2,night,2.51,1,34,1,73.3,20.3,0
clothing,high,9.85,1,paved,clear,5,evening,2.67,1,69,1,44.0,31.0,0
electronics,emergency,1.68,0,paved,clear,5,night,2.61,0,34,0,51.8,5.1,0
electronics,low,6.96,1,paved,clear,3,night,10.4,0,54,0,16.2,23.7,0
electronics,low,11.94,0,paved,fog,2,afternoon,2.87,0,48,0,0.2,39.6,0
groceries,high,7.09,0,paved,fog,2,afternoon,0.51,2,32,1,48.4,13.7,0
agricultural_supplies,normal,25.57,0,paved,clear,5,morning,1.27,2,51,0,38.1,73.4,0
agricultural_supplies,normal,6.08,1,paved,clear,4,afternoon,2.9,1,82,1,55.0,12.5,0
groceries,low,9.12,0,paved,clear,4,evening,4.45,1,44,0,11.9,24.0,0
medicine,low,2.02,0,paved,clear,2,afternoon,4.28,1,58,0,42.6,5.0,0
agricultural_supplies,normal,2.64,0,mixed,clear,2,evening,0.85,0,79,0,28.8,5.5,0
groceries,normal,8.84,0,paved,rain,5,afternoon,4.49,1,64,0,31.3,24.4,0
groceries,normal,15.41,0,paved,fog,2,evening,7.14,1,79,0,21.7,39.8,0
agricultural_supplies,high,4.72,1,mixed,rain,1,evening,1.7,1,70,0,59.6,19.0,0
groceries,low,5.91,1,mixed,fog,5,morning,0.79,2,54,0,16.2,27.1,0
agricultural_supplies,low,43.97,0,mixed,clear,2,evening,2.89,1,82,0,21.7,122.8,0
groceries,high,24.76,1,paved,clear,5,afternoon,6.92,0,86,0,46.7,69.1,0
groceries,low,8.79,1,unpaved,clear,5,afternoon,2.67,3,77,0,18.8,43.0,1
agricultural_supplies,high,8.22,0,paved,clear,2,afternoon,6.1,0,42,0,43.2,18.1,0
groceries,high,23.78,0,paved,rain,5,afternoon,3.33,5,53,0,41.0,84.0,0
clothing,low,16.44,1,mixed,rain,4,evening,5.0,3,42,0,7.5,83.5,0
groceries,emergency,10.78,0,paved,clear,1,afternoon,6.96,2,61,0,46.1,20.6,0
medicine,high,27.23,0,paved,clear,5,night,4.2,3,70,0,81.2,72.1,0
agricultural_supplies,normal,7.32,1,unpaved,rain,4,afternoon,4.27,2,71,0,38.9,49.4,1
groceries,normal,29.93,0,unpaved,rain,1,afternoon,3.66,1,87,0,24.2,121.7,0
clothing,low,3.31,1,paved,clear,1,morning,3.3,1,37,0,4.0,23.0,0
groceries,high,7.69,1,paved,rain,2,night,1.92,0,32,0,40.0,24.6,0
groceries,low,2.69,1,mixed,fog,1,evening,13.27,3,43,0,21.0,16.0,0
groceries,low,2.98,0,paved,fog,5,afternoon,2.14,0,35,1,16.2,9.9,1
groceries,emergency,2.58,0,paved,fog,2,evening,1.05,0,47,0,48.5,11.7,0
agricultural_supplies,normal,12.93,0,paved,clear,2,night,3.65,0,63,0,28.1,29.5,0
electronics,low,4.59,1,paved,clear,2,morning,2.53,1,37,0,13.9,20.2,0
agricultural_supplies,high,12.13,1,paved,clear,2,afternoon,4.9,1,24,0,70.7,31.2,0
medicine,normal,3.03,0,paved,clear,4,morning,4.98,3,96,0,55.9,11.4,0
agricultural_supplies,normal,2.85,0,mixed,clear,1,morning,3.26,1,57,1,41.6,8.4,0
groceries,emergency,5.17,1,paved,clear,3,evening,0.59,4,97,0,70.2,11.9,0
medicine,normal,11.47,1,paved,clear,2,morning,2.0,2,76,0,56.4,33.8,0
electronics,normal,10.87,0,mixed,clear,5,night,5.25,3,28,1,27.2,35.5,0
clothing,normal,2.42,1,paved,clear,5,evening,2.16,1,58,1,37.7,7.1,0
groceries,normal,18.27,1,paved,clear,3,afternoon,5.43,3,67,0,41.3,47.9,0
clothing,emergency,9.63,1,paved,fog,1,evening,6.22,1,92,0,65.3,30.0,1
electronics,low,2.8,0,mixed,storm,4,morning,12.78,2,87,0,14.9,20.0,1
electronics,low,4.12,0,paved,clear,1,morning,5.06,2,59,0,16.3,14.0,0
medicine,normal,42.66,0,mixed,rain,2,evening,3.88,0,62,0,53.1,147.4,0
groceries,normal,2.01,0,mixed,clear,4,afternoon,0.7,1,51,0,25.6,10.6,0
medicine,normal,23.31,1,paved,clear,2,morning,6.7,1,37,1,83.1,49.9,0
medicine,low,5.7,0,mixed,clear,2,afternoon,1.48,1,45,0,42.8,26.3,0
agricultural_supplies,low,25.01,1,unpaved,rain,1,afternoon,7.67,1,63,0,25.5,112.6,0
medicine,normal,18.46,1,mixed,storm,3,afternoon,2.29,0,57,0,54.7,104.1,0
electronics,high,7.5,0,paved,clear,2,morning,3.54,0,67,0,34.6,13.8,0
groceries,emergency,13.9,0,paved,clear,5,afternoon,7.71,1,37,1,60.7,36.4,0
medicine,normal,33.29,0,paved,clear,5,afternoon,8.32,2,93,0,59.9,93.3,0
agricultural_supplies,high,3.61,1,mixed,fog,1,afternoon,2.67,1,78,0,63.9,13.1,0
groceries,emergency,1.32,0,paved,clear,5,evening,5.73,2,76,0,45.0,5.0,0
groceries,high,4.94,0,paved,clear,5,afternoon,3.75,1,44,0,32.1,14.3,0
clothing,low,4.09,1,paved,fog,5,morning,1.6,0,43,0,8.6,21.8,0
electronics,high,2.02,0,paved,clear,5,morning,3.65,0,80,0,30.1,5.0,0
electronics,low,12.05,1,mixed,storm,2,afternoon,2.29,0,44,0,14.1,67.0,0
groceries,high,7.32,1,mixed,storm,3,night,0.34,0,97,0,50.7,46.4,0
agricultural_supplies,low,4.74,0,paved,clear,2,night,1.9,0,81,0,15.8,11.8,0
clothing,high,10.53,1,unpaved,rain,3,morning,2.34,0,50,0,50.6,59.8,1
medicine,normal,10.38,0,paved,clear,2,afternoon,2.68,0,41,1,65.7,21.3,0
groceries,normal,1.35,0,paved,clear,4,morning,2.59,3,91,0,27.3,5.9,0
electronics,normal,5.9,1,paved,rain,1,afternoon,3.91,1,28,0,31.3,21.6,0
agricultural_supplies,high,19.68,0,paved,clear,5,afternoon,3.51,0,67,0,51.9,50.2,0
medicine,normal,22.65,0,paved,clear,5,night,3.98,1,87,0,64.8,60.4,0
groceries,normal,16.44,1,unpaved,rain,4,afternoon,4.19,1,92,1,36.5,92.1,1
medicine,normal,14.26,1,unpaved,clear,1,night,0.4,2,20,0,61.2,49.4,0
clothing,low,12.47,1,paved,clear,4,night,2.08,2,80,0,10.2,40.0,0
groceries,normal,11.4,0,mixed,clear,1,morning,3.83,0,64,0,11.3,33.4,0
agricultural_supplies,high,10.34,1,mixed,clear,3,morning,10.24,1,73,0,64.0,41.0,0
clothing,normal,18.27,0,paved,clear,3,night,3.07,1,44,0,17.0,45.1,0
medicine,normal,42.13,1,mixed,clear,3,night,2.48,0,81,0,70.7,127.8,0
groceries,high,5.49,0,paved,rain,5,afternoon,0.48,0,35,0,30.3,17.7,0
electronics,high,22.5,1,mixed,fog,4,night,5.59,0,50,0,43.6,107.2,1
agricultural_supplies,high,5.27,1,mixed,rain,2,afternoon,4.02,1,62,0,50.1,24.1,0
electronics,high,12.42,1,paved,clear,3,evening,2.51,2,60,0,54.4,36.1,0
agricultural_supplies,normal,35.97,0,unpaved,rain,5,afternoon,1.41,0,27,1,46.5,208.7,0
groceries,normal,4.61,0,paved,clear,3,evening,3.95,2,24,0,28.4,5.0,0
agricultural_supplies,normal,1.02,0,paved,clear,2,evening,1.62,1,25,0,31.4,5.0,0
groceries,high,1.35,1,mixed,clear,4,morning,3.77,1,64,0,52.5,9.5,0
groceries,high,2.43,0,mixed,clear,4,afternoon,3.12,0,67,0,35.2,10.7,0
medicine,normal,29.72,0,mixed,clear,3,night,5.11,2,71,0,51.6,92.0,0
clothing,high,2.8,0,paved,clear,3,morning,3.0,0,54,0,34.3,6.0,0
electronics,emergency,30.45,0,paved,clear,5,morning,4.86,5,64,1,62.5,84.3,0
medicine,normal,16.43,0,unpaved,clear,2,morning,2.97,3,38,0,54.4,61.8,1
groceries,high,17.98,0,paved,clear,4,afternoon,3.79,3,77,0,40.1,44.2,0
groceries,low,12.77,1,unpaved,clear,2,evening,3.44,1,40,0,21.4,51.0,0
agricultural_supplies,low,14.92,0,paved,rain,4,night,1.9,0,92,1,24.5,53.7,0
agricultural_supplies,high,4.3,1,unpaved,clear,2,night,5.57,1,53,0,50.3,20.4,0
medicine,low,21.41,0,unpaved,clear,1,afternoon,4.28,1,49,0,40.1,63.1,0
clothing,low,21.28,1,paved,rain,3,evening,1.22,1,74,0,11.8,65.4,0
documents,emergency,15.19,0,paved,storm,4,night,8.08,2,78,0,55.8,68.0,0
groceries,normal,11.66,1,paved,clear,5,night,4.45,1,55,0,34.3,42.4,0
groceries,low,20.02,0,mixed,clear,4,evening,5.46,2,67,0,4.9,60.6,0
electronics,low,7.0,0,paved,fog,1,evening,0.74,1,99,0,3.0,16.5,0
groceries,normal,7.35,1,paved,clear,1,night,0.99,0,45,0,33.8,21.0,0
documents,normal,2.86,0,mixed,clear,2,afternoon,2.59,1,49,0,32.9,5.0,0
groceries,normal,13.35,1,paved,rain,3,morning,2.64,1,80,0,27.3,42.0,0
groceries,low,11.93,0,paved,rain,3,evening,3.97,0,93,0,13.1,38.8,0
agricultural_supplies,high,50.09,0,mixed,clear,3,night,1.83,1,67,1,51.1,148.0,0
electronics,normal,14.05,0,paved,fog,2,night,1.44,3,95,0,27.2,41.9,0
electronics,normal,7.38,0,paved,clear,3,evening,9.76,1,20,0,26.0,22.8,0
agricultural_supplies,high,14.32,0,paved,fog,4,night,0.77,1,27,0,43.9,42.6,1
medicine,low,12.82,0,paved,storm,1,afternoon,2.22,2,60,1,53.5,40.0,0
groceries,high,17.04,0,paved,fog,4,evening,0.42,0,60,0,36.3,66.9,1
agricultural_supplies,high,26.46,1,unpaved,clear,4,morning,12.27,0,91,0,60.9,115.1,1
medicine,normal,74.48,0,paved,storm,2,afternoon,2.74,1,62,0,57.9,285.8,0
documents,low,2.84,0,mixed,rain,2,night,16.19,0,65,1,29.4,5.0,0
documents,emergency,11.94,0,paved,clear,5,morning,3.22,1,37,0,64.6,40.0,0
groceries,normal,15.04,0,mixed,fog,2,afternoon,6.92,1,42,0,28.2,62.9,0
agricultural_supplies,high,7.11,1,mixed,fog,3,afternoon,3.09,0,62,1,67.2,30.8,1
electronics,normal,50.53,0,paved,fog,4,night,2.07,0,61,0,14.8,169.1,0
groceries,high,25.15,1,unpaved,rain,4,evening,1.53,1,22,0,49.2,139.9,1
groceries,normal,2.92,1,unpaved,clear,4,night,4.19,0,39,0,26.1,14.3,1
medicine,normal,14.98,1,unpaved,fog,4,afternoon,2.08,2,96,0,63.9,94.8,1
agricultural_supplies,emergency,19.58,1,unpaved,clear,5,morning,4.55,3,20,0,72.9,100.2,1
electronics,normal,3.48,0,paved,fog,4,afternoon,1.61,3,95,1,29.5,16.4,1
groceries,high,2.24,0,unpaved,clear,1,night,1.96,1,59,0,40.6,5.3,0
groceries,normal,24.05,1,mixed,fog,1,evening,0.91,0,99,0,33.2,92.0,0
groceries,normal,1.19,0,paved,clear,5,afternoon,2.85,2,95,1,37.6,5.3,0
agricultural_supplies,normal,10.07,1,unpaved,clear,1,morning,5.25,1,82,0,50.8,31.2,0
medicine,high,10.02,0,paved,clear,2,morning,5.07,0,60,0,73.0,25.2,0
clothing,low,19.87,0,paved,fog,5,evening,1.36,1,55,0,11.1,75.5,1
documents,low,22.89,0,paved,clear,3,night,1.88,0,69,0,14.3,54.7,0
groceries,high,2.3,0,paved,clear,2,afternoon,2.36,1,61,0,38.6,5.7,0
groceries,normal,3.94,0,paved,clear,4,evening,1.69,0,32,0,21.4,8.2,1
clothing,low,11.57,0,paved,clear,4,morning,1.25,0,41,1,13.0,26.8,0
agricultural_supplies,high,9.13,1,paved,rain,2,morning,1.1,2,71,0,59.3,32.4,0
agricultural_supplies,normal,2.63,0,paved,fog,5,night,11.78,1,40,0,33.8,14.7,1
groceries,low,24.51,0,paved,clear,3,morning,4.74,2,38,0,8.2,57.1,0
medicine,normal,9.19,0,mixed,clear,5,night,1.9,0,55,0,57.9,36.0,0
documents,normal,3.02,0,paved,clear,3,morning,4.7,1,84,0,22.7,13.0,0
documents,low,20.96,0,paved,clear,2,night,3.98,1,51,0,12.9,38.0,0
agricultural_supplies,high,3.75,1,paved,clear,1,night,3.07,5,60,0,63.9,16.0,0
clothing,high,3.99,0,paved,rain,3,afternoon,2.84,1,93,0,30.4,6.4,0
agricultural_supplies,normal,2.77,0,mixed,clear,3,evening,7.41,2,89,0,33.7,7.3,0
groceries,normal,32.74,0,unpaved,rain,1,evening,4.15,0,99,0,24.4,128.8,0
groceries,high,5.53,0,paved,clear,3,night,0.26,3,28,0,37.2,18.7,0
electronics,low,66.58,0,paved,rain,2,afternoon,0.77,0,57,0,4.3,184.2,0
medicine,high,3.83,1,paved,rain,3,afternoon,3.96,2,73,0,84.6,18.4,0
agricultural_supplies,low,4.62,0,paved,clear,5,afternoon,10.33,5,78,0,9.7,15.3,0
electronics,low,31.08,1,paved,rain,3,evening,5.49,1,94,0,18.1,89.3,0
medicine,normal,2.95,1,paved,clear,2,morning,1.29,0,83,0,57.4,10.2,0
groceries,low,16.64,0,paved,clear,3,afternoon,2.92,4,82,0,14.1,41.1,0
electronics,low,4.88,0,mixed,clear,5,evening,2.42,0,71,0,2.2,18.4,0
electronics,emergency,3.22,1,mixed,clear,2,night,4.91,0,89,0,71.8,19.2,0
electronics,emergency,1.85,1,mixed,rain,5,morning,6.77,1,29,0,64.2,15.0,1
agricultural_supplies,low,8.04,1,mixed,clear,4,evening,3.7,2,90,0,30.7,30.0,0
groceries,high,17.12,0,paved,rain,2,night,5.09,1,26,0,40.3,43.5,0
medicine,high,39.12,0,paved,rain,5,morning,3.83,2,51,0,68.4,131.9,0
clothing,normal,21.21,0,mixed,fog,3,night,5.67,1,50,0,17.3,86.9,1
medicine,low,22.7,1,paved,rain,1,evening,2.44,1,25,0,52.8,58.5,0
groceries,high,1.33,0,paved,clear,4,evening,6.69,1,54,0,33.8,5.0,0
electronics,normal,4.08,0,paved,clear,4,night,10.36,3,41,1,23.8,12.8,0
agricultural_supplies,high,2.0,1,unpaved,fog,5,night,3.6,1,43,0,54.0,17.7,1
groceries,low,5.56,0,paved,rain,4,evening,1.85,4,40,0,4.6,21.5,0
medicine,low,2.43,1,paved,rain,1,afternoon,0.89,0,29,0,51.0,10.3,0
agricultural_supplies,normal,8.66,0,paved,rain,3,night,6.66,0,32,0,36.4,26.5,0
groceries,low,15.82,1,mixed,rain,2,evening,3.61,2,50,0,17.6,69.5,0
documents,normal,17.76,0,paved,clear,5,morning,2.46,2,44,1,25.1,44.9,0
groceries,high,7.48,1,paved,rain,3,morning,3.1,2,60,0,41.4,34.3,0
electronics,normal,9.58,0,paved,clear,1,morning,4.09,1,22,0,23.0,13.0,0
medicine,low,60.01,0,mixed,clear,1,morning,7.85,0,36,0,35.8,151.4,0
groceries,high,47.01,0,paved,clear,5,evening,3.03,2,34,0,39.0,128.4,0
documents,high,23.91,0,paved,clear,2,evening,6.19,4,27,0,42.6,47.1,0
documents,low,10.65,1,mixed,clear,3,afternoon,0.62,2,85,0,21.3,32.5,0
medicine,emergency,4.77,0,paved,rain,5,evening,3.69,2,61,0,83.1,18.5,0
medicine,low,5.77,0,paved,clear,5,morning,2.2,0,86,0,39.1,16.3,1
agricultural_supplies,emergency,7.49,0,mixed,rain,4,morning,2.26,3,96,0,70.2,27.2,0
documents,high,1.84,0,unpaved,clear,4,evening,7.81,1,56,1,49.8,11.1,1
agricultural_supplies,low,1.81,0,paved,clear,3,morning,11.98,0,55,0,14.1,5.4,0
agricultural_supplies,high,8.38,1,unpaved,clear,5,evening,5.1,1,45,1,56.8,45.2,1
clothing,emergency,6.57,0,paved,clear,3,afternoon,2.42,0,68,0,48.9,14.4,0
electronics,normal,4.95,0,paved,rain,5,morning,5.16,3,49,0,19.0,16.5,0
clothing,high,14.07,1,unpaved,clear,2,afternoon,2.09,1,68,0,44.8,59.5,0
groceries,normal,1.04,0,mixed,clear,1,morning,1.65,1,42,1,31.4,5.0,0
groceries,high,24.56,1,paved,rain,3,evening,4.7,1,93,0,56.4,74.6,0
medicine,normal,6.29,0,paved,rain,1,afternoon,2.64,3,81,0,54.8,8.8,0
groceries,emergency,4.27,0,paved,rain,5,afternoon,2.56,0,88,0,50.8,23.0,1
documents,low,7.28,0,paved,clear,5,night,2.26,1,99,0,21.1,15.0,0
electronics,low,2.75,0,mixed,rain,4,morning,6.24,0,74,0,3.0,14.6,0
agricultural_supplies,high,10.31,0,paved,clear,3,evening,1.81,3,66,0,52.9,30.2,0
groceries,normal,4.65,0,paved,clear,3,night,5.99,2,29,0,23.0,15.1,0
documents,high,4.98,1,paved,clear,3,morning,7.01,1,62,0,58.9,17.1,0
agricultural_supplies,high,21.49,0,mixed,clear,3,morning,0.56,1,79,0,46.9,66.0,0
electronics,normal,5.46,1,unpaved,rain,1,night,2.16,0,43,0,21.4,25.6,0
groceries,normal,1.83,0,paved,clear,2,afternoon,1.58,1,72,0,22.3,5.0,0
electronics,normal,3.42,0,mixed,storm,5,morning,1.46,1,54,1,34.0,24.8,1
groceries,normal,9.43,0,mixed,rain,5,night,2.49,1,27,0,22.2,35.8,0
groceries,low,4.62,1,paved,clear,4,night,1.72,1,20,0,14.9,21.0,0
documents,normal,3.59,0,mixed,clear,2,evening,1.7,2,53,0,25.0,5.0,0
groceries,high,9.91,0,paved,clear,5,afternoon,0.81,2,20,1,41.2,29.1,0
medicine,low,10.83,1,unpaved,clear,4,afternoon,2.41,0,45,0,45.0,54.5,1
groceries,low,2.3,0,unpaved,clear,1,night,2.74,2,84,0,9.9,7.1,1
clothing,emergency,8.65,0,mixed,fog,1,morning,0.37,0,42,0,52.3,22.0,0
agricultural_supplies,normal,3.14,0,paved,rain,5,afternoon,0.36,1,96,1,36.9,14.4,0
medicine,normal,5.65,0,paved,storm,4,afternoon,3.56,3,30,0,57.4,20.7,1
medicine,normal,15.89,1,mixed,clear,2,afternoon,3.07,2,37,1,71.2,55.3,0
groceries,normal,16.7,1,unpaved,clear,4,evening,7.24,2,96,0,27.1,77.8,1
groceries,normal,4.38,0,paved,clear,4,evening,8.55,0,94,0,32.4,6.3,0
medicine,emergency,2.13,0,mixed,rain,2,morning,7.74,0,41,0,80.6,5.0,0
documents,high,19.15,0,paved,clear,4,afternoon,0.89,2,72,0,47.3,54.2,0
documents,high,7.43,1,paved,clear,3,evening,2.3,2,73,0,41.6,23.4,0
clothing,low,15.11,0,paved,rain,2,afternoon,5.48,0,58,0,8.8,40.5,0
electronics,low,54.27,1,mixed,rain,4,evening,3.32,0,21,0,13.2,226.4,0
groceries,normal,3.21,1,mixed,storm,3,evening,0.55,3,57,0,24.5,20.4,0
electronics,normal,23.56,0,paved,storm,5,night,7.77,1,65,0,17.3,116.3,0
medicine,normal,6.27,0,mixed,clear,1,night,14.98,2,43,0,55.6,15.3,0
agricultural_supplies,emergency,2.07,1,paved,clear,5,morning,2.43,2,30,0,71.5,15.0,0
electronics,normal,6.69,0,mixed,rain,5,evening,0.73,0,28,0,25.5,26.7,0
agricultural_supplies,high,3.85,0,unpaved,clear,2,afternoon,5.15,3,81,1,58.2,15.2,0
groceries,low,10.84,1,unpaved,clear,5,afternoon,1.72,0,66,0,23.0,55.2,0
documents,normal,13.88,0,paved,clear,5,afternoon,5.05,0,96,0,22.3,36.5,0
clothing,high,14.55,1,paved,clear,2,afternoon,2.13,2,31,1,50.0,37.4,0
medicine,normal,1.62,1,unpaved,clear,2,afternoon,3.36,0,61,0,62.8,9.6,0
electronics,low,3.89,1,paved,clear,5,night,0.34,0,71,0,16.1,14.0,0
clothing,normal,15.85,0,paved,storm,5,morning,1.51,0,34,0,20.0,79.1,0
agricultural_supplies,low,4.87,1,unpaved,rain,2,night,3.1,1,91,0,26.2,25.7,0
groceries,low,9.16,1,paved,fog,5,afternoon,8.79,0,89,1,27.6,37.4,1
clothing,high,8.79,0,paved,clear,3,morning,6.57,0,98,0,28.7,16.7,0
documents,low,14.73,1,paved,rain,1,evening,2.46,1,46,0,24.5,44.7,0
medicine,high,3.73,1,mixed,rain,5,night,6.7,0,98,0,84.4,20.5,0
agricultural_supplies,high,19.49,1,paved,clear,5,night,5.77,1,34,0,60.9,60.6,0
medicine,emergency,4.3,1,unpaved,clear,4,evening,6.41,0,31,0,92.5,21.7,0
groceries,low,17.1,0,mixed,rain,3,morning,4.26,0,63,0,1.5,68.8,0
groceries,normal,31.17,0,paved,rain,4,morning,2.96,0,50,0,26.0,91.2,0
groceries,low,19.5,1,mixed,clear,4,afternoon,3.71,0,81,0,23.7,68.9,0
documents,high,13.93,0,paved,clear,5,night,8.83,3,94,1,44.5,37.6,0
medicine,normal,10.06,0,paved,clear,4,afternoon,6.11,2,54,1,62.4,20.6,0
groceries,emergency,4.59,0,mixed,clear,4,morning,0.89,1,95,0,49.9,8.0,0
medicine,high,10.38,1,unpaved,clear,5,evening,0.96,2,92,0,79.8,56.1,1
medicine,normal,4.11,0,paved,clear,3,evening,1.74,3,35,0,58.5,13.5,0
agricultural_supplies,high,9.59,0,mixed,clear,5,afternoon,1.75,1,77,0,48.5,38.5,0
medicine,normal,13.36,0,paved,rain,4,night,4.2,0,24,0,52.5,37.9,0
agricultural_supplies,high,10.37,0,mixed,storm,1,night,5.16,1,79,0,38.7,46.7,0
medicine,emergency,7.35,0,paved,clear,5,night,0.6,0,68,0,83.5,18.4,0
groceries,normal,2.14,0,paved,clear,4,evening,2.69,2,85,0,16.0,10.6,0
clothing,low,4.73,0,paved,rain,2,morning,3.3,1,34,1,7.6,11.7,0
agricultural_supplies,low,5.53,1,paved,clear,5,morning,2.49,1,28,0,23.4,16.9,0
clothing,high,10.18,0,mixed,fog,1,evening,2.74,0,27,0,32.1,38.1,0
clothing,high,15.78,1,paved,clear,4,night,1.59,0,66,1,51.5,51.6,0
medicine,low,4.29,0,paved,storm,1,evening,2.88,0,97,0,40.0,16.1,0
groceries,high,10.24,0,paved,clear,4,afternoon,2.97,1,32,0,33.8,24.5,0
groceries,high,14.15,0,paved,fog,5,morning,0.11,1,46,1,38.3,55.1,1
clothing,emergency,3.11,1,paved,clear,5,night,2.74,3,68,0,58.5,10.1,0
documents,normal,11.88,0,mixed,clear,2,afternoon,8.7,2,99,0,17.8,33.3,0
clothing,normal,10.84,1,mixed,clear,3,night,3.11,3,85,0,33.8,37.9,0
medicine,normal,13.09,1,mixed,clear,3,morning,3.52,3,65,1,73.5,45.8,1
agricultural_supplies,low,19.18,0,unpaved,clear,3,afternoon,2.97,1,44,0,18.1,68.5,1
documents,normal,13.86,0,paved,storm,5,night,6.36,1,20,1,35.4,64.5,1
electronics,low,5.26,1,paved,clear,5,evening,4.65,0,26,0,16.4,19.8,0
clothing,low,4.51,1,unpaved,clear,5,afternoon,7.9,2,89,0,17.1,26.5,1
clothing,normal,26.1,0,paved,clear,2,morning,8.62,2,71,0,19.4,53.2,0
groceries,emergency,3.28,0,paved,clear,3,evening,3.73,3,92,1,54.0,9.4,0
groceries,low,11.25,1,unpaved,clear,2,evening,0.64,0,85,0,13.5,46.9,1
agricultural_supplies,emergency,2.61,0,paved,rain,5,morning,7.09,0,80,0,70.0,8.2,0
agricultural_supplies,normal,4.23,0,paved,rain,5,night,2.92,1,43,1,39.6,11.6,0
documents,low,1.6,0,paved,fog,4,evening,2.38,2,40,0,14.1,5.0,0
agricultural_supplies,high,5.41,0,paved,rain,3,evening,0.88,0,59,0,50.9,12.5,0
groceries,normal,41.5,1,mixed,clear,4,evening,4.32,1,62,0,31.5,139.6,0
documents,low,24.69,0,paved,fog,5,morning,7.03,2,43,0,4.9,90.8,0
medicine,normal,9.41,1,paved,clear,4,morning,14.34,1,88,0,71.1,22.9,0
clothing,high,5.08,1,unpaved,clear,3,night,7.69,4,87,0,40.4,22.9,1
medicine,normal,69.31,0,mixed,clear,5,afternoon,3.36,1,78,0,64.0,244.7,0
groceries,normal,7.55,1,paved,rain,1,night,2.85,0,84,0,26.5,27.8,0
groceries,normal,3.14,0,mixed,clear,3,evening,6.65,0,69,0,27.1,8.0,0
clothing,low,10.28,0,paved,clear,1,evening,5.85,2,61,0,5.8,11.7,0
electronics,low,6.71,1,mixed,storm,3,night,4.58,2,43,0,14.9,44.7,1
agricultural_supplies,normal,32.5,0,mixed,rain,2,morning,3.7,1,24,0,29.5,114.3,0
groceries,normal,32.95,0,paved,rain,2,morning,2.8,0,24,0,22.4,91.1,0
medicine,normal,1.16,0,paved,storm,1,night,1.24,3,82,0,55.4,9.6,0
clothing,emergency,13.0,0,unpaved,clear,4,night,2.05,3,37,0,50.9,58.1,1
electronics,low,15.89,1,paved,rain,1,evening,0.36,0,57,0,20.6,45.0,0
medicine,high,3.84,0,paved,rain,4,evening,1.77,3,73,0,66.1,15.9,0
medicine,emergency,1.02,1,unpaved,clear,2,night,2.29,0,36,1,100.0,6.5,0
groceries,normal,1.06,0,paved,rain,4,afternoon,0.58,0,42,0,24.4,5.0,0
electronics,normal,33.07,0,paved,clear,4,morning,2.1,1,77,0,26.0,79.5,0
groceries,high,4.17,1,paved,clear,4,morning,4.2,0,97,0,48.0,18.9,0
clothing,normal,2.11,0,paved,clear,2,night,4.37,0,76,0,21.2,5.0,0
agricultural_supplies,normal,11.07,0,unpaved,rain,4,afternoon,6.79,1,46,0,24.4,64.1,0
agricultural_supplies,normal,18.49,1,unpaved,clear,1,afternoon,4.78,1,41,1,63.6,69.8,0
groceries,normal,13.86,1,unpaved,rain,1,night,7.76,0,69,0,29.7,66.5,0
agricultural_supplies,normal,1.46,0,mixed,clear,2,evening,0.57,1,68,0,28.8,5.0,0
medicine,normal,13.21,1,mixed,rain,5,evening,7.55,2,71,0,65.4,60.2,0
groceries,low,4.27,1,paved,fog,4,night,8.97,0,81,0,23.0,17.9,1
documents,emergency,18.66,0,paved,clear,4,morning,4.56,3,55,0,65.9,42.0,0
clothing,normal,25.37,1,mixed,clear,4,night,1.49,3,74,0,27.7,91.9,0
groceries,emergency,11.22,1,paved,fog,1,night,2.07,1,75,0,56.2,38.7,0
groceries,normal,14.8,0,mixed,clear,2,afternoon,0.45,2,51,0,23.7,36.9,0
documents,emergency,4.23,0,paved,clear,3,night,3.66,4,82,0,45.6,8.6,0
groceries,high,25.38,1,unpaved,clear,2,morning,0.88,0,90,0,44.7,100.8,0
documents,normal,3.29,0,paved,clear,2,night,3.44,1,31,0,29.1,11.3,0
medicine,normal,55.66,0,paved,clear,5,night,1.65,1,57,0,55.4,154.8,0
documents,low,33.1,1,paved,clear,3,evening,3.58,1,96,0,26.8,79.7,0
groceries,high,9.2,0,paved,rain,4,night,2.62,1,53,0,43.5,30.4,0
medicine,high,3.61,0,paved,clear,1,morning,0.4,1,68,1,81.3,8.4,0
groceries,high,8.64,0,mixed,rain,4,afternoon,0.49,0,29,0,37.6,33.5,0
agricultural_supplies,normal,6.6,0,mixed,fog,2,evening,2.61,1,63,0,29.3,16.8,0
groceries,high,3.13,1,unpaved,fog,5,evening,3.03,0,98,0,42.8,19.1,1
groceries,high,19.95,0,unpaved,clear,5,night,5.43,0,82,0,44.3,85.6,1
clothing,high,25.84,1,paved,clear,2,night,8.87,0,92,0,44.9,59.4,0
clothing,low,29.58,1,unpaved,clear,5,evening,2.75,0,25,0,12.9,142.8,1
clothing,low,3.4,1,unpaved,clear,4,night,2.98,1,42,1,18.5,21.2,0
medicine,emergency,21.91,1,paved,clear,2,evening,6.7,1,43,0,97.6,51.0,0
agricultural_supplies,emergency,5.84,0,paved,rain,2,evening,4.56,0,88,0,61.5,14.5,0
documents,normal,1.07,1,unpaved,clear,2,night,3.91,2,83,0,32.5,11.6,0
groceries,low,36.73,1,paved,clear,2,morning,3.66,0,75,0,21.7,80.9,0
electronics,normal,14.18,0,paved,rain,3,night,1.36,1,59,0,21.5,41.6,0
groceries,normal,17.68,1,mixed,clear,3,afternoon,1.42,0,33,0,38.3,62.8,0
groceries,normal,11.63,0,mixed,clear,3,night,14.47,0,64,1,26.6,32.8,0
agricultural_supplies,normal,1.83,0,paved,clear,3,morning,2.06,4,21,0,27.4,8.1,0
clothing,normal,16.7,0,paved,fog,4,night,0.99,2,91,0,19.8,56.2,0
agricultural_supplies,low,11.45,0,paved,fog,5,night,4.53,2,90,0,16.1,43.0,1
agricultural_supplies,normal,3.3,0,paved,clear,4,night,1.15,1,56,0,31.0,10.7,0
agricultural_supplies,low,4.04,0,mixed,storm,1,afternoon,6.82,4,50,0,6.1,16.7,1
clothing,low,2.14,0,paved,clear,3,night,5.26,0,91,1,16.9,10.7,0
groceries,low,27.01,0,paved,clear,2,night,8.54,0,92,0,10.9,59.1,0
electronics,high,10.36,0,paved,clear,5,afternoon,5.67,0,74,0,42.5,31.1,0
groceries,normal,38.52,0,paved,rain,5,morning,3.52,1,76,0,29.2,132.1,0
groceries,normal,2.89,0,unpaved,rain,1,afternoon,4.4,1,67,0,22.1,17.1,0
groceries,high,5.14,0,paved,clear,5,evening,5.06,2,46,0,30.9,13.1,0
agricultural_supplies,low,12.66,1,mixed,fog,4,afternoon,3.73,1,98,0,32.9,62.0,1
electronics,emergency,12.81,1,paved,rain,4,evening,1.42,2,43,0,51.5,44.8,0
groceries,normal,17.79,1,mixed,clear,2,afternoon,5.92,2,31,0,32.5,50.4,0
documents,normal,23.74,1,unpaved,clear,1,evening,1.12,1,51,1,47.8,86.7,0
groceries,low,11.22,0,mixed,clear,5,night,3.85,0,56,0,21.5,45.1,0
electronics,normal,3.85,0,paved,fog,2,night,1.03,1,61,1,31.8,9.4,0
groceries,low,4.93,1,mixed,clear,5,evening,11.95,0,66,1,19.9,21.6,0
agricultural_supplies,high,16.53,0,paved,fog,4,afternoon,0.9,2,20,0,54.5,54.7,1
clothing,normal,10.36,1,unpaved,rain,2,evening,8.52,2,21,0,27.3,50.0,0
agricultural_supplies,low,2.5,0,paved,clear,4,night,8.23,2,48,0,15.4,9.5,0
clothing,low,7.38,1,mixed,rain,1,afternoon,8.98,2,78,0,14.0,28.0,0
medicine,low,11.78,0,paved,clear,2,night,3.03,0,97,0,41.3,31.3,0
groceries,normal,32.7,0,unpaved,clear,4,evening,0.72,0,95,0,21.7,137.5,1
groceries,high,7.07,0,paved,clear,1,morning,2.25,2,32,0,32.4,13.9,0
documents,normal,22.75,0,unpaved,clear,5,afternoon,2.91,1,43,0,23.6,106.0,1
clothing,low,12.65,1,paved,clear,5,afternoon,2.61,0,80,0,13.0,35.9,0
electronics,normal,7.63,1,mixed,rain,4,evening,1.22,0,28,0,34.8,37.5,0
documents,normal,3.16,1,unpaved,clear,5,evening,2.91,4,86,0,41.8,25.9,1
documents,normal,22.3,0,paved,rain,1,night,3.78,2,53,0,21.0,56.5,0
documents,normal,24.56,1,mixed,clear,1,morning,9.84,3,77,0,38.0,68.1,0
documents,normal,7.95,1,unpaved,fog,3,morning,2.95,4,70,1,41.6,44.9,1
groceries,normal,5.9,0,mixed,clear,5,afternoon,1.63,2,61,0,28.0,17.0,0
medicine,high,5.72,0,mixed,rain,5,evening,1.24,1,36,0,69.8,24.3,0
clothing,low,22.86,1,paved,clear,2,night,14.03,0,54,0,4.2,53.1,0
medicine,emergency,3.72,0,paved,clear,3,evening,3.35,1,55,0,88.0,5.0,0
medicine,normal,1.57,0,paved,clear,2,evening,2.41,2,43,0,61.7,5.1,0
electronics,high,2.33,0,paved,rain,1,morning,1.77,0,43,0,35.8,5.0,0
groceries,low,7.95,0,mixed,clear,2,afternoon,5.53,0,28,0,5.4,27.2,0
groceries,low,9.49,0,paved,rain,2,evening,2.25,2,31,0,10.5,24.9,0
groceries,normal,5.17,1,mixed,rain,5,morning,1.33,1,87,0,40.4,23.4,0
documents,low,14.59,0,paved,fog,3,night,4.23,0,87,0,10.9,51.2,1
groceries,normal,10.71,1,paved,clear,3,morning,3.62,1,76,0,31.4,33.6,0
medicine,high,13.47,0,paved,fog,2,afternoon,2.92,2,26,0,73.5,42.2,1
medicine,normal,16.87,1,paved,clear,1,afternoon,0.41,0,92,0,59.5,31.8,0
groceries,emergency,6.51,0,paved,clear,1,morning,12.46,0,75,0,54.1,14.3,0
agricultural_supplies,high,13.85,0,paved,rain,1,evening,1.7,2,75,1,52.9,33.3,0
clothing,low,5.75,0,unpaved,clear,5,morning,2.13,1,95,0,1.1,22.8,1
groceries,normal,13.41,0,unpaved,rain,1,night,4.83,4,38,1,33.1,54.4,0
medicine,normal,7.15,1,mixed,clear,4,afternoon,4.09,0,45,0,69.9,33.4,0
medicine,normal,12.41,0,paved,clear,2,evening,0.39,2,74,0,52.2,22.1,0
groceries,normal,5.18,0,paved,clear,4,afternoon,1.06,0,61,0,24.6,10.2,0
documents,normal,4.64,0,mixed,clear,2,evening,5.61,0,50,0,27.6,14.2,0
documents,normal,19.61,0,paved,clear,4,night,0.96,4,40,0,20.9,43.8,0
agricultural_supplies,normal,2.92,1,unpaved,clear,2,evening,3.72,0,40,0,40.4,13.6,0
clothing,normal,7.25,1,paved,rain,5,afternoon,0.76,1,24,0,23.2,33.3,0
medicine,normal,4.37,0,unpaved,clear,2,evening,4.35,1,77,0,63.7,16.4,1
medicine,emergency,23.35,0,paved,clear,5,morning,2.26,1,93,1,91.8,62.2,0
documents,normal,5.78,1,paved,fog,4,afternoon,1.84,0,43,0,41.7,29.9,1
medicine,normal,3.68,0,paved,clear,5,night,8.05,0,23,1,63.2,11.5,0
electronics,normal,33.74,1,paved,rain,4,afternoon,10.08,3,46,1,34.2,108.6,0
agricultural_supplies,emergency,8.9,0,paved,clear,1,afternoon,3.02,3,30,0,58.4,15.7,0
medicine,normal,4.99,0,paved,clear,5,night,2.38,0,54,0,53.5,14.0,0
groceries,low,5.48,1,paved,rain,2,evening,3.25,2,72,0,20.7,21.8,0
documents,normal,15.35,0,paved,clear,5,morning,2.28,0,98,0,27.4,50.8,0
groceries,normal,4.44,0,paved,clear,3,morning,2.48,1,46,0,26.1,11.1,0
agricultural_supplies,normal,32.77,0,unpaved,fog,5,afternoon,5.03,0,39,0,32.9,206.9,1
groceries,low,3.72,1,paved,clear,1,afternoon,3.2,0,69,0,14.9,18.5,0
groceries,high,8.84,1,paved,clear,2,evening,2.83,2,35,0,47.3,24.0,0
clothing,normal,25.58,0,paved,clear,4,afternoon,2.76,1,88,1,24.7,59.0,0
groceries,high,3.66,1,unpaved,fog,2,night,15.65,1,22,0,45.7,19.2,1
groceries,low,13.47,1,mixed,clear,4,afternoon,8.48,3,96,1,15.6,48.1,0
groceries,normal,1.55,0,paved,rain,5,evening,8.05,0,93,1,24.4,8.9,0
electronics,low,9.34,0,paved,clear,1,night,6.58,1,84,1,15.6,14.8,0
documents,high,12.49,0,unpaved,clear,3,afternoon,8.51,1,37,0,38.7,50.2,0
clothing,normal,5.68,0,paved,clear,4,night,1.98,1,70,0,23.1,19.1,0
agricultural_supplies,low,6.83,1,mixed,rain,5,night,3.84,1,23,0,26.1,30.2,0
clothing,normal,1.46,0,paved,rain,1,night,1.81,1,98,0,8.7,5.0,0
groceries,normal,7.27,0,mixed,clear,4,morning,5.42,3,80,0,21.9,24.3,0
electronics,normal,17.94,1,unpaved,rain,1,afternoon,8.15,2,45,1,34.7,80.8,0
electronics,normal,1.92,0,paved,clear,1,morning,1.71,5,44,0,14.6,9.9,0
groceries,normal,6.78,0,paved,rain,4,evening,0.65,2,42,1,30.6,25.1,0
documents,normal,23.62,1,mixed,clear,4,night,0.43,3,87,0,35.8,80.3,0
medicine,normal,13.73,0,paved,clear,3,afternoon,3.4,0,94,0,46.1,30.8,0
groceries,emergency,4.79,0,paved,rain,1,afternoon,3.66,2,55,0,51.9,12.1,0
medicine,normal,19.4,0,paved,clear,2,morning,1.14,1,20,0,60.0,37.6,0
groceries,high,10.64,0,paved,fog,5,evening,2.1,0,23,0,37.4,39.8,0
documents,high,8.6,0,paved,clear,3,night,7.09,2,51,1,48.4,19.3,0
clothing,high,7.42,0,paved,clear,5,afternoon,6.53,2,75,0,22.8,20.1,0
agricultural_supplies,low,6.49,1,mixed,fog,3,night,5.01,1,97,0,29.3,30.3,1
groceries,emergency,19.27,1,unpaved,rain,2,morning,8.6,0,37,0,68.9,91.6,0
groceries,high,11.4,0,paved,clear,5,morning,3.77,0,82,0,35.8,30.1,0
agricultural_supplies,normal,22.26,1,paved,clear,1,night,3.02,2,56,0,37.8,43.6,0
electronics,emergency,1.28,1,paved,clear,2,morning,3.5,3,62,0,66.5,5.0,0
groceries,high,2.49,1,paved,rain,2,afternoon,1.13,2,25,0,53.0,14.0,0
agricultural_supplies,low,22.47,1,paved,rain,4,evening,5.46,0,66,0,25.7,70.5,0
clothing,low,7.32,0,paved,clear,4,morning,2.51,0,74,0,11.3,14.8,0
groceries,high,8.38,0,paved,clear,4,evening,3.59,1,25,0,40.7,21.9,0
groceries,emergency,7.4,0,mixed,clear,1,afternoon,1.23,1,76,0,53.6,18.1,0
groceries,high,2.51,1,unpaved,rain,3,morning,5.64,2,59,0,49.6,13.2,1
electronics,low,2.56,1,unpaved,rain,4,morning,3.07,2,66,0,14.8,18.2,1
clothing,high,12.93,0,mixed,clear,1,night,1.29,0,39,0,38.5,32.3,0
clothing,low,11.14,1,unpaved,clear,3,morning,3.77,1,43,0,10.4,51.1,1
groceries,normal,3.84,1,unpaved,clear,2,night,6.15,0,97,0,42.3,15.0,0
clothing,emergency,11.8,1,mixed,clear,5,afternoon,5.1,3,72,0,51.7,54.6,1
medicine,normal,9.87,0,unpaved,clear,2,afternoon,1.55,1,79,0,55.1,30.5,0
agricultural_supplies,low,2.74,0,unpaved,rain,4,morning,7.26,1,37,0,13.8,18.8,0
agricultural_supplies,emergency,13.26,0,paved,fog,2,morning,3.03,1,81,0,53.6,37.9,0
agricultural_supplies,high,14.7,1,unpaved,clear,4,morning,4.23,1,83,0,54.4,68.3,1
agricultural_supplies,normal,23.62,0,paved,clear,4,night,4.98,0,71,0,39.0,62.8,0
groceries,normal,81.96,1,mixed,clear,1,afternoon,1.39,1,20,0,28.7,203.9,0
medicine,high,11.25,1,unpaved,clear,3,night,4.4,1,51,0,87.4,48.0,1
medicine,low,38.35,1,paved,clear,1,evening,2.24,1,28,0,45.6,72.1,0
agricultural_supplies,normal,12.61,0,paved,clear,2,morning,7.15,1,36,1,39.1,33.0,0
medicine,low,27.57,1,unpaved,storm,3,night,5.26,2,42,0,49.1,199.6,1
electronics,low,44.95,0,paved,rain,1,afternoon,3.41,4,64,1,16.3,113.9,0
clothing,normal,11.63,1,unpaved,clear,2,morning,6.2,0,77,0,22.3,47.9,0
electronics,normal,32.04,1,mixed,clear,1,morning,0.44,0,26,0,30.4,86.5,0
clothing,normal,31.67,0,paved,fog,5,afternoon,2.72,1,56,0,13.0,112.7,1
electronics,normal,4.49,1,unpaved,clear,5,afternoon,3.83,3,21,0,27.0,25.7,1
groceries,normal,9.78,0,paved,clear,2,morning,5.4,0,38,0,19.6,20.2,0
groceries,normal,19.1,0,unpaved,rain,5,evening,0.78,5,42,0,28.7,110.3,1
documents,normal,2.91,1,unpaved,clear,5,night,1.52,2,77,0,40.6,15.1,1
medicine,high,9.03,0,unpaved,rain,5,afternoon,4.78,0,61,0,77.3,52.4,1
agricultural_supplies,normal,7.58,0,paved,rain,3,evening,2.78,0,94,0,32.2,21.8,0
documents,emergency,4.1,0,mixed,rain,5,night,2.84,0,58,0,58.4,18.2,0
medicine,high,15.81,0,mixed,fog,4,afternoon,0.65,2,44,1,74.4,63.3,0
agricultural_supplies,emergency,13.54,0,paved,clear,4,night,3.24,1,41,0,58.4,30.9,0
electronics,low,7.31,0,mixed,clear,2,morning,4.92,0,63,0,3.4,17.4,0
documents,emergency,7.55,0,mixed,rain,4,evening,1.86,0,95,1,70.9,25.6,0
clothing,normal,37.91,0,paved,clear,2,afternoon,6.27,0,51,1,23.6,80.1,0
clothing,low,6.62,0,paved,fog,3,morning,3.04,0,93,0,0.0,21.7,1
groceries,low,34.41,0,paved,clear,5,afternoon,4.19,0,24,0,8.8,94.5,0
clothing,low,7.04,1,unpaved,clear,2,night,7.56,4,63,1,30.5,24.1,1
groceries,high,10.14,0,mixed,rain,3,afternoon,2.26,1,26,0,34.4,41.7,0
clothing,normal,14.99,0,mixed,clear,3,night,2.33,2,64,0,13.1,53.7,0
groceries,low,43.31,1,unpaved,rain,4,morning,6.54,1,80,0,18.5,240.5,1
groceries,normal,20.38,1,unpaved,fog,2,evening,1.5,1,77,0,28.0,98.4,1
electronics,normal,11.33,1,paved,storm,3,afternoon,3.68,1,51,0,39.0,54.6,0
groceries,normal,13.88,1,paved,clear,3,evening,3.59,2,50,0,36.4,36.8,0
electronics,normal,4.85,0,paved,clear,4,evening,5.29,1,78,0,11.4,15.4,0
agricultural_supplies,emergency,18.65,0,paved,clear,5,evening,2.09,2,89,0,67.4,49.5,0
agricultural_supplies,emergency,3.24,0,mixed,clear,2,afternoon,4.65,1,85,0,57.9,17.8,0
agricultural_supplies,high,5.71,0,paved,clear,4,morning,4.11,0,54,0,48.5,13.8,0
groceries,high,4.09,0,mixed,fog,3,afternoon,10.5,4,20,0,29.1,25.4,1
medicine,normal,8.69,1,mixed,rain,3,morning,9.53,0,59,0,60.9,40.4,0
agricultural_supplies,emergency,17.81,0,mixed,clear,3,morning,8.07,1,26,0,61.9,51.5,0
electronics,normal,6.84,0,mixed,clear,3,evening,8.9,1,20,1,32.4,15.1,0
groceries,low,7.16,0,paved,clear,3,night,3.8,1,20,0,1.2,16.6,0
electronics,normal,10.04,0,paved,clear,3,evening,4.55,0,59,0,17.3,22.6,0
groceries,normal,8.22,0,paved,clear,3,evening,4.63,1,90,0,23.7,26.2,0
agricultural_supplies,high,1.58,0,paved,clear,4,night,5.6,0,89,0,39.9,5.0,0
groceries,high,75.62,0,mixed,fog,5,morning,0.9,0,44,0,36.7,362.4,0
groceries,normal,16.44,0,paved,clear,5,evening,2.09,1,53,1,30.5,45.8,0
medicine,low,2.73,0,paved,rain,3,afternoon,5.79,1,43,1,42.3,9.1,0
clothing,normal,9.69,1,mixed,clear,2,afternoon,6.85,2,31,0,27.4,31.4,0
groceries,normal,2.29,0,mixed,clear,2,night,5.26,3,21,1,30.6,5.0,0
groceries,low,5.35,0,paved,clear,1,night,4.19,1,38,0,7.3,9.2,0
groceries,high,10.66,1,mixed,clear,3,afternoon,6.25,1,25,0,44.5,40.4,0
medicine,low,2.94,0,paved,clear,3,afternoon,3.39,4,71,0,40.3,10.0,0
groceries,low,38.01,1,unpaved,clear,5,afternoon,8.08,1,39,0,19.9,183.3,1
electronics,high,1.97,1,mixed,rain,1,night,4.98,0,85,0,40.4,5.0,0
agricultural_supplies,normal,20.32,1,paved,clear,5,morning,1.63,2,80,0,33.0,69.0,0
agricultural_supplies,high,37.53,1,mixed,clear,5,afternoon,6.64,0,25,0,62.8,138.8,0
groceries,high,5.68,0,paved,clear,5,night,6.72,1,70,0,36.0,12.0,0
groceries,high,16.08,0,paved,fog,2,afternoon,2.93,0,76,0,38.7,48.4,0
documents,normal,33.54,1,paved,clear,3,morning,2.96,1,87,1,41.5,79.5,0
documents,low,3.74,0,paved,clear,5,night,3.09,3,42,0,11.9,14.3,0
medicine,high,20.13,0,mixed,rain,2,evening,5.82,1,69,0,65.0,68.9,0
agricultural_supplies,emergency,42.75,1,unpaved,clear,3,morning,0.94,0,66,1,80.9,173.6,1
groceries,normal,13.25,0,paved,fog,4,afternoon,2.83,2,75,0,27.1,47.1,0
medicine,normal,4.49,1,paved,clear,3,morning,1.78,0,55,0,68.4,18.6,0
clothing,low,3.8,1,mixed,clear,3,morning,1.2,3,71,0,16.4,20.7,1
medicine,high,37.35,0,paved,clear,4,afternoon,10.46,1,96,0,76.2,93.2,0
agricultural_supplies,normal,9.08,0,paved,rain,5,night,2.85,2,90,0,24.8,35.5,0
clothing,normal,9.64,1,unpaved,clear,4,afternoon,1.79,2,32,1,32.8,44.2,1
agricultural_supplies,emergency,10.34,0,paved,clear,1,morning,3.03,1,47,0,70.4,22.0,0
agricultural_supplies,normal,11.18,1,mixed,clear,3,evening,1.7,0,74,1,56.3,40.8,0
groceries,low,19.78,0,paved,storm,2,evening,2.98,2,40,0,14.2,72.8,0
documents,normal,9.53,0,paved,clear,1,morning,3.02,0,39,0,30.5,12.5,0
medicine,low,3.95,1,paved,fog,4,afternoon,8.83,2,84,0,45.6,16.5,0
documents,normal,3.4,1,paved,clear,4,night,1.6,0,77,0,41.1,15.7,0
medicine,normal,1.15,0,paved,clear,4,morning,2.52,2,26,0,61.5,8.1,0
groceries,high,1.82,0,paved,clear,4,afternoon,2.12,0,40,0,35.0,11.7,0
electronics,normal,5.56,0,paved,rain,5,morning,5.86,1,85,1,23.6,15.6,0
groceries,low,5.06,0,paved,clear,3,evening,6.11,2,62,0,16.1,13.3,0
groceries,emergency,5.31,1,unpaved,clear,5,afternoon,4.36,0,35,0,53.3,38.0,1
medicine,low,15.45,0,paved,clear,2,afternoon,1.66,2,76,0,43.4,28.4,0
electronics,high,11.91,1,paved,clear,1,night,2.5,2,70,0,53.3,22.9,0
clothing,high,13.46,0,mixed,clear,5,afternoon,1.41,2,70,0,35.7,49.4,0
groceries,high,22.75,0,paved,clear,3,night,6.46,1,95,0,42.7,62.1,0
documents,high,3.33,0,paved,clear,2,night,6.67,2,80,0,47.8,10.0,0
documents,normal,1.15,0,paved,clear,3,morning,2.15,2,66,0,26.5,5.0,0
clothing,high,9.18,1,unpaved,fog,4,afternoon,6.28,1,59,0,39.5,59.2,1
agricultural_supplies,low,8.54,1,mixed,clear,1,night,8.54,3,58,0,31.4,27.6,0
agricultural_supplies,emergency,18.02,0,unpaved,clear,4,afternoon,4.81,0,34,0,57.8,73.5,0
groceries,low,5.29,1,unpaved,clear,2,afternoon,1.16,1,87,0,16.9,18.9,1
documents,low,6.45,1,paved,clear,2,morning,2.04,1,62,0,20.2,19.3,0
groceries,low,2.09,0,mixed,rain,3,evening,1.22,4,87,0,0.0,13.5,0
groceries,low,34.99,0,paved,storm,5,afternoon,2.02,1,78,0,11.0,168.5,1
agricultural_supplies,high,9.12,1,mixed,rain,2,morning,5.83,3,28,0,50.6,42.4,0
agricultural_supplies,low,4.59,1,mixed,fog,5,morning,5.91,1,75,0,31.0,26.4,1
groceries,normal,3.12,1,mixed,clear,4,night,2.07,1,69,0,36.3,16.8,0
groceries,high,2.89,1,paved,clear,2,morning,2.87,0,98,0,50.0,18.9,0
agricultural_supplies,normal,3.75,0,paved,fog,2,morning,3.87,0,36,0,38.1,14.6,0
groceries,normal,5.71,0,mixed,clear,5,afternoon,1.36,0,77,0,24.7,21.4,0
groceries,normal,6.65,0,paved,clear,5,night,6.28,1,71,0,26.5,19.1,0
clothing,emergency,21.06,1,unpaved,clear,4,morning,7.21,0,28,0,58.8,94.9,1
documents,high,5.76,0,paved,rain,5,evening,0.53,0,97,0,44.4,21.3,0
documents,high,16.65,1,paved,clear,4,morning,2.42,1,92,0,44.5,48.1,0
medicine,normal,3.47,1,mixed,clear,1,afternoon,1.34,1,47,0,65.2,6.9,0
electronics,low,20.93,0,paved,clear,3,night,1.03,1,73,0,7.8,48.0,0
groceries,emergency,1.51,0,unpaved,clear,1,evening,0.56,2,23,0,55.9,9.7,0
clothing,low,21.57,0,paved,clear,5,night,1.08,1,23,1,9.5,55.6,0
groceries,low,3.41,1,mixed,clear,5,afternoon,3.0,0,63,0,18.6,13.7,0
agricultural_supplies,normal,15.44,1,paved,clear,4,morning,2.39,4,65,0,36.9,44.4,0
agricultural_supplies,normal,7.48,0,mixed,rain,3,morning,2.71,1,72,0,40.4,28.6,0
medicine,high,2.67,0,mixed,clear,4,morning,5.76,0,42,0,65.5,5.0,0
medicine,normal,1.09,0,paved,clear,5,night,5.03,1,84,0,53.6,5.0,0
medicine,high,1.9,0,paved,fog,5,morning,3.4,3,23,0,68.3,8.1,1
electronics,normal,8.49,1,mixed,clear,5,night,3.24,0,54,1,42.7,40.4,0
agricultural_supplies,normal,9.4,0,paved,storm,2,evening,1.76,1,33,0,33.1,44.7,0
groceries,emergency,6.61,1,paved,clear,5,evening,6.93,1,50,0,66.2,22.3,0
medicine,high,42.81,1,unpaved,clear,5,night,7.96,2,27,0,79.5,197.8,1
groceries,normal,2.89,1,unpaved,clear,4,afternoon,3.24,1,63,0,28.8,18.4,1
groceries,normal,11.57,0,paved,clear,5,afternoon,2.21,1,49,0,21.6,31.1,0
clothing,normal,13.15,1,paved,rain,2,morning,7.33,1,32,0,27.5,49.9,0
medicine,low,8.36,1,mixed,rain,1,morning,1.72,0,41,1,55.0,27.3,0
medicine,high,8.56,0,paved,clear,4,night,1.22,1,27,0,72.5,21.3,0
electronics,normal,7.38,0,paved,clear,3,night,2.45,2,96,0,24.6,14.9,0
agricultural_supplies,high,27.76,1,unpaved,clear,3,night,2.82,0,75,0,56.8,114.8,1
groceries,normal,21.34,0,mixed,rain,2,morning,1.83,0,38,0,26.4,68.5,0
agricultural_supplies,high,9.57,1,unpaved,fog,2,night,1.7,0,22,0,53.6,52.2,1
medicine,normal,7.52,1,paved,clear,1,evening,1.75,0,44,0,62.0,21.3,0
groceries,low,4.41,0,mixed,clear,2,night,6.3,0,47,0,13.2,9.5,0
medicine,high,25.5,1,paved,clear,2,evening,3.33,1,44,0,75.4,57.0,0
medicine,low,9.33,1,unpaved,clear,5,morning,5.02,1,25,0,44.6,46.5,1
agricultural_supplies,normal,6.45,0,paved,clear,2,morning,1.79,1,48,0,31.9,16.2,0
documents,low,1.75,0,paved,rain,5,afternoon,1.14,3,27,1,13.3,7.4,1
groceries,low,2.72,0,mixed,rain,5,evening,3.03,0,21,0,16.8,11.9,0
agricultural_supplies,low,15.62,1,paved,clear,3,evening,1.91,0,89,0,26.3,41.3,0
documents,normal,6.13,1,paved,clear,4,evening,3.93,0,28,0,44.7,16.1,0
groceries,low,17.76,1,unpaved,fog,2,night,7.21,0,97,0,14.2,90.5,1
groceries,low,26.76,0,paved,rain,1,afternoon,1.03,1,84,0,10.4,67.4,0
agricultural_supplies,low,38.26,0,unpaved,clear,4,morning,0.93,0,53,0,16.0,167.3,1
medicine,normal,12.8,0,paved,clear,5,night,3.99,0,58,0,62.7,35.7,0
medicine,normal,9.87,1,unpaved,clear,2,afternoon,2.07,3,20,0,68.1,36.8,1
groceries,normal,3.23,1,unpaved,storm,4,night,11.11,4,57,0,39.0,36.9,1
groceries,high,8.58,0,paved,clear,3,night,13.15,0,56,0,39.6,20.2,0
agricultural_supplies,normal,21.14,1,unpaved,clear,1,afternoon,6.32,2,58,0,46.9,79.0,1
agricultural_supplies,normal,6.61,0,unpaved,clear,2,evening,3.32,2,63,0,34.9,19.7,0
groceries,normal,8.01,0,paved,clear,4,afternoon,1.71,3,33,0,19.8,20.3,0
electronics,high,30.31,1,unpaved,rain,2,morning,6.46,0,61,0,45.9,139.6,0
groceries,normal,2.15,1,unpaved,rain,1,evening,7.43,0,66,0,31.1,14.8,0
clothing,normal,7.44,1,paved,storm,5,evening,11.37,1,59,0,23.9,40.2,1
groceries,emergency,1.13,0,unpaved,fog,5,morning,0.33,1,58,0,51.8,5.0,1
documents,normal,7.01,1,mixed,clear,2,morning,4.5,0,20,0,40.2,25.2,0
medicine,normal,12.84,0,paved,rain,5,morning,3.19,0,88,0,54.5,42.0,0
groceries,low,5.99,0,paved,rain,4,evening,2.57,0,70,1,17.4,25.4,0
documents,normal,17.99,1,unpaved,rain,4,evening,8.6,3,38,0,35.5,96.4,1
medicine,normal,2.24,0,mixed,rain,4,night,8.15,1,33,0,54.0,6.0,0
agricultural_supplies,emergency,18.31,1,mixed,rain,3,afternoon,0.47,1,74,0,79.2,70.6,0
agricultural_supplies,high,9.53,1,mixed,clear,2,afternoon,1.33,2,32,0,55.2,30.1,0
agricultural_supplies,low,33.74,0,paved,clear,3,night,4.8,4,88,1,32.7,85.1,0
medicine,normal,2.63,1,unpaved,clear,5,morning,13.02,3,45,0,75.4,17.0,1
agricultural_supplies,high,73.05,1,unpaved,rain,1,morning,4.92,0,23,0,60.1,296.7,0
groceries,high,18.59,0,paved,fog,4,morning,1.29,2,65,0,37.0,68.4,0
agricultural_supplies,emergency,50.31,1,unpaved,clear,3,evening,1.58,1,72,0,73.6,198.1,1
documents,emergency,5.82,0,paved,storm,4,night,2.21,1,22,0,63.3,26.1,0
clothing,normal,33.96,1,unpaved,clear,5,morning,1.68,1,93,0,33.3,161.9,1
documents,normal,9.33,0,mixed,rain,2,evening,0.32,1,78,0,31.1,27.6,0
groceries,normal,9.62,0,paved,clear,2,afternoon,2.17,0,95,1,33.2,20.4,0
groceries,high,5.06,0,paved,clear,5,night,3.22,1,88,0,38.3,19.5,0
documents,high,3.33,0,unpaved,clear,5,afternoon,0.53,1,44,0,36.8,14.5,1
medicine,normal,1.94,0,paved,clear,2,night,7.91,1,95,0,61.0,6.0,0
groceries,high,28.61,1,paved,clear,2,afternoon,4.65,1,68,0,46.9,66.6,0
clothing,low,15.65,1,unpaved,clear,1,night,5.45,2,59,0,20.4,57.4,0
medicine,normal,23.73,1,paved,storm,3,night,8.02,1,37,0,47.8,103.8,0
documents,high,7.95,0,paved,clear,5,afternoon,1.65,1,75,0,50.5,25.1,0
agricultural_supplies,low,2.43,1,paved,clear,3,evening,10.5,2,56,0,22.8,16.4,0
agricultural_supplies,normal,24.05,0,paved,clear,3,evening,1.08,2,89,0,36.7,48.1,0
groceries,high,12.8,1,mixed,rain,5,night,3.31,3,69,0,48.9,62.6,0
groceries,low,17.6,0,mixed,fog,2,night,2.11,0,79,0,7.0,75.1,0
groceries,normal,1.13,1,paved,rain,4,night,0.58,0,40,0,37.6,5.0,0
agricultural_supplies,high,6.15,1,unpaved,clear,2,evening,7.0,1,38,0,49.0,31.0,0
groceries,normal,8.6,1,unpaved,clear,4,night,3.42,0,77,0,26.1,42.3,1
electronics,normal,5.28,0,paved,fog,3,evening,2.92,0,32,1,32.2,11.5,1
electronics,high,3.57,1,unpaved,storm,2,evening,4.44,2,62,0,38.4,25.2,1
groceries,high,2.86,0,unpaved,clear,1,night,5.39,2,75,0,32.0,10.7,0
groceries,normal,6.74,0,paved,clear,2,morning,2.12,2,98,0,19.5,16.1,0
agricultural_supplies,normal,9.6,0,paved,clear,3,morning,2.16,0,78,0,32.3,24.2,0
groceries,high,5.44,0,mixed,clear,5,evening,2.52,2,22,0,36.3,18.9,0
groceries,normal,10.99,0,paved,rain,1,afternoon,6.49,0,55,0,24.5,28.2,0
documents,high,5.96,0,paved,rain,2,morning,3.16,0,36,0,40.7,12.2,0
clothing,high,3.77,0,mixed,rain,2,afternoon,6.46,3,74,0,28.6,9.6,0
groceries,normal,40.67,1,paved,clear,1,night,1.84,4,56,1,43.5,85.6,0
agricultural_supplies,low,3.17,0,paved,clear,4,evening,1.91,2,85,0,17.5,12.6,0
documents,normal,2.38,1,paved,clear,5,evening,2.3,0,80,0,33.1,12.3,0
documents,normal,22.29,1,paved,rain,4,evening,2.27,2,28,0,34.8,72.3,0
groceries,normal,6.96,0,paved,clear,2,night,5.3,1,52,0,27.9,19.1,0
agricultural_supplies,high,3.69,0,mixed,clear,2,night,0.17,3,89,1,61.2,10.4,0
groceries,normal,5.36,1,mixed,clear,3,evening,1.17,0,33,0,40.5,22.4,0
documents,low,35.29,0,paved,clear,1,evening,3.25,3,87,0,16.8,58.0,0
agricultural_supplies,high,4.33,0,paved,rain,1,afternoon,2.27,0,70,0,55.2,8.5,0
groceries,emergency,3.89,1,paved,clear,2,morning,0.66,1,85,0,71.9,19.4,0
clothing,high,11.1,0,mixed,rain,1,morning,4.31,1,35,0,38.9,37.9,0
groceries,low,32.55,1,paved,clear,4,evening,0.92,4,67,0,14.9,78.8,0
agricultural_supplies,high,2.5,1,unpaved,clear,3,morning,3.07,3,35,0,57.0,19.3,1
medicine,emergency,3.76,0,paved,clear,5,morning,0.31,2,93,0,94.4,8.0,0
medicine,normal,18.29,0,paved,rain,5,evening,3.16,0,98,0,59.2,64.3,0
electronics,low,3.3,1,paved,clear,2,evening,1.25,1,49,0,22.2,5.0,0
agricultural_supplies,low,25.3,0,unpaved,clear,1,morning,8.15,1,52,0,20.9,89.8,0
groceries,low,10.31,0,paved,clear,5,night,5.45,1,25,1,14.7,31.0,0
agricultural_supplies,low,7.28,0,paved,storm,1,night,26.86,0,52,0,11.3,24.9,0
medicine,high,2.98,1,paved,clear,3,afternoon,1.81,1,60,0,77.9,14.6,0
groceries,low,8.97,1,unpaved,clear,1,morning,2.73,1,87,0,15.4,34.6,1
agricultural_supplies,normal,8.11,0,paved,clear,4,night,5.78,1,92,0,27.2,27.5,0
groceries,normal,20.27,0,paved,clear,3,evening,3.55,1,84,1,30.7,46.5,0
groceries,normal,1.35,1,unpaved,clear,3,morning,5.29,1,65,0,36.1,8.4,1
groceries,high,19.59,1,paved,fog,3,evening,7.73,1,98,0,50.2,71.0,1
agricultural_supplies,high,12.62,0,mixed,clear,3,morning,2.93,1,48,0,38.4,40.1,0
medicine,emergency,43.52,1,unpaved,clear,5,afternoon,0.74,1,90,1,100.0,206.0,1
agricultural_supplies,high,28.79,0,mixed,clear,1,morning,4.91,0,21,1,55.2,68.6,0
agricultural_supplies,low,26.34,1,paved,clear,4,morning,5.97,0,30,0,24.0,66.9,0
medicine,normal,37.37,1,mixed,fog,3,morning,1.95,2,37,0,71.5,155.9,0
groceries,normal,5.76,1,paved,clear,2,morning,13.03,2,41,0,38.6,22.0,0
clothing,normal,2.63,1,unpaved,clear,4,evening,7.43,2,68,0,35.5,19.9,1
clothing,normal,8.57,0,mixed,storm,2,afternoon,4.04,0,74,0,9.7,44.1,0
medicine,low,9.14,1,mixed,clear,1,night,1.94,3,68,0,62.6,26.1,0
documents,emergency,3.54,1,paved,clear,3,night,2.59,0,37,0,60.7,9.9,0
medicine,normal,1.93,1,unpaved,clear,2,night,1.74,1,86,1,79.4,9.7,1
medicine,low,1.05,0,paved,clear,3,morning,5.95,3,51,1,44.2,5.0,0
groceries,normal,9.27,0,paved,clear,1,night,2.23,1,91,0,25.6,18.7,0
agricultural_supplies,normal,10.71,0,paved,clear,4,evening,3.28,1,28,0,37.0,28.7,0
documents,high,6.74,1,unpaved,clear,2,night,3.76,2,77,0,55.4,30.7,1
documents,normal,11.28,1,unpaved,clear,4,night,1.63,1,24,0,37.4,57.7,1
electronics,low,15.79,1,mixed,clear,5,afternoon,1.8,0,64,0,14.5,53.0,0
electronics,high,2.64,1,paved,clear,2,evening,0.3,2,90,0,50.6,5.0,0
groceries,high,3.57,1,paved,clear,2,afternoon,6.29,0,99,0,44.8,16.0,0
medicine,normal,6.25,1,paved,fog,1,afternoon,5.97,3,57,0,66.8,13.5,1
agricultural_supplies,high,4.04,0,paved,clear,5,morning,8.08,1,34,0,51.7,13.7,0
documents,emergency,7.61,0,paved,clear,3,afternoon,2.17,1,88,0,53.3,26.9,0
medicine,low,11.68,0,paved,clear,2,afternoon,3.08,1,46,0,36.7,30.9,0
agricultural_supplies,high,14.31,0,paved,clear,2,evening,0.47,2,58,0,51.0,25.9,0
groceries,normal,23.69,1,unpaved,clear,5,night,2.18,1,47,0,35.3,121.8,1
electronics,normal,25.78,1,paved,clear,2,afternoon,0.81,2,36,0,17.5,56.5,0
agricultural_supplies,emergency,13.99,0,paved,clear,4,night,4.09,0,52,0,68.6,33.1,0
medicine,high,7.12,0,paved,fog,3,evening,3.4,0,70,1,79.5,18.1,0
groceries,normal,4.86,0,paved,rain,4,morning,2.28,0,41,0,18.9,15.0,0
medicine,normal,3.45,0,paved,clear,1,night,0.2,0,22,0,59.4,5.0,0
clothing,high,24.59,0,paved,clear,5,evening,3.5,0,92,0,40.3,61.0,0
agricultural_supplies,low,24.59,0,paved,rain,3,morning,15.67,2,75,0,23.5,73.3,0
groceries,normal,8.71,0,unpaved,fog,5,night,9.17,1,23,1,33.1,65.9,1
groceries,low,6.12,0,paved,rain,3,night,3.94,5,55,0,9.8,18.5,0
medicine,normal,9.26,1,paved,clear,4,evening,1.44,1,53,1,72.7,26.3,0
electronics,emergency,11.48,0,paved,storm,3,evening,1.17,2,66,0,52.4,45.4,0
agricultural_supplies,normal,6.1,0,unpaved,clear,4,night,1.93,1,24,0,33.0,24.5,1
medicine,high,3.72,0,paved,fog,1,afternoon,4.54,1,98,1,72.7,9.0,0
groceries,normal,12.0,0,paved,fog,2,night,8.83,2,44,0,20.7,38.5,0
medicine,normal,6.37,0,mixed,clear,2,evening,2.01,0,42,1,69.0,19.3,0
medicine,low,7.9,1,mixed,fog,2,afternoon,1.25,0,90,0,48.1,26.0,0
medicine,normal,17.06,0,paved,clear,4,evening,0.33,0,45,0,55.9,42.2,0
groceries,high,39.3,0,paved,storm,4,morning,1.03,1,89,0,33.5,182.2,1
agricultural_supplies,low,4.63,0,mixed,rain,4,afternoon,1.3,1,62,0,24.1,18.8,0
groceries,normal,15.93,0,paved,storm,5,night,0.49,0,20,0,37.7,77.5,0
agricultural_supplies,high,1.56,0,paved,rain,3,evening,4.58,1,42,0,47.4,6.5,0
medicine,low,4.94,1,mixed,clear,2,evening,4.53,2,82,0,54.8,15.1,0
groceries,high,11.26,0,paved,rain,5,afternoon,0.8,1,29,0,45.9,41.8,0
groceries,normal,4.53,1,paved,rain,3,evening,1.72,2,95,0,25.2,18.1,0
clothing,normal,25.05,0,paved,clear,3,night,4.84,3,30,0,27.7,60.4,0
medicine,high,12.27,1,mixed,clear,1,evening,2.39,0,36,0,87.8,35.6,0
clothing,low,21.13,1,unpaved,rain,1,night,4.29,0,74,0,12.7,86.6,0
medicine,high,14.0,0,paved,clear,5,afternoon,7.92,1,21,0,68.5,38.2,0
electronics,emergency,49.01,1,unpaved,fog,4,afternoon,2.45,0,75,0,70.4,293.6,1
medicine,normal,9.54,1,paved,storm,2,evening,4.43,1,32,0,62.8,38.3,1
medicine,low,15.51,0,paved,clear,1,afternoon,2.72,1,46,0,37.8,34.0,0
agricultural_supplies,normal,1.21,0,paved,clear,4,afternoon,1.41,1,29,0,35.5,6.9,0
groceries,normal,14.24,1,paved,clear,1,evening,6.25,1,49,0,43.4,34.5,0
agricultural_supplies,normal,7.13,1,unpaved,fog,4,night,0.54,2,20,0,48.4,46.0,1
documents,normal,13.39,1,paved,clear,2,morning,6.44,1,68,0,34.3,37.5,0
documents,high,14.76,0,paved,clear,3,morning,1.37,1,66,0,46.8,33.2,0
groceries,normal,30.77,0,paved,clear,3,evening,3.6,0,80,1,32.2,72.1,0
agricultural_supplies,normal,9.13,1,mixed,rain,2,night,5.38,2,71,0,37.3,40.1,0
groceries,low,6.77,1,mixed,rain,1,morning,0.75,1,87,0,17.2,31.1,0
electronics,high,42.08,0,paved,clear,1,evening,2.4,3,62,0,37.7,75.8,0
agricultural_supplies,emergency,7.13,0,paved,storm,2,evening,3.85,0,59,0,63.5,22.7,0
groceries,high,6.48,0,unpaved,fog,3,afternoon,2.52,2,67,1,44.9,39.1,1
groceries,emergency,8.11,0,unpaved,clear,5,morning,3.83,1,82,0,48.9,40.9,1
medicine,high,19.86,1,paved,clear,3,evening,0.54,0,23,0,76.7,51.0,0
medicine,low,27.81,1,paved,rain,4,afternoon,5.29,0,46,0,40.4,96.0,0
electronics,normal,4.94,1,mixed,clear,1,evening,1.69,1,80,0,41.5,15.4,0
groceries,emergency,4.68,0,paved,clear,2,evening,0.37,0,69,1,65.2,13.0,0
clothing,normal,12.91,0,unpaved,clear,2,morning,3.14,2,83,0,13.0,48.7,0
agricultural_supplies,high,10.5,1,mixed,rain,4,morning,1.5,2,41,0,55.0,50.4,0
documents,high,33.83,1,paved,clear,1,night,5.31,2,37,0,48.9,64.8,0
agricultural_supplies,high,5.73,0,paved,rain,4,evening,4.31,3,46,1,57.4,20.1,0
medicine,high,7.36,1,paved,clear,1,evening,1.58,1,53,0,68.5,15.6,0
electronics,low,1.68,1,unpaved,clear,3,morning,13.07,3,21,0,14.0,8.9,1
clothing,low,15.52,0,unpaved,fog,4,morning,3.09,1,84,0,7.8,87.1,1
groceries,high,3.2,0,paved,fog,5,afternoon,1.31,2,58,0,39.9,11.3,0
clothing,normal,11.2,1,paved,rain,2,morning,3.65,4,98,0,26.9,34.6,0
clothing,normal,1.09,1,mixed,clear,2,morning,2.79,2,31,0,25.2,5.0,0
electronics,normal,21.23,1,unpaved,clear,5,night,2.79,1,50,0,35.5,106.0,1
electronics,normal,11.31,0,paved,clear,1,evening,7.0,1,34,1,26.0,17.7,0
agricultural_supplies,normal,21.36,1,mixed,clear,5,morning,1.48,2,23,0,41.4,72.6,0
medicine,high,29.64,0,paved,clear,4,afternoon,1.21,0,21,0,70.0,84.0,0
groceries,normal,19.3,0,mixed,rain,1,morning,6.88,0,24,0,23.6,62.2,0
electronics,emergency,3.09,0,paved,clear,3,morning,3.81,0,24,0,48.1,9.7,0
medicine,high,22.78,1,unpaved,clear,5,night,3.22,0,49,0,77.9,118.7,1
agricultural_supplies,normal,12.59,0,mixed,clear,5,evening,5.77,0,86,1,34.7,41.3,0
groceries,high,27.44,1,unpaved,fog,1,evening,3.22,3,79,0,35.4,122.3,1
agricultural_supplies,high,9.91,1,mixed,clear,1,night,8.13,2,58,0,70.9,24.1,0
groceries,high,1.62,1,paved,rain,5,morning,6.84,2,71,0,50.9,6.7,0
documents,normal,7.48,1,unpaved,clear,2,evening,9.98,2,57,1,55.9,31.4,0
electronics,high,2.29,1,unpaved,clear,4,afternoon,1.45,0,82,0,46.1,13.1,1
groceries,normal,17.19,1,paved,clear,5,evening,3.56,1,25,0,38.0,60.7,0
groceries,normal,19.64,1,paved,fog,1,evening,1.7,0,91,0,37.7,69.3,0
documents,normal,13.59,0,paved,clear,4,afternoon,6.72,2,33,1,38.4,32.3,0
groceries,high,10.02,1,unpaved,clear,3,night,8.7,1,77,0,57.3,41.9,1
groceries,emergency,4.8,0,unpaved,clear,5,evening,2.64,1,35,0,56.6,21.4,1
medicine,high,33.1,0,paved,clear,1,afternoon,4.86,0,82,0,74.1,61.2,0
agricultural_supplies,high,7.1,0,paved,fog,1,evening,1.26,1,95,0,43.7,21.1,0
clothing,high,10.49,0,paved,clear,3,night,0.97,6,64,0,34.7,27.4,0
groceries,emergency,3.11,1,unpaved,fog,3,evening,1.24,2,58,0,59.7,25.5,1
groceries,normal,15.47,0,paved,clear,2,evening,11.66,1,85,0,27.3,35.8,0
electronics,normal,2.44,0,paved,rain,4,afternoon,1.08,3,68,0,13.3,13.8,0
groceries,normal,26.32,1,unpaved,fog,2,morning,7.97,1,83,0,36.1,131.3,1
medicine,low,28.5,0,mixed,rain,2,evening,2.89,0,87,1,60.4,94.0,0
groceries,normal,16.33,0,paved,rain,3,night,6.22,1,38,1,27.3,53.6,0
medicine,normal,24.63,0,paved,clear,5,evening,7.04,1,91,0,45.2,68.8,0
groceries,low,1.71,0,unpaved,clear,5,night,7.15,3,56,0,3.0,6.8,1
documents,low,12.82,1,unpaved,fog,5,afternoon,9.76,1,74,0,18.5,82.9,1
documents,high,1.37,1,mixed,clear,5,afternoon,3.12,3,54,0,57.9,12.2,1
groceries,normal,13.16,1,unpaved,clear,1,morning,3.89,0,85,0,32.5,45.8,0
medicine,high,1.51,1,mixed,clear,2,afternoon,2.72,1,41,0,83.3,14.2,0
clothing,high,1.74,0,paved,clear,5,evening,1.07,1,30,0,31.3,7.3,0
electronics,normal,2.39,0,paved,clear,4,morning,1.7,0,63,0,21.5,8.3,0
agricultural_supplies,emergency,1.27,0,paved,fog,5,evening,5.93,2,79,1,72.8,7.8,1
groceries,normal,5.03,1,unpaved,clear,4,night,6.85,1,75,0,31.1,26.3,1
groceries,normal,18.28,0,paved,clear,5,night,1.78,1,92,1,30.1,50.6,0
agricultural_supplies,normal,22.03,0,paved,clear,5,morning,5.25,2,74,0,37.5,65.0,0
documents,low,9.56,0,paved,clear,4,night,15.1,2,94,0,16.2,28.5,1
groceries,high,5.49,0,paved,rain,4,afternoon,9.49,2,51,0,41.0,16.9,0
documents,normal,4.48,0,paved,rain,2,night,0.68,1,97,0,38.0,14.1,0
groceries,normal,27.02,0,paved,fog,2,morning,2.94,3,80,0,21.7,79.4,1
groceries,low,1.85,1,mixed,fog,1,afternoon,3.76,0,48,0,25.0,5.0,0
clothing,low,2.74,0,paved,clear,2,evening,1.91,0,39,0,8.7,6.0,0
clothing,normal,6.0,0,paved,clear,3,afternoon,2.06,1,48,0,15.5,13.1,0
clothing,normal,20.07,1,mixed,clear,1,afternoon,7.16,2,68,0,42.6,53.2,0
agricultural_supplies,normal,19.24,0,paved,clear,3,afternoon,1.33,1,98,0,41.3,47.2,0
medicine,low,9.73,1,unpaved,fog,5,morning,2.9,3,40,0,45.3,68.1,1
agricultural_supplies,low,10.3,1,mixed,storm,1,afternoon,1.29,4,86,0,31.8,46.0,1
medicine,emergency,12.55,0,paved,clear,2,evening,6.21,1,85,0,87.8,25.0,0
medicine,high,32.79,1,mixed,rain,4,afternoon,1.21,2,76,1,85.2,136.7,0
medicine,low,38.27,0,paved,fog,5,morning,2.95,2,92,0,54.1,140.4,0
medicine,low,2.34,1,paved,clear,4,afternoon,1.82,1,35,0,45.1,8.3,0
agricultural_supplies,low,16.31,1,unpaved,clear,3,night,0.46,0,77,0,24.7,67.2,1
medicine,low,5.2,0,unpaved,clear,1,night,5.82,1,85,0,36.2,14.5,0
medicine,high,35.9,0,mixed,clear,1,night,3.13,3,36,0,72.6,92.5,0
documents,low,9.2,0,paved,rain,2,afternoon,0.36,0,42,0,12.9,25.9,0
groceries,high,6.06,1,paved,clear,4,night,2.01,3,33,0,49.1,17.5,0
documents,high,6.73,0,paved,clear,1,afternoon,9.37,0,47,0,46.8,11.3,0
agricultural_supplies,high,17.84,0,paved,clear,4,morning,2.71,0,44,0,48.2,42.0,0
clothing,normal,34.74,1,mixed,fog,1,night,4.0,2,20,0,30.7,118.6,0
documents,low,3.72,0,unpaved,fog,4,night,1.17,1,44,0,7.7,24.5,1
agricultural_supplies,normal,11.12,1,paved,clear,5,afternoon,4.71,0,75,0,42.9,35.3,0
groceries,normal,8.53,0,mixed,clear,5,morning,6.5,0,32,0,27.4,29.7,0
electronics,normal,1.36,0,paved,clear,4,morning,2.33,1,85,1,19.8,5.0,0
medicine,emergency,18.23,0,paved,rain,4,night,4.33,1,68,1,99.0,54.3,0
groceries,normal,12.59,1,unpaved,clear,4,evening,4.69,2,79,0,36.2,62.0,1
clothing,high,3.43,1,unpaved,clear,3,afternoon,1.42,2,79,1,54.6,11.2,1
groceries,low,17.89,1,mixed,clear,2,afternoon,7.68,2,78,0,19.7,55.1,0
agricultural_supplies,normal,2.37,1,mixed,clear,3,afternoon,5.89,0,61,0,43.9,6.1,0
documents,low,2.32,0,paved,clear,2,night,3.67,1,33,0,18.1,5.0,0
agricultural_supplies,high,26.46,0,mixed,rain,2,evening,1.06,0,65,0,48.3,87.2,0
groceries,low,13.63,0,paved,clear,3,afternoon,3.6,2,45,0,5.5,26.5,0
groceries,high,1.24,0,paved,clear,5,evening,6.4,3,80,0,43.8,5.0,0
groceries,normal,7.18,0,paved,rain,5,evening,3.04,2,26,0,33.5,31.7,0
electronics,high,33.6,0,paved,clear,4,afternoon,10.45,0,56,0,38.0,85.8,0
medicine,normal,4.89,0,paved,clear,2,evening,1.8,1,66,0,54.9,12.5,0
documents,low,21.15,1,mixed,fog,4,evening,6.93,4,75,0,19.3,100.2,1
agricultural_supplies,low,2.1,0,mixed,rain,3,afternoon,3.87,4,37,0,24.9,6.0,0
medicine,normal,8.25,1,mixed,clear,5,morning,5.14,1,65,0,65.4,38.3,0
agricultural_supplies,low,5.19,1,mixed,clear,3,evening,0.38,0,49,0,28.0,16.1,0
groceries,low,5.4,0,paved,clear,5,morning,5.13,2,62,0,14.5,10.4,0
agricultural_supplies,normal,9.79,0,paved,storm,2,evening,2.82,0,94,0,38.0,45.7,0
agricultural_supplies,high,2.64,0,paved,clear,3,evening,3.72,3,56,0,46.2,7.9,0
medicine,high,2.74,1,paved,clear,4,afternoon,2.19,2,78,1,84.5,10.4,0
medicine,low,7.91,0,paved,clear,1,afternoon,4.47,0,60,0,35.8,19.5,0
agricultural_supplies,high,4.2,0,mixed,rain,3,evening,0.78,1,24,0,51.2,5.0,0
clothing,low,2.02,0,unpaved,clear,5,morning,6.25,0,88,0,5.2,16.0,1
clothing,high,1.14,1,mixed,clear,4,evening,3.13,2,42,0,37.9,5.0,0
medicine,normal,35.38,1,mixed,rain,5,afternoon,2.68,2,56,0,64.5,162.6,0
agricultural_supplies,normal,16.52,1,mixed,clear,2,night,6.93,1,27,0,48.2,53.3,0
documents,normal,48.75,1,unpaved,clear,5,night,9.65,1,53,0,27.1,231.8,1
electronics,high,25.76,0,unpaved,clear,2,morning,1.2,0,94,0,30.8,92.1,0
clothing,normal,1.64,0,paved,rain,1,morning,2.92,2,47,0,12.6,5.0,0
documents,low,20.88,0,mixed,rain,4,morning,5.94,1,98,0,14.2,78.4,0
agricultural_supplies,low,18.22,0,paved,clear,5,night,6.14,2,60,0,19.1,56.7,0
medicine,low,35.33,1,paved,clear,5,morning,6.71,0,92,0,51.2,99.9,0
agricultural_supplies,low,3.34,0,mixed,rain,2,night,3.5,0,60,0,25.0,12.7,0
agricultural_supplies,low,4.29,0,paved,clear,4,night,4.19,2,55,0,17.6,15.2,0
medicine,normal,6.06,0,mixed,clear,5,morning,3.31,5,43,0,60.0,23.9,0
agricultural_supplies,normal,7.05,1,mixed,clear,4,night,11.21,2,85,0,44.2,32.0,0
agricultural_supplies,high,27.32,1,paved,clear,4,afternoon,3.01,0,87,0,56.2,75.6,0
groceries,low,4.46,1,paved,clear,1,morning,8.66,0,32,1,28.5,13.8,0
medicine,normal,2.68,1,mixed,clear,1,evening,2.0,0,32,1,73.7,10.1,0
groceries,emergency,1.24,0,paved,clear,4,afternoon,8.52,0,59,0,51.0,7.8,0
clothing,normal,26.97,1,unpaved,clear,4,morning,6.53,2,34,0,30.1,119.7,1
groceries,high,1.94,0,paved,clear,3,evening,7.15,1,55,0,41.4,5.3,0
agricultural_supplies,normal,11.87,0,paved,clear,1,night,8.83,2,31,1,44.4,24.2,0
agricultural_supplies,low,3.11,0,paved,fog,5,night,2.39,2,55,1,23.2,12.3,1
documents,normal,27.83,0,paved,clear,4,morning,3.27,1,79,0,30.3,71.5,0
medicine,low,43.2,1,paved,rain,5,night,4.29,2,25,0,47.3,160.4,0
groceries,high,5.81,0,unpaved,clear,3,afternoon,0.32,1,77,0,37.8,19.2,0
electronics,normal,1.07,0,paved,rain,1,evening,2.91,3,86,0,29.2,5.0,0
groceries,low,6.36,0,unpaved,clear,2,evening,0.93,1,62,1,15.0,16.6,1
agricultural_supplies,normal,9.12,1,mixed,clear,3,night,2.07,1,48,1,52.0,34.4,0
documents,normal,8.81,1,paved,clear,3,evening,0.93,3,27,0,32.6,29.1,0
clothing,normal,22.68,0,paved,rain,2,afternoon,10.07,0,60,0,27.1,58.7,0
documents,normal,7.56,0,paved,clear,5,night,5.46,1,47,0,26.2,11.8,0
clothing,normal,6.47,0,paved,rain,4,evening,2.7,1,43,0,19.2,12.6,0
groceries,high,24.42,0,paved,clear,1,night,5.56,0,90,0,43.5,49.4,0
electronics,low,7.6,0,paved,clear,4,morning,2.61,2,93,0,5.9,16.2,0
medicine,low,45.29,0,paved,rain,4,evening,3.85,2,37,0,43.3,141.8,0
clothing,low,2.18,1,paved,clear,2,afternoon,5.18,3,35,0,20.4,5.0,0
groceries,low,3.0,0,mixed,clear,4,night,4.82,0,73,0,6.9,13.0,0
clothing,low,16.16,0,paved,clear,4,afternoon,4.57,1,63,0,5.0,42.7,0
medicine,normal,28.0,1,paved,rain,3,morning,1.77,1,71,0,70.2,88.6,0
clothing,normal,1.51,1,unpaved,clear,4,afternoon,0.61,4,76,0,29.5,15.8,1
agricultural_supplies,high,1.92,1,unpaved,clear,2,night,0.29,0,91,0,52.0,9.7,1
agricultural_supplies,normal,11.75,0,paved,clear,4,evening,6.73,1,89,0,32.4,35.9,0
medicine,low,1.01,1,mixed,clear,5,afternoon,2.05,2,63,0,46.0,7.5,0
clothing,normal,19.1,0,paved,clear,2,afternoon,3.44,1,75,0,16.0,42.1,0
groceries,normal,29.03,0,mixed,rain,1,morning,3.41,0,79,0,12.4,93.4,0
groceries,normal,27.43,0,unpaved,clear,1,night,5.02,0,88,1,26.2,87.0,0
groceries,emergency,10.8,1,paved,clear,1,evening,3.14,0,69,0,62.4,28.7,0
agricultural_supplies,normal,53.09,0,paved,clear,1,evening,2.8,1,37,1,48.4,105.7,0
electronics,high,24.33,1,mixed,rain,1,evening,0.36,3,36,0,44.1,80.9,0
medicine,low,2.98,1,paved,clear,1,afternoon,8.16,0,61,0,54.5,17.1,0
electronics,emergency,6.14,0,unpaved,clear,3,night,8.85,0,27,0,48.3,17.9,0
groceries,normal,4.03,1,paved,clear,3,evening,2.69,2,32,0,40.8,16.6,0
groceries,high,20.74,0,paved,clear,4,night,10.57,4,69,0,43.7,52.0,0
medicine,high,10.8,1,paved,rain,4,morning,8.23,1,32,0,80.1,40.2,0
medicine,normal,12.4,1,paved,storm,5,afternoon,2.6,1,81,1,80.9,60.6,0
clothing,low,3.72,1,mixed,clear,5,afternoon,4.07,1,59,1,21.8,17.9,0
electronics,low,14.6,0,paved,rain,5,morning,2.94,0,29,0,20.9,48.7,0
medicine,normal,3.32,0,paved,clear,4,night,5.47,2,58,0,53.6,6.4,0
clothing,normal,3.3,1,paved,fog,4,night,6.3,2,49,0,29.2,15.5,1
groceries,normal,15.04,1,mixed,clear,5,morning,1.34,1,37,0,31.6,56.6,0
medicine,normal,8.53,0,paved,rain,2,evening,4.09,2,63,0,44.8,22.5,0
agricultural_supplies,high,14.08,1,paved,rain,4,night,1.53,2,34,0,51.8,49.6,0
electronics,low,3.75,0,paved,rain,2,night,7.49,2,79,0,10.2,10.7,0
electronics,emergency,20.2,1,unpaved,rain,3,morning,1.97,0,66,0,59.2,108.6,1
electronics,normal,4.53,1,mixed,clear,4,afternoon,0.79,3,68,0,37.9,23.8,1
clothing,normal,4.67,0,unpaved,clear,3,afternoon,1.43,1,80,0,15.3,18.5,0
clothing,low,25.71,1,paved,clear,3,evening,1.77,0,53,0,13.2,72.5,0
agricultural_supplies,low,16.07,0,paved,storm,3,afternoon,2.78,1,37,0,11.3,67.4,0
groceries,high,18.42,0,mixed,rain,1,morning,2.86,2,98,0,32.2,60.8,0
documents,low,50.16,1,mixed,clear,1,night,4.7,1,69,0,23.3,129.8,0
documents,high,4.34,1,paved,rain,5,morning,4.0,4,72,0,57.6,21.5,0
medicine,normal,10.67,0,paved,clear,4,morning,3.73,3,39,0,58.3,26.5,0
agricultural_supplies,normal,5.02,0,paved,clear,2,evening,2.62,2,98,0,37.7,11.6,0
documents,normal,23.18,1,mixed,fog,3,evening,8.24,0,94,0,37.1,97.3,0
agricultural_supplies,normal,13.45,0,mixed,rain,5,night,3.2,0,45,0,30.5,61.6,0
medicine,high,7.46,0,paved,fog,5,afternoon,2.65,1,94,0,69.5,29.4,1
groceries,normal,12.55,1,unpaved,clear,2,morning,2.2,0,76,0,32.5,50.5,0
documents,high,33.46,1,mixed,clear,2,night,2.33,0,85,0,50.0,95.7,0
medicine,normal,14.13,0,paved,clear,4,night,1.72,0,64,0,60.5,38.2,0
groceries,low,1.44,0,mixed,rain,4,night,7.63,1,34,0,9.5,5.0,0
electronics,high,5.64,1,mixed,clear,1,evening,2.18,0,67,0,45.5,22.0,0
clothing,normal,1.71,1,unpaved,clear,1,morning,2.64,1,38,0,28.3,7.4,0
documents,high,4.87,0,paved,clear,5,morning,2.62,3,28,0,46.2,11.8,0
agricultural_supplies,high,36.6,0,mixed,storm,5,afternoon,6.2,2,40,0,47.0,228.7,0
agricultural_supplies,high,11.67,1,unpaved,clear,2,evening,5.43,2,57,0,52.4,45.1,1
documents,low,8.52,1,mixed,clear,4,evening,1.28,2,22,0,25.5,26.7,0
medicine,normal,4.39,0,paved,clear,5,night,7.21,1,94,0,56.6,12.4,0
documents,normal,5.57,1,paved,clear,2,morning,1.15,0,56,0,43.6,17.5,0
documents,emergency,26.49,0,paved,clear,5,afternoon,1.51,0,95,0,53.3,78.5,0
clothing,high,3.06,1,unpaved,rain,1,morning,3.01,1,52,0,39.7,20.1,0
medicine,normal,2.29,1,paved,clear,4,evening,5.57,1,25,0,59.9,9.8,0
clothing,normal,4.31,1,paved,clear,5,evening,1.26,0,45,0,34.7,20.9,0
agricultural_supplies,high,3.3,1,mixed,rain,3,evening,4.34,1,95,1,69.3,16.4,0
groceries,low,1.6,1,paved,fog,5,morning,0.32,2,57,0,20.5,8.8,0
groceries,low,2.53,1,mixed,clear,3,morning,4.61,3,79,0,23.0,5.0,0
clothing,low,1.98,0,paved,clear,3,morning,2.12,0,89,0,0.5,5.8,0
groceries,high,33.51,0,paved,clear,1,morning,8.31,0,64,1,43.1,66.7,0
documents,low,13.1,0,paved,clear,3,morning,8.8,1,78,0,13.8,33.8,0
clothing,low,29.0,0,mixed,clear,5,night,12.41,1,40,0,1.5,103.6,0
groceries,normal,11.24,1,paved,clear,2,afternoon,6.9,1,65,0,38.2,23.6,0
groceries,low,37.58,0,mixed,clear,5,evening,0.72,2,99,0,8.4,136.5,0
agricultural_supplies,low,40.51,0,unpaved,clear,3,morning,10.71,0,75,0,14.1,167.4,0
groceries,high,13.96,0,mixed,clear,1,afternoon,4.53,0,68,0,38.3,38.2,0
groceries,high,5.79,0,paved,fog,5,night,0.46,1,55,0,37.6,21.7,0
groceries,low,2.73,0,paved,fog,2,evening,1.09,2,90,0,17.0,5.0,0
agricultural_supplies,normal,4.39,1,paved,clear,3,afternoon,3.67,2,65,1,49.9,21.3,0
groceries,normal,12.43,0,paved,clear,4,afternoon,2.07,2,75,0,17.7,35.7,0
groceries,normal,6.44,0,paved,rain,5,morning,1.09,0,57,0,22.3,27.4,0
groceries,low,11.08,0,paved,clear,2,night,11.36,0,97,0,9.5,25.5,0
groceries,low,47.8,0,paved,clear,5,afternoon,4.92,1,87,1,23.8,129.6,0
electronics,low,7.32,0,unpaved,clear,2,evening,4.78,4,48,0,4.9,24.5,0
agricultural_supplies,low,13.01,0,paved,clear,5,afternoon,2.93,1,48,0,22.1,42.8,0
agricultural_supplies,emergency,22.15,1,mixed,storm,5,morning,1.49,1,95,0,62.8,151.1,1
medicine,normal,25.43,1,paved,fog,3,morning,5.32,3,49,0,65.4,86.7,1
groceries,high,26.11,1,paved,fog,1,evening,2.43,1,81,0,46.4,66.4,0
agricultural_supplies,low,5.17,0,paved,clear,1,night,3.85,0,95,0,16.8,16.7,0
clothing,low,2.14,1,unpaved,rain,2,morning,3.23,1,63,0,13.3,13.3,0
medicine,high,23.9,0,paved,storm,2,evening,2.62,0,28,0,70.1,94.8,0
groceries,low,24.91,1,paved,clear,1,night,5.35,1,49,0,14.9,59.0,0
clothing,normal,2.63,0,paved,rain,5,night,3.1,1,75,0,16.4,8.3,0
groceries,low,28.88,1,mixed,clear,3,morning,2.2,1,66,0,14.4,84.1,0
groceries,low,6.47,1,mixed,rain,2,morning,1.21,1,35,0,28.6,31.5,0
agricultural_supplies,low,20.88,1,mixed,fog,4,afternoon,3.94,2,69,0,42.0,93.8,0
documents,high,16.28,1,paved,rain,1,night,5.13,1,50,0,51.3,42.3,0
electronics,low,7.86,0,paved,fog,4,morning,7.84,1,94,0,17.0,27.3,0
groceries,normal,3.67,1,mixed,storm,3,evening,1.94,0,74,0,37.0,21.9,1
groceries,high,2.46,0,unpaved,clear,4,night,7.54,3,64,0,43.7,10.8,1
electronics,normal,5.02,0,paved,clear,2,morning,4.03,0,38,0,30.5,14.3,0
documents,low,15.57,0,paved,fog,5,afternoon,2.8,3,32,0,4.2,68.3,1
groceries,normal,11.96,0,mixed,fog,3,morning,1.27,0,77,0,23.9,48.8,0
groceries,normal,9.29,1,unpaved,clear,3,evening,5.75,0,54,0,37.4,43.6,0
medicine,low,12.33,1,unpaved,rain,3,evening,5.85,3,31,0,49.5,59.3,1
electronics,normal,6.86,0,mixed,rain,3,evening,3.88,0,27,0,12.3,32.2,0
groceries,normal,6.49,1,paved,clear,1,afternoon,1.53,3,75,0,31.0,15.1,0
agricultural_supplies,normal,18.11,0,paved,clear,1,night,5.02,3,89,0,28.7,34.0,0
agricultural_supplies,high,11.38,1,unpaved,fog,2,evening,5.43,1,56,0,47.1,56.1,1
electronics,emergency,3.11,0,paved,fog,4,evening,5.3,1,33,0,51.8,9.4,0
electronics,normal,6.0,1,paved,clear,2,evening,2.13,0,49,0,35.6,15.3,0
documents,emergency,17.93,0,paved,rain,3,morning,10.24,2,34,0,58.7,53.2,0
groceries,low,14.76,1,unpaved,rain,2,night,2.04,1,79,0,25.3,65.6,1
groceries,normal,16.82,0,paved,clear,2,evening,2.24,2,50,0,25.5,41.1,0
electronics,normal,14.06,1,unpaved,rain,2,morning,5.58,1,74,0,30.9,61.4,1
groceries,high,14.16,0,paved,rain,4,morning,8.99,0,71,0,37.7,47.6,0
groceries,normal,3.63,0,mixed,clear,1,morning,2.73,3,77,0,28.3,5.0,0
agricultural_supplies,normal,10.84,1,paved,clear,2,night,4.45,1,93,0,41.0,31.3,0
groceries,low,2.42,1,paved,rain,2,evening,7.54,1,34,0,28.1,16.1,0
agricultural_supplies,emergency,6.28,1,unpaved,clear,5,morning,1.75,1,90,1,83.3,38.3,1
electronics,normal,8.03,1,paved,clear,4,morning,4.82,1,89,0,36.0,28.4,0
clothing,normal,25.52,0,paved,clear,3,morning,1.03,2,95,0,9.7,59.4,0
clothing,emergency,16.8,0,mixed,clear,2,evening,3.46,1,84,0,48.9,53.6,0
electronics,high,8.65,1,paved,clear,5,night,1.41,0,56,0,38.0,29.6,0
documents,normal,7.43,1,mixed,storm,5,afternoon,4.91,0,90,1,44.5,51.3,1
medicine,normal,3.74,0,paved,clear,5,afternoon,2.55,0,80,0,54.7,14.5,0
agricultural_supplies,low,5.31,1,mixed,clear,2,morning,0.19,3,47,0,27.4,19.5,0
agricultural_supplies,normal,1.84,0,mixed,clear,2,morning,7.05,3,91,0,30.3,9.4,0
clothing,low,22.3,0,paved,clear,1,afternoon,3.73,1,26,0,0.0,39.3,0
groceries,normal,6.84,1,unpaved,storm,2,afternoon,2.88,0,94,0,22.6,45.1,1
clothing,low,19.5,0,paved,clear,1,morning,5.21,1,31,0,0.0,41.0,0
documents,low,6.49,1,mixed,clear,2,afternoon,0.59,1,40,0,24.1,19.5,0
agricultural_supplies,low,15.35,1,unpaved,clear,3,afternoon,8.77,0,78,0,29.2,66.3,0
clothing,high,4.78,0,paved,clear,3,evening,8.19,2,47,0,32.1,6.1,0
groceries,emergency,8.55,0,mixed,clear,2,afternoon,3.0,0,55,1,57.7,20.6,0
clothing,normal,2.32,1,mixed,clear,2,night,0.35,0,60,1,34.7,16.4,0
groceries,normal,11.26,1,unpaved,clear,5,night,1.0,2,44,0,34.0,57.3,1
groceries,high,16.16,0,mixed,fog,4,night,2.0,2,30,0,39.2,66.5,1
documents,normal,1.42,0,paved,rain,2,morning,0.33,0,96,1,37.0,5.0,0
medicine,normal,11.29,0,paved,rain,5,afternoon,3.69,2,98,1,70.3,38.7,0
agricultural_supplies,normal,28.91,1,unpaved,fog,5,night,3.06,1,56,0,39.2,185.5,1
medicine,normal,7.23,1,unpaved,clear,3,morning,2.18,0,79,0,56.8,35.2,1
electronics,low,7.16,0,paved,clear,3,afternoon,7.87,1,34,0,5.9,22.8,0
agricultural_supplies,normal,43.21,1,mixed,clear,4,afternoon,3.24,1,58,0,47.2,139.9,0
agricultural_supplies,normal,11.12,1,paved,rain,4,afternoon,4.79,1,80,0,41.0,41.3,0
groceries,low,36.83,0,mixed,clear,5,afternoon,7.25,2,91,1,7.4,130.8,0
agricultural_supplies,low,69.85,0,paved,rain,5,night,11.73,2,47,0,14.7,236.3,0
documents,normal,43.37,1,paved,clear,3,morning,3.21,1,21,0,31.8,109.8,0
electronics,normal,26.33,0,paved,clear,5,evening,1.05,1,85,0,20.1,66.8,0
medicine,normal,12.44,1,mixed,clear,3,afternoon,3.83,0,59,1,75.3,40.3,0
clothing,low,5.26,0,paved,clear,2,afternoon,0.54,1,95,0,9.8,10.9,0
electronics,normal,9.84,0,paved,clear,3,afternoon,3.36,0,71,1,28.9,24.3,0
clothing,normal,3.2,0,paved,storm,4,afternoon,2.21,2,92,0,15.5,13.8,1
groceries,normal,17.88,0,paved,clear,5,night,3.16,0,92,0,25.3,50.3,0
groceries,high,14.91,0,paved,fog,2,evening,1.8,1,45,0,40.0,35.6,0
clothing,high,3.4,0,paved,fog,4,evening,3.85,1,82,0,32.4,15.4,0
clothing,normal,14.01,0,paved,clear,2,morning,5.78,3,93,0,15.3,27.7,0
agricultural_supplies,low,18.48,0,paved,fog,5,evening,6.03,3,36,1,20.8,71.6,1
groceries,normal,32.1,0,mixed,clear,3,afternoon,2.95,0,44,0,24.6,105.1,0
groceries,low,5.86,0,paved,rain,3,afternoon,4.52,0,71,0,0.8,14.2,0
clothing,high,24.58,0,paved,clear,5,night,3.19,2,97,1,41.1,64.9,0
groceries,low,4.04,0,paved,clear,3,evening,3.98,0,50,0,6.9,5.4,0
groceries,normal,2.17,1,unpaved,rain,3,morning,14.47,1,83,0,32.6,10.2,0
medicine,normal,13.41,1,mixed,rain,1,evening,7.45,3,99,0,63.1,51.2,0
documents,emergency,6.86,0,paved,clear,1,afternoon,3.62,0,72,0,53.6,13.5,0
medicine,low,8.18,0,paved,clear,1,morning,1.47,0,46,0,37.2,12.8,0
clothing,low,5.49,0,mixed,clear,3,afternoon,1.26,3,25,0,8.9,21.6,0
agricultural_supplies,high,9.35,1,paved,clear,1,night,0.67,1,26,0,58.2,15.3,0
groceries,low,21.64,0,paved,clear,2,morning,2.09,0,46,0,10.6,40.1,0
agricultural_supplies,normal,31.34,0,mixed,clear,3,night,3.14,0,87,0,29.4,93.7,0
clothing,low,30.44,0,paved,clear,2,afternoon,1.48,4,56,0,7.7,68.6,0
medicine,low,15.25,0,paved,clear,5,evening,2.98,0,26,0,29.1,41.7,0
medicine,normal,9.82,1,unpaved,fog,2,afternoon,4.24,3,38,1,65.1,51.5,1
groceries,high,4.46,0,paved,clear,5,morning,3.25,1,47,0,44.2,12.7,0
agricultural_supplies,low,6.34,0,paved,fog,1,morning,11.71,0,46,0,24.3,8.5,0
clothing,normal,9.98,0,paved,clear,1,evening,6.01,2,69,0,16.9,13.1,0
agricultural_supplies,normal,24.74,1,unpaved,clear,1,evening,5.08,1,39,0,35.6,91.9,1
clothing,high,1.83,0,paved,clear,4,afternoon,8.17,1,40,1,42.2,15.1,0
clothing,high,12.89,1,paved,clear,1,morning,4.49,2,47,0,44.1,28.5,0
documents,low,15.21,1,mixed,clear,4,evening,7.64,0,50,0,21.9,59.6,0
groceries,normal,13.6,0,paved,fog,5,night,2.91,0,41,0,25.9,47.9,0
groceries,low,24.03,0,paved,clear,4,afternoon,4.92,2,51,0,6.1,59.6,0
documents,emergency,7.1,0,paved,clear,4,night,7.72,1,50,0,51.0,22.5,0
groceries,high,36.04,0,paved,clear,3,afternoon,0.57,0,95,0,45.4,86.0,0
groceries,high,12.89,1,paved,clear,1,afternoon,9.76,1,66,1,57.4,31.7,0
agricultural_supplies,high,26.63,0,paved,clear,3,night,3.54,2,95,0,53.7,52.2,0
groceries,normal,24.56,0,paved,clear,2,evening,1.1,0,88,1,35.8,46.9,0
clothing,normal,1.02,0,paved,clear,4,morning,2.87,1,63,1,27.5,5.0,0
medicine,low,7.56,1,paved,clear,4,afternoon,4.05,0,69,0,46.5,23.6,0
documents,normal,2.03,0,mixed,clear,1,morning,4.69,2,55,1,42.9,7.9,0
agricultural_supplies,normal,14.89,0,mixed,rain,2,morning,7.6,1,58,0,26.5,40.0,0
agricultural_supplies,normal,1.88,1,mixed,fog,4,night,0.64,1,43,0,39.9,8.8,1
electronics,normal,4.1,0,paved,clear,4,afternoon,3.74,4,30,0,27.0,6.4,0
clothing,high,25.1,0,paved,rain,3,evening,1.93,1,82,0,33.4,70.7,0
groceries,high,9.55,1,paved,clear,2,evening,1.77,1,95,0,47.0,21.0,0
groceries,emergency,30.94,0,paved,clear,5,night,0.73,1,45,0,58.0,78.4,0
agricultural_supplies,high,5.13,1,unpaved,fog,4,afternoon,1.59,0,26,0,56.2,38.7,1
agricultural_supplies,emergency,4.05,1,paved,clear,1,morning,2.7,0,64,1,89.0,15.5,0
documents,high,5.39,0,mixed,clear,5,afternoon,0.47,0,30,0,36.5,16.0,0
agricultural_supplies,normal,7.15,1,paved,rain,5,night,3.42,3,97,0,33.7,23.7,1
groceries,normal,9.26,0,paved,storm,1,morning,0.98,1,32,0,25.0,27.5,0
agricultural_supplies,low,1.89,0,paved,clear,4,morning,7.07,1,41,0,26.0,9.9,0
agricultural_supplies,low,16.16,0,paved,rain,1,afternoon,2.37,0,77,1,24.9,42.0,0
groceries,high,11.04,0,unpaved,clear,5,afternoon,3.98,1,65,0,33.3,56.0,0
groceries,high,12.76,0,paved,clear,2,afternoon,2.13,7,47,0,30.8,26.5,0
clothing,high,11.77,0,paved,rain,1,night,2.61,1,43,0,25.0,29.8,0
groceries,normal,13.5,0,unpaved,fog,4,afternoon,2.74,1,49,0,22.3,84.4,1
clothing,emergency,4.43,1,unpaved,clear,3,morning,1.59,6,98,0,60.3,25.3,1
clothing,normal,2.32,0,paved,storm,3,afternoon,2.73,1,73,0,22.6,13.0,0
medicine,high,14.49,0,paved,rain,1,morning,0.3,4,74,0,69.5,34.7,0
agricultural_supplies,low,20.4,0,mixed,storm,5,afternoon,2.23,1,96,1,31.3,139.4,0
medicine,normal,3.33,1,mixed,clear,3,night,6.64,0,60,0,60.4,18.5,0
electronics,low,25.78,0,paved,rain,2,evening,3.21,1,57,0,8.8,71.3,0
agricultural_supplies,high,1.73,0,paved,clear,3,night,1.91,0,22,0,46.4,5.0,0
medicine,high,26.07,0,mixed,clear,1,evening,1.09,1,23,0,70.4,62.5,0
agricultural_supplies,normal,28.64,0,paved,rain,4,morning,8.25,0,37,0,32.3,89.0,0
medicine,normal,3.25,1,mixed,rain,4,evening,3.8,0,57,0,62.7,25.3,0
agricultural_supplies,emergency,16.74,0,mixed,fog,3,morning,4.41,2,57,0,59.4,69.9,0
agricultural_supplies,normal,22.47,0,unpaved,clear,5,night,1.09,3,86,0,34.5,104.9,1
groceries,high,9.57,0,mixed,clear,2,evening,1.73,0,81,0,33.9,21.8,0
electronics,low,14.39,0,unpaved,clear,4,night,11.78,2,23,0,10.4,61.6,0
groceries,normal,18.44,0,paved,clear,5,afternoon,0.32,3,75,0,21.0,50.5,1
groceries,emergency,13.29,1,unpaved,clear,5,evening,0.87,1,79,0,67.8,72.1,1
medicine,normal,12.38,0,paved,rain,2,evening,5.91,1,55,0,50.4,30.6,0
agricultural_supplies,low,4.68,0,unpaved,clear,5,night,2.23,1,68,0,26.2,20.7,1
electronics,normal,1.75,1,mixed,clear,2,evening,5.75,4,22,0,35.4,5.2,0
documents,high,6.49,0,unpaved,clear,3,evening,7.0,0,43,0,35.4,23.5,0
documents,normal,32.47,0,paved,rain,4,afternoon,3.8,1,89,1,27.3,105.8,0
groceries,normal,2.82,0,mixed,clear,1,night,5.76,1,91,0,25.1,9.7,0
groceries,high,13.26,0,paved,fog,5,night,6.69,3,97,0,42.4,52.8,1
electronics,high,9.37,1,mixed,clear,5,morning,1.94,0,79,0,47.4,36.6,0
groceries,high,1.31,1,unpaved,clear,4,night,3.19,2,26,0,46.6,9.5,0
electronics,high,15.36,0,paved,clear,5,morning,2.19,0,40,1,39.3,43.1,0
groceries,low,10.71,0,unpaved,clear,4,night,2.68,1,22,0,8.5,44.5,1
groceries,low,16.75,0,paved,rain,4,evening,1.18,3,98,0,6.2,46.8,0
groceries,normal,15.67,0,paved,clear,1,morning,4.71,0,64,0,24.2,34.1,0
agricultural_supplies,normal,9.17,1,unpaved,rain,4,night,2.16,0,99,0,44.7,56.8,1
medicine,normal,13.54,1,mixed,clear,5,morning,3.42,2,80,0,71.1,53.1,0
agricultural_supplies,normal,14.24,1,mixed,storm,3,morning,1.88,1,33,0,45.1,81.3,1
documents,normal,13.66,1,unpaved,clear,1,evening,3.57,1,49,0,39.4,56.4,1
medicine,high,12.7,1,paved,fog,1,evening,8.38,2,93,1,87.4,34.2,0
groceries,normal,40.59,0,mixed,storm,2,night,3.61,0,64,0,18.1,204.1,0
agricultural_supplies,high,1.06,1,paved,clear,5,evening,4.06,0,82,1,61.8,5.0,0
medicine,low,6.31,1,paved,clear,2,night,6.17,2,34,0,56.7,25.0,0
medicine,low,13.7,1,unpaved,clear,1,evening,1.69,1,87,0,53.5,50.7,0
agricultural_supplies,low,10.81,0,paved,clear,5,evening,4.83,1,39,0,14.6,32.2,0
documents,normal,6.56,1,paved,clear,2,morning,4.59,1,82,0,32.0,18.5,0
medicine,normal,38.12,1,mixed,fog,1,night,1.82,2,50,0,66.4,135.1,0
agricultural_supplies,high,6.48,0,paved,clear,3,evening,15.36,1,88,1,55.9,8.7,0
clothing,low,7.03,1,paved,clear,4,afternoon,9.13,0,86,0,11.0,22.1,0
clothing,low,14.57,1,unpaved,clear,2,morning,0.67,2,76,0,12.2,60.5,1
groceries,low,2.31,1,paved,fog,4,afternoon,1.52,2,36,0,24.6,19.1,0
groceries,high,6.8,0,mixed,rain,3,afternoon,2.89,1,22,0,40.1,28.1,0
medicine,normal,25.75,0,paved,rain,5,evening,4.94,1,45,0,55.4,87.6,0
medicine,normal,6.64,0,mixed,fog,2,morning,0.99,1,41,1,58.2,20.6,0
groceries,normal,14.27,0,mixed,clear,2,evening,6.31,2,54,0,22.2,39.2,0
agricultural_supplies,high,3.9,0,paved,rain,3,morning,3.72,2,39,0,53.4,8.7,0
agricultural_supplies,low,2.43,0,paved,clear,2,night,6.19,0,97,1,24.0,6.4,0
documents,normal,4.68,0,mixed,clear,5,night,2.31,3,45,0,27.5,13.7,0
medicine,normal,9.13,1,mixed,clear,5,morning,7.49,1,40,1,65.2,33.9,0
agricultural_supplies,high,3.58,1,unpaved,fog,3,night,3.41,0,65,0,53.9,22.6,1
documents,normal,18.32,0,paved,storm,1,evening,0.4,1,74,0,29.1,57.8,0
clothing,normal,1.72,0,paved,clear,4,afternoon,3.41,1,20,0,20.1,5.0,0
medicine,emergency,11.51,0,paved,clear,1,morning,0.11,1,89,0,86.6,27.9,0
agricultural_supplies,emergency,1.01,0,mixed,rain,2,morning,2.61,2,26,0,56.8,5.0,0
groceries,low,4.14,0,paved,clear,4,afternoon,1.54,2,88,0,8.6,7.8,0
agricultural_supplies,low,1.13,0,mixed,clear,4,afternoon,0.75,3,46,0,17.2,6.6,0
documents,high,16.45,1,mixed,clear,1,evening,2.44,0,60,0,48.4,45.6,0
electronics,emergency,1.81,1,paved,clear,4,morning,0.63,0,87,0,64.6,17.6,0
documents,high,3.02,1,unpaved,rain,2,morning,5.61,3,79,0,49.5,19.5,1
medicine,high,9.06,0,mixed,rain,5,morning,4.73,0,88,0,72.7,43.4,0
documents,normal,1.62,0,paved,rain,5,afternoon,4.04,3,78,0,30.4,6.4,0
electronics,high,8.41,0,paved,rain,5,morning,4.02,0,57,0,26.6,26.9,0
medicine,low,14.43,1,mixed,clear,1,evening,7.74,2,80,1,61.0,41.1,0
groceries,high,21.92,0,paved,clear,3,night,5.45,3,38,0,29.1,47.0,0
clothing,normal,18.94,1,unpaved,clear,1,afternoon,6.03,4,85,0,38.9,66.3,1
groceries,high,17.6,1,paved,rain,1,night,1.36,1,96,0,40.4,48.3,0
groceries,normal,3.54,1,unpaved,clear,4,morning,4.69,0,95,0,35.5,13.0,1
groceries,low,3.88,0,unpaved,rain,3,night,3.57,1,89,0,1.1,11.5,1
clothing,high,4.76,0,paved,rain,2,night,5.24,1,26,0,33.2,15.2,0
documents,low,15.81,1,mixed,clear,3,night,0.4,0,73,0,23.1,47.1,0
documents,normal,14.86,0,mixed,clear,2,afternoon,2.41,0,51,0,17.6,39.5,0
agricultural_supplies,normal,3.11,0,paved,clear,5,afternoon,2.46,2,37,0,22.6,5.0,0
electronics,high,32.65,0,paved,rain,3,evening,3.98,3,95,0,40.6,95.1,0
groceries,low,6.99,0,mixed,clear,4,night,2.72,0,44,0,4.2,24.0,0
medicine,normal,4.06,0,paved,clear,2,night,2.34,2,68,0,56.5,12.1,0
groceries,normal,7.68,1,mixed,clear,4,morning,5.51,3,99,0,34.8,34.7,1
agricultural_supplies,emergency,1.38,0,paved,clear,5,afternoon,0.76,1,84,0,62.8,5.0,0
groceries,emergency,13.88,0,mixed,clear,1,evening,1.57,1,41,0,52.4,38.6,0
groceries,normal,6.28,0,paved,clear,1,evening,5.0,0,35,0,19.9,11.6,0
groceries,normal,13.11,0,paved,clear,2,night,4.56,0,89,0,18.3,30.5,0
clothing,normal,6.67,0,mixed,rain,3,morning,0.48,1,24,1,36.9,27.2,0
medicine,normal,4.0,0,mixed,rain,3,afternoon,2.49,1,24,0,54.0,5.0,0
documents,low,10.7,0,paved,clear,3,night,1.44,4,35,0,13.1,23.7,0
medicine,emergency,12.47,0,mixed,clear,5,night,6.78,1,90,1,94.8,38.5,0
documents,high,5.65,0,unpaved,clear,4,evening,5.79,2,71,0,42.6,20.4,0
groceries,low,45.48,0,paved,fog,1,morning,4.1,0,50,0,12.0,119.9,0
documents,normal,7.69,0,mixed,clear,4,evening,3.33,0,97,0,26.6,30.0,0
documents,emergency,15.89,1,paved,clear,5,night,1.25,1,32,1,82.4,55.8,0
groceries,high,5.14,0,paved,rain,4,evening,8.48,0,73,0,37.3,14.9,0
medicine,normal,7.4,0,mixed,rain,2,morning,1.04,1,86,0,58.5,33.2,0
groceries,low,1.22,1,unpaved,rain,4,afternoon,1.49,1,35,0,21.2,9.2,1
electronics,normal,4.22,1,paved,clear,2,morning,5.29,4,58,0,28.3,19.5,0
agricultural_supplies,low,13.99,0,paved,rain,2,night,8.63,0,63,0,8.5,31.1,0
clothing,normal,1.36,0,paved,rain,1,night,1.24,1,65,1,27.9,5.0,0
medicine,normal,16.94,0,paved,clear,3,morning,3.4,0,79,0,43.6,35.8,0
clothing,high,61.43,0,paved,rain,4,night,7.72,2,80,0,24.4,196.8,0
agricultural_supplies,low,7.1,0,paved,clear,2,evening,5.51,0,40,0,13.5,13.4,0
medicine,low,4.13,1,mixed,rain,5,afternoon,3.73,1,87,0,49.5,23.4,0
groceries,normal,23.95,0,paved,clear,1,night,2.94,1,82,0,23.8,44.2,0
medicine,normal,13.76,0,mixed,clear,4,morning,6.57,1,45,0,51.4,49.4,0
electronics,high,16.05,1,paved,clear,1,night,5.48,3,83,0,57.3,42.9,0
clothing,emergency,2.5,1,mixed,clear,2,evening,4.03,3,87,0,64.1,5.0,0
medicine,normal,6.29,0,paved,fog,3,afternoon,11.87,4,60,0,55.9,20.0,0
groceries,high,15.22,0,unpaved,clear,4,evening,7.12,1,83,1,42.9,69.3,0
clothing,low,5.87,1,paved,clear,2,evening,4.5,0,42,1,23.0,23.1,0
electronics,normal,22.82,1,paved,fog,3,evening,4.7,1,78,1,39.8,72.2,0
electronics,normal,5.79,0,paved,fog,5,night,4.36,0,72,0,27.6,27.2,1
documents,normal,6.54,0,mixed,storm,1,afternoon,3.69,2,62,0,26.0,26.2,1
electronics,emergency,30.69,1,unpaved,clear,4,afternoon,1.35,0,71,0,60.1,143.5,1
documents,low,10.03,0,paved,clear,1,night,0.4,0,56,0,5.6,14.9,0
clothing,high,16.61,1,paved,fog,4,morning,0.64,2,76,0,42.8,60.5,0
electronics,emergency,9.27,1,paved,fog,2,evening,2.79,3,75,0,60.4,33.3,1
electronics,low,8.24,1,paved,clear,4,night,1.38,0,72,0,11.3,26.9,0
agricultural_supplies,normal,12.64,1,unpaved,fog,5,night,4.28,0,74,0,37.0,84.1,1
agricultural_supplies,high,5.63,0,unpaved,clear,3,night,7.68,1,25,0,46.1,20.1,0
groceries,high,4.46,0,paved,rain,4,night,5.04,2,28,0,31.7,9.8,0
groceries,normal,1.42,0,paved,clear,4,afternoon,1.5,0,32,0,19.5,12.0,0
groceries,low,10.28,0,paved,clear,5,evening,5.41,0,48,0,6.6,21.6,0
agricultural_supplies,normal,4.97,1,mixed,rain,4,morning,3.29,0,34,0,43.2,31.7,0
documents,emergency,10.05,0,paved,fog,4,morning,5.05,0,78,0,53.5,37.7,1
electronics,normal,25.74,0,paved,rain,2,afternoon,7.38,2,48,0,20.1,64.2,0
clothing,high,6.47,1,paved,storm,2,night,11.24,3,32,0,42.5,36.0,1
groceries,low,7.8,0,paved,rain,3,evening,4.05,0,96,1,9.4,24.1,0
groceries,normal,7.11,0,paved,clear,1,morning,1.91,0,74,0,19.4,12.3,0
electronics,low,8.73,1,unpaved,clear,2,morning,1.15,4,20,0,12.7,39.0,1
groceries,high,4.24,0,paved,clear,4,evening,8.11,0,58,1,42.8,13.6,0
medicine,normal,30.4,1,mixed,clear,1,morning,7.59,2,78,0,64.3,78.1,0
groceries,low,13.67,1,mixed,storm,2,evening,4.52,3,44,0,15.3,71.2,1
documents,high,8.13,0,paved,clear,1,evening,1.48,0,36,0,40.8,15.4,0
clothing,high,4.4,0,paved,clear,1,afternoon,1.09,1,39,0,30.6,10.8,0
groceries,low,4.26,0,paved,clear,5,night,3.02,3,52,0,14.8,7.6,0
clothing,high,50.92,1,unpaved,storm,4,morning,1.56,3,22,0,36.1,399.6,1
medicine,normal,17.74,1,mixed,clear,3,afternoon,10.07,1,61,0,66.7,61.4,0
medicine,low,3.33,0,paved,clear,3,afternoon,6.19,1,85,0,37.0,6.2,0
medicine,normal,26.4,1,paved,clear,5,afternoon,2.7,2,68,0,69.0,84.0,0
agricultural_supplies,high,16.4,1,mixed,clear,2,afternoon,4.9,2,51,0,53.8,47.7,0
groceries,normal,2.31,1,unpaved,clear,3,morning,1.0,2,35,0,29.4,15.3,0
electronics,high,1.52,0,unpaved,clear,5,morning,2.77,0,95,0,29.1,5.0,0
groceries,low,2.38,0,paved,fog,1,morning,0.67,2,97,0,7.6,11.0,0
documents,low,2.58,0,unpaved,rain,1,afternoon,2.06,0,60,1,21.0,8.9,0
agricultural_supplies,normal,1.67,0,paved,rain,2,evening,7.25,3,42,0,29.1,6.0,0
groceries,normal,4.78,0,paved,rain,1,night,2.68,2,49,1,27.8,21.9,0
groceries,low,5.85,0,paved,rain,5,night,5.87,1,67,0,6.4,14.6,0
clothing,normal,44.86,0,paved,clear,4,afternoon,3.3,0,85,0,19.7,112.9,0
groceries,high,4.43,0,paved,storm,4,afternoon,4.14,0,88,0,35.2,15.8,1
groceries,low,17.91,0,mixed,rain,5,afternoon,1.97,0,38,0,14.5,81.0,0
groceries,normal,26.89,0,paved,rain,1,morning,0.53,1,81,0,27.8,62.8,0
agricultural_supplies,normal,17.43,1,mixed,clear,5,evening,6.26,2,74,0,43.5,62.8,0
clothing,normal,6.46,1,unpaved,clear,2,night,2.03,0,47,0,36.0,29.0,0
medicine,normal,7.64,0,paved,rain,2,night,3.04,1,88,0,50.9,20.3,0
groceries,normal,26.35,0,mixed,clear,1,evening,0.29,1,22,0,18.9,64.1,0
clothing,high,80.43,0,mixed,clear,2,evening,4.08,3,73,0,34.1,213.7,0
clothing,low,4.36,0,unpaved,clear,4,night,1.99,1,62,1,10.1,25.4,1
agricultural_supplies,emergency,4.56,1,paved,rain,4,evening,1.35,0,31,0,75.0,15.2,0
electronics,low,16.48,1,unpaved,rain,5,morning,3.4,0,32,0,15.9,97.2,1
agricultural_supplies,low,13.24,0,unpaved,rain,1,night,2.15,2,58,0,18.2,53.0,0
groceries,high,7.26,0,mixed,rain,3,evening,2.87,2,40,0,37.2,29.3,0
electronics,high,4.69,0,mixed,clear,4,night,0.62,0,27,0,26.9,13.0,0
clothing,normal,1.81,0,mixed,clear,4,night,2.14,2,42,0,15.1,5.0,0
documents,low,1.9,0,paved,clear,4,morning,3.1,0,23,0,13.6,8.9,0
agricultural_supplies,normal,5.1,0,paved,clear,1,evening,1.13,2,71,0,39.7,10.1,0
documents,low,8.45,0,paved,clear,5,morning,1.63,2,69,0,12.5,27.9,0
electronics,normal,11.39,0,mixed,fog,5,afternoon,3.69,1,88,0,16.4,61.9,1
agricultural_supplies,high,12.63,1,paved,rain,4,evening,2.62,1,97,0,56.9,39.7,0
groceries,high,14.69,0,mixed,clear,2,night,9.7,2,24,1,49.0,45.8,0
groceries,low,13.91,0,paved,rain,4,morning,6.45,4,41,1,17.5,46.1,0
groceries,high,19.19,1,mixed,clear,5,evening,2.02,1,26,0,52.1,72.7,0
groceries,normal,3.35,0,unpaved,rain,5,afternoon,2.91,0,63,0,22.7,18.2,1
groceries,low,7.77,1,mixed,clear,5,night,7.4,0,46,0,18.3,32.4,0
groceries,high,2.14,0,mixed,rain,2,afternoon,9.78,0,57,0,33.7,5.0,0
medicine,low,2.31,0,paved,clear,4,evening,2.7,1,33,0,39.5,9.5,0
documents,normal,5.58,1,paved,storm,3,evening,14.04,1,78,0,33.5,30.6,0
agricultural_supplies,normal,16.18,1,mixed,clear,2,night,0.45,1,74,0,39.1,57.1,0
groceries,low,5.35,1,mixed,rain,5,morning,2.62,1,98,0,17.7,29.3,1
medicine,high,10.15,1,unpaved,rain,5,night,8.05,2,28,0,76.9,67.0,1
agricultural_supplies,normal,24.3,1,paved,rain,1,evening,3.16,1,29,0,41.1,66.3,0
agricultural_supplies,normal,10.51,0,paved,clear,3,morning,4.0,0,91,0,30.2,30.1,0
electronics,high,7.47,0,paved,rain,5,night,12.84,1,88,1,51.8,21.7,0
agricultural_supplies,low,5.49,1,mixed,rain,4,morning,8.89,2,93,0,27.4,35.4,0
electronics,high,3.56,0,paved,clear,2,morning,0.54,1,92,0,27.7,13.5,0
agricultural_supplies,high,8.12,1,mixed,clear,5,night,1.06,1,28,1,63.0,38.0,0
medicine,high,8.76,1,paved,storm,1,morning,1.8,1,95,0,73.9,28.6,1
groceries,low,5.73,1,unpaved,rain,3,afternoon,2.84,2,49,1,27.0,29.7,1
groceries,normal,15.55,1,paved,rain,3,night,3.94,0,53,0,45.7,48.4,0
agricultural_supplies,normal,22.6,1,mixed,rain,4,morning,6.71,1,27,1,52.1,96.1,0
medicine,normal,5.16,0,paved,rain,1,afternoon,5.56,3,24,0,54.6,15.4,0
documents,normal,35.49,1,paved,clear,1,evening,3.15,1,92,0,31.6,71.5,0
agricultural_supplies,low,22.5,1,paved,rain,1,afternoon,8.76,3,92,0,28.5,65.7,0
groceries,normal,1.45,0,paved,clear,1,afternoon,1.48,0,46,0,22.3,5.0,0
groceries,normal,8.88,1,paved,clear,4,night,3.46,4,67,0,30.9,30.6,0
medicine,high,8.92,1,paved,clear,2,morning,5.33,0,29,1,83.1,24.7,0
agricultural_supplies,high,2.37,1,unpaved,clear,3,morning,1.74,1,80,0,56.7,13.7,0
clothing,normal,2.61,1,paved,rain,4,afternoon,1.36,1,21,0,30.3,15.3,0
groceries,emergency,28.97,0,paved,clear,5,afternoon,10.21,1,98,0,48.9,80.9,1
agricultural_supplies,high,5.49,1,paved,rain,1,night,6.19,0,44,0,60.7,25.3,0
groceries,emergency,21.01,0,paved,clear,5,evening,2.32,1,90,0,51.5,55.7,0
documents,high,4.4,0,paved,fog,1,morning,3.75,2,73,1,49.4,16.3,0
groceries,high,1.36,0,paved,clear,2,morning,2.42,0,61,0,33.5,7.4,0
clothing,normal,4.68,0,paved,clear,4,evening,0.6,0,94,0,17.1,11.9,0
electronics,low,22.45,0,unpaved,clear,1,morning,6.82,0,47,0,12.8,79.7,0
documents,normal,17.56,0,mixed,clear,1,evening,4.11,1,20,0,29.0,43.4,0
medicine,normal,10.99,0,paved,clear,5,afternoon,1.49,3,77,0,58.5,30.6,0
clothing,normal,13.38,0,paved,storm,2,afternoon,1.51,2,49,0,23.6,56.4,1
clothing,normal,10.9,0,paved,rain,3,evening,1.76,1,62,1,23.9,25.9,0
medicine,emergency,8.74,1,mixed,rain,2,morning,1.94,1,35,0,99.8,40.1,0
clothing,normal,4.82,0,mixed,fog,3,night,4.99,2,30,0,17.3,20.9,0
clothing,high,8.12,0,unpaved,fog,2,afternoon,1.66,1,87,0,34.5,38.7,1
medicine,high,33.65,1,mixed,storm,4,evening,1.14,2,71,0,84.9,206.0,0
groceries,normal,9.97,1,mixed,fog,2,afternoon,3.14,1,86,0,30.6,46.5,1
clothing,high,11.0,1,unpaved,rain,1,morning,2.81,1,31,0,37.0,44.8,0
agricultural_supplies,normal,16.76,1,mixed,clear,3,night,2.4,3,86,0,49.0,57.3,1
agricultural_supplies,emergency,1.11,1,unpaved,clear,5,morning,4.8,0,83,0,76.2,5.0,1
groceries,low,3.08,0,paved,rain,3,evening,6.1,1,99,0,10.6,5.0,0
agricultural_supplies,high,5.29,0,mixed,clear,5,afternoon,2.93,2,52,0,47.7,21.0,0
electronics,high,31.9,0,paved,clear,4,night,8.17,1,97,1,30.6,81.3,0
groceries,low,9.14,1,unpaved,clear,1,evening,0.7,1,63,0,16.1,30.6,1
clothing,high,2.79,0,mixed,clear,5,morning,0.71,0,58,1,49.1,5.0,0
agricultural_supplies,high,11.22,1,paved,clear,1,afternoon,5.42,1,55,0,57.1,25.3,0
electronics,normal,25.41,0,mixed,fog,2,afternoon,3.3,3,50,1,19.8,98.4,1
documents,low,8.78,0,paved,fog,5,evening,1.35,0,42,1,23.5,40.5,0
agricultural_supplies,high,4.15,0,paved,rain,3,night,2.89,1,33,0,46.4,10.7,0
groceries,normal,19.5,0,paved,clear,2,night,4.64,2,63,0,24.7,40.0,0
groceries,high,18.7,0,paved,rain,4,night,5.04,0,89,0,31.6,64.6,0
clothing,normal,12.91,1,mixed,clear,1,evening,2.1,0,99,0,29.6,35.5,0
medicine,normal,39.77,1,unpaved,clear,3,night,2.21,2,37,0,70.4,170.5,1
groceries,normal,1.16,1,paved,fog,1,afternoon,0.35,0,38,0,34.6,5.0,1
groceries,low,30.34,1,unpaved,clear,5,night,7.18,1,72,0,17.4,145.3,0
documents,low,2.11,0,paved,clear,5,afternoon,2.85,1,66,0,10.8,10.0,0
documents,low,1.85,1,unpaved,clear,2,morning,3.48,1,59,0,24.9,6.9,1
documents,normal,31.26,0,paved,rain,2,night,2.63,0,80,0,27.3,74.0,0
agricultural_supplies,normal,33.79,0,paved,fog,1,night,4.68,3,85,0,32.1,87.6,1
electronics,high,2.14,1,unpaved,clear,4,night,4.89,1,94,1,50.8,10.1,1
electronics,normal,4.0,1,mixed,storm,3,afternoon,6.33,2,88,0,29.1,33.6,0
documents,high,15.19,1,paved,storm,1,evening,1.79,2,64,0,47.1,61.0,0
groceries,low,18.85,1,unpaved,clear,5,morning,0.31,0,92,0,16.5,90.9,1
electronics,normal,2.42,1,paved,rain,1,evening,5.32,2,30,0,27.4,13.7,0
medicine,low,12.86,0,paved,clear,4,evening,3.64,2,99,0,40.8,34.3,0
agricultural_supplies,emergency,12.15,0,unpaved,rain,3,evening,8.63,5,75,0,63.0,54.7,0
clothing,normal,8.61,0,paved,clear,4,evening,8.01,2,53,0,23.5,23.4,0
groceries,low,17.79,1,unpaved,clear,2,evening,5.56,1,32,0,17.9,63.5,0
groceries,low,8.7,1,paved,fog,1,morning,2.07,1,25,0,15.6,32.2,0
medicine,low,45.98,1,paved,clear,2,morning,3.14,1,76,0,51.6,104.3,0
electronics,high,9.48,1,unpaved,clear,1,night,3.25,1,29,0,51.6,32.4,1
medicine,normal,11.83,1,paved,clear,4,morning,2.25,1,37,0,64.1,36.0,0
groceries,normal,1.18,0,mixed,rain,1,evening,6.17,0,87,1,35.8,5.7,0
agricultural_supplies,emergency,25.65,1,mixed,clear,2,morning,0.48,2,34,0,65.2,76.6,0
groceries,low,16.44,1,paved,clear,3,night,4.13,1,78,0,16.5,46.7,0
groceries,normal,23.5,1,paved,rain,5,morning,4.93,1,27,0,32.3,82.9,0
medicine,high,20.46,0,mixed,rain,4,night,3.8,2,85,1,78.2,83.6,0
electronics,low,2.82,1,mixed,storm,2,afternoon,2.21,0,74,0,23.3,19.7,0
documents,low,9.37,1,unpaved,fog,5,evening,3.16,0,27,0,20.6,60.9,1
groceries,low,19.01,0,paved,clear,3,afternoon,6.56,2,64,0,13.8,47.5,0
agricultural_supplies,normal,20.6,1,unpaved,clear,4,morning,14.24,3,33,0,45.8,93.7,1
agricultural_supplies,low,2.44,0,paved,clear,3,night,2.07,3,22,1,18.2,5.0,0
groceries,normal,2.24,1,unpaved,clear,3,morning,3.08,1,86,0,30.7,16.0,1
medicine,high,6.2,1,paved,clear,4,morning,3.44,2,75,0,82.6,30.3,0
agricultural_supplies,low,21.93,1,unpaved,clear,5,afternoon,5.71,1,76,0,27.1,101.2,1
clothing,high,19.16,0,paved,clear,2,night,0.21,3,94,0,32.1,36.2,0
medicine,low,7.45,0,paved,fog,1,night,4.8,1,35,0,33.4,17.2,0
groceries,emergency,21.54,0,unpaved,clear,1,night,3.14,2,54,1,64.8,74.6,0
medicine,normal,14.24,1,mixed,clear,2,evening,2.71,1,54,0,61.9,46.7,0
documents,high,4.27,0,mixed,clear,3,afternoon,17.58,2,29,1,48.8,11.0,0
clothing,normal,1.83,0,paved,clear,2,evening,3.14,0,52,1,33.4,5.0,0
groceries,low,1.16,0,paved,clear,1,afternoon,11.22,0,50,0,11.3,5.0,0
groceries,low,2.47,0,mixed,rain,3,evening,4.63,3,27,0,7.3,7.6,1
agricultural_supplies,low,5.19,0,paved,clear,5,morning,3.0,2,58,0,14.7,17.2,0
agricultural_supplies,low,29.13,1,unpaved,rain,1,afternoon,4.34,0,57,0,24.2,115.9,0
agricultural_supplies,high,4.38,1,unpaved,clear,4,evening,6.89,0,66,0,59.5,26.9,1
documents,emergency,29.47,1,paved,clear,3,evening,3.52,1,38,0,75.3,83.9,0
groceries,low,19.78,0,paved,clear,4,afternoon,0.52,0,29,0,10.3,51.7,0
medicine,low,12.42,0,paved,rain,5,evening,1.78,0,76,0,26.7,52.4,0
clothing,emergency,3.98,0,mixed,clear,1,afternoon,3.47,1,65,0,54.7,11.1,0
groceries,high,25.71,0,paved,clear,1,night,3.69,4,50,0,38.6,45.0,0
medicine,normal,26.92,0,paved,rain,2,evening,5.28,2,86,0,52.8,71.7,0
groceries,high,8.54,0,mixed,rain,5,morning,1.55,1,38,0,45.3,31.2,0
clothing,high,9.91,1,unpaved,fog,3,evening,14.83,2,95,0,48.9,67.0,1
clothing,high,16.85,0,paved,clear,3,afternoon,2.4,1,85,0,33.0,37.4,0
groceries,high,26.71,0,paved,rain,5,night,0.54,1,42,0,40.4,86.5,0
medicine,normal,48.79,0,paved,fog,5,morning,7.81,0,29,0,55.7,178.3,0
medicine,low,25.09,0,paved,clear,3,afternoon,0.58,1,68,0,36.8,64.2,0
groceries,high,21.47,0,paved,clear,4,morning,2.99,0,27,0,35.6,59.3,0
groceries,low,1.78,1,unpaved,clear,2,evening,3.86,0,79,0,11.0,5.5,0
groceries,normal,27.58,0,paved,clear,5,evening,4.69,2,78,0,28.4,76.8,0
documents,normal,13.9,1,paved,clear,3,afternoon,4.26,4,84,0,37.5,41.2,0
groceries,normal,26.67,0,unpaved,clear,1,night,3.21,1,30,0,21.2,84.1,0
agricultural_supplies,emergency,3.97,0,paved,clear,3,night,2.18,2,23,1,74.1,13.4,0
medicine,low,22.15,0,mixed,clear,2,afternoon,2.87,1,67,1,48.7,62.6,0
groceries,high,8.41,0,paved,rain,4,morning,1.14,2,65,0,34.3,25.7,0
electronics,normal,12.91,0,paved,clear,4,morning,3.27,1,23,1,45.9,33.1,0
groceries,high,8.78,1,mixed,fog,2,evening,5.69,2,71,0,51.3,35.8,0
agricultural_supplies,normal,12.47,0,paved,clear,5,night,5.32,0,48,1,37.5,32.9,0
medicine,emergency,31.37,1,mixed,clear,4,evening,7.68,1,91,0,83.7,101.0,0
electronics,normal,4.59,0,unpaved,clear,2,afternoon,2.65,1,40,0,15.3,14.2,1
agricultural_supplies,normal,9.92,1,unpaved,rain,3,morning,5.31,1,70,0,32.2,51.1,0
clothing,low,18.01,1,unpaved,clear,5,morning,6.16,0,48,0,9.8,95.6,1
clothing,high,4.02,0,paved,clear,1,evening,3.64,1,31,0,36.2,5.0,0
groceries,normal,32.28,1,paved,rain,4,afternoon,4.18,1,96,0,34.6,101.7,0
groceries,emergency,1.12,0,paved,clear,2,night,4.49,1,32,0,58.8,5.0,0
clothing,low,19.53,1,unpaved,rain,4,morning,2.56,2,76,0,9.5,108.6,0
agricultural_supplies,normal,7.0,1,paved,clear,4,afternoon,6.46,0,74,0,41.8,30.2,0
medicine,normal,16.62,1,paved,clear,2,afternoon,2.31,1,58,0,65.7,40.1,0
groceries,normal,4.24,1,paved,rain,1,morning,0.8,3,62,0,41.4,17.0,0
agricultural_supplies,high,9.83,1,unpaved,clear,2,night,3.8,3,41,0,53.1,36.8,1
clothing,low,18.62,0,mixed,rain,5,morning,4.88,2,50,0,3.9,79.9,0
medicine,normal,3.13,1,paved,clear,4,night,4.83,1,22,0,62.2,18.4,0
documents,high,6.65,0,paved,clear,5,afternoon,3.57,0,28,0,39.4,18.3,0
documents,normal,14.24,0,paved,fog,3,night,6.27,0,72,0,32.6,43.7,1
groceries,low,3.16,0,paved,storm,1,afternoon,2.12,2,84,1,22.8,14.6,0
groceries,emergency,16.61,1,unpaved,fog,3,afternoon,8.37,2,98,0,51.6,98.6,1
groceries,normal,3.78,1,mixed,clear,3,morning,3.57,0,25,1,40.2,18.6,0
electronics,normal,12.09,1,unpaved,clear,5,evening,3.84,1,67,0,33.9,65.5,1
agricultural_supplies,low,1.69,0,paved,clear,1,morning,1.27,0,47,0,24.3,6.1,0
agricultural_supplies,normal,30.01,0,paved,rain,2,night,3.06,0,38,0,36.0,78.0,0
medicine,high,3.03,0,paved,rain,1,afternoon,13.65,1,24,0,68.7,6.2,0
medicine,normal,6.58,0,paved,rain,5,afternoon,3.56,0,21,1,67.1,27.4,0
groceries,emergency,10.18,0,unpaved,clear,2,night,6.72,1,35,0,50.1,38.8,0
groceries,low,11.65,0,mixed,rain,2,afternoon,7.68,2,94,0,1.1,37.0,0
groceries,normal,9.01,0,paved,fog,5,night,3.28,1,57,0,19.3,31.4,0
medicine,high,12.58,0,paved,clear,1,afternoon,0.74,1,24,0,64.7,18.7,0
medicine,emergency,12.03,0,mixed,rain,5,evening,2.29,0,53,1,85.2,49.8,0
documents,low,7.53,1,paved,clear,5,evening,4.72,0,88,0,19.6,24.4,0
medicine,low,2.64,0,unpaved,clear,1,afternoon,3.77,0,20,0,31.8,8.1,1
agricultural_supplies,emergency,9.41,0,paved,rain,2,night,3.07,1,49,1,71.5,25.1,0
groceries,normal,16.68,0,paved,clear,5,afternoon,1.86,0,44,1,31.5,44.4,0
agricultural_supplies,low,6.17,0,paved,clear,2,evening,2.27,0,67,0,11.8,14.1,0
documents,high,20.19,0,mixed,rain,1,night,2.35,1,75,0,49.9,59.8,0
groceries,emergency,1.84,0,paved,clear,3,evening,3.5,4,77,0,55.5,7.1,0
groceries,normal,21.34,0,paved,fog,3,morning,4.72,0,63,1,29.9,68.4,0
groceries,high,3.07,0,paved,clear,3,afternoon,4.58,2,81,0,36.3,5.0,0
documents,high,99.07,0,paved,clear,3,morning,4.01,2,28,0,40.5,231.0,0
groceries,high,13.57,1,mixed,rain,1,night,3.74,1,35,0,52.1,49.2,0
documents,normal,19.28,0,paved,clear,3,evening,4.03,1,70,0,23.4,46.8,0
agricultural_supplies,low,2.55,0,paved,clear,5,morning,5.98,0,24,0,18.2,8.6,0
agricultural_supplies,low,14.64,1,paved,clear,1,morning,3.45,2,90,0,34.8,36.4,0
agricultural_supplies,low,3.13,1,paved,clear,2,morning,1.48,0,63,1,34.7,13.9,0
groceries,emergency,1.54,0,unpaved,rain,3,night,1.23,3,84,0,51.8,12.5,0
groceries,emergency,4.31,0,paved,storm,4,afternoon,0.43,1,63,1,71.4,27.1,1
electronics,normal,3.46,0,paved,clear,4,evening,10.1,3,29,0,26.4,9.6,0
groceries,low,1.83,0,paved,clear,2,afternoon,3.11,0,77,0,6.6,7.8,0
groceries,emergency,3.86,0,mixed,clear,4,afternoon,8.77,1,23,0,46.4,10.1,0
agricultural_supplies,high,5.47,0,paved,clear,1,evening,9.31,0,41,0,45.7,13.7,0
groceries,normal,2.01,1,mixed,rain,5,night,2.89,0,34,0,31.4,14.1,0
groceries,normal,19.75,0,paved,fog,1,afternoon,3.72,0,31,0,7.9,50.3,0
medicine,low,5.06,0,unpaved,clear,2,afternoon,4.41,1,47,0,46.6,17.2,0
groceries,normal,28.79,1,mixed,rain,3,morning,0.78,0,68,1,43.0,106.6,0
medicine,low,3.06,0,paved,clear,4,night,7.48,1,57,0,44.3,5.0,0
groceries,normal,2.63,0,paved,fog,5,afternoon,7.79,2,91,0,17.1,11.6,1
medicine,emergency,4.2,0,paved,fog,2,night,1.44,1,81,0,78.5,12.7,0
agricultural_supplies,emergency,27.48,0,unpaved,rain,3,morning,9.35,1,31,0,63.3,137.2,0
groceries,normal,3.32,0,paved,clear,3,night,4.28,2,61,0,31.6,14.8,0
medicine,normal,10.6,1,mixed,clear,3,night,2.01,0,29,0,65.2,37.8,0
agricultural_supplies,normal,2.24,0,paved,fog,1,evening,8.27,3,65,0,34.3,6.3,0
electronics,high,14.81,1,mixed,rain,3,afternoon,0.96,1,96,1,50.4,65.0,0
documents,high,19.84,1,unpaved,clear,3,afternoon,3.08,2,56,0,55.5,89.3,1
groceries,low,1.81,0,paved,storm,5,morning,4.39,1,73,0,14.9,5.0,0
groceries,emergency,21.58,0,unpaved,clear,1,afternoon,4.08,1,66,0,59.7,67.6,0
groceries,normal,4.76,1,unpaved,clear,3,afternoon,1.47,1,22,0,35.6,24.9,0
agricultural_supplies,normal,5.04,1,mixed,fog,3,evening,5.67,3,78,1,53.8,26.6,1
agricultural_supplies,low,1.14,1,unpaved,clear,4,afternoon,5.32,0,84,0,25.1,11.7,1
agricultural_supplies,high,1.15,0,paved,clear,4,morning,8.06,1,73,0,49.1,5.0,0
electronics,normal,6.58,0,paved,clear,3,morning,5.59,1,79,0,26.1,13.8,0
agricultural_supplies,emergency,13.9,1,mixed,clear,2,night,3.34,3,65,1,83.7,40.7,0
electronics,high,18.0,0,paved,rain,4,night,4.98,0,38,0,37.2,59.7,0
documents,emergency,13.07,0,paved,clear,3,night,6.66,2,88,0,60.8,24.5,0
medicine,high,7.73,1,paved,clear,5,evening,5.0,1,82,0,85.7,26.2,0
groceries,normal,1.54,1,unpaved,rain,1,morning,4.42,4,79,1,42.9,10.4,0
medicine,low,15.18,0,paved,clear,4,morning,4.34,2,34,0,40.9,38.0,0
groceries,normal,14.12,0,paved,clear,4,night,7.06,0,97,0,25.9,35.4,0
electronics,emergency,2.13,0,mixed,clear,1,evening,1.86,0,23,0,56.2,5.0,0
documents,normal,5.59,0,paved,rain,2,night,7.72,2,49,0,29.2,15.7,0
electronics,low,7.31,1,paved,clear,2,night,2.77,3,67,0,18.4,16.7,0
groceries,normal,8.57,0,paved,rain,5,night,1.53,2,25,1,34.8,35.5,0
electronics,low,15.82,1,mixed,clear,3,evening,5.62,2,46,0,11.7,48.9,0
medicine,high,33.23,1,mixed,clear,3,morning,4.27,3,94,1,85.8,94.6,1
medicine,high,14.37,1,mixed,fog,3,afternoon,2.38,1,81,0,82.6,66.5,0
groceries,high,1.93,0,paved,clear,1,evening,0.48,1,35,1,48.8,5.0,0
agricultural_supplies,high,14.12,0,paved,clear,1,evening,2.51,1,55,0,43.5,30.5,0
groceries,high,2.6,0,paved,rain,5,morning,2.6,0,33,0,39.7,10.1,0
agricultural_supplies,normal,18.78,1,mixed,clear,3,evening,2.75,0,84,0,53.8,59.1,0
clothing,normal,9.82,0,paved,clear,1,afternoon,1.44,0,91,0,19.0,28.7,0
medicine,emergency,6.41,1,unpaved,clear,2,afternoon,6.84,1,22,0,93.9,25.4,1
medicine,emergency,4.31,0,paved,clear,2,evening,1.44,1,45,0,92.1,5.0,0
electronics,normal,1.86,0,paved,fog,3,night,1.87,2,29,1,22.6,8.5,0
groceries,normal,4.18,0,paved,fog,3,night,4.6,2,84,0,23.4,10.4,0
groceries,normal,2.73,1,unpaved,clear,1,evening,2.01,2,77,0,23.1,12.1,0
clothing,high,14.02,1,unpaved,storm,5,night,14.68,1,37,0,50.6,118.8,1
electronics,normal,5.29,0,paved,clear,2,night,1.01,0,84,0,19.2,20.4,0
clothing,normal,11.79,0,paved,storm,5,afternoon,2.55,6,81,0,25.3,61.9,0
electronics,emergency,22.83,0,paved,storm,2,evening,2.93,1,93,0,54.1,88.8,0
medicine,emergency,17.72,0,paved,clear,2,afternoon,8.48,1,99,0,85.0,32.1,0
agricultural_supplies,high,7.11,1,paved,clear,4,night,5.01,1,66,0,58.2,21.3,0
electronics,normal,4.48,1,paved,clear,5,night,1.26,1,21,0,36.6,19.0,0
groceries,high,7.49,0,mixed,rain,1,evening,3.1,2,26,0,38.2,20.2,0
groceries,high,9.11,1,mixed,storm,4,morning,4.54,1,39,0,56.4,58.2,0
groceries,emergency,7.6,0,paved,rain,3,afternoon,1.76,1,67,0,44.4,14.6,0
agricultural_supplies,high,14.32,0,paved,clear,1,afternoon,6.12,1,60,1,55.9,27.3,0
clothing,low,4.78,0,paved,fog,4,night,5.54,3,45,0,4.4,18.1,0
agricultural_supplies,high,14.64,0,unpaved,fog,4,night,1.43,2,71,0,47.9,87.8,1
electronics,high,4.42,0,paved,clear,3,afternoon,3.13,0,33,0,41.7,5.0,0
medicine,low,6.79,0,paved,clear,3,morning,2.65,0,27,0,46.6,20.9,0
agricultural_supplies,low,3.28,0,mixed,clear,3,afternoon,1.72,0,32,0,1.8,10.3,0
documents,high,7.97,1,mixed,clear,2,evening,1.62,2,93,0,59.5,30.3,0
documents,normal,10.92,1,mixed,clear,1,afternoon,2.53,1,30,0,40.5,30.7,0
agricultural_supplies,high,3.2,1,paved,clear,1,afternoon,2.56,4,20,0,65.6,11.5,0
groceries,normal,14.42,1,unpaved,clear,3,afternoon,9.99,1,23,1,46.0,62.7,1
electronics,low,28.26,0,paved,clear,3,night,4.2,0,84,0,5.2,68.8,0
electronics,emergency,44.88,1,unpaved,fog,1,morning,1.63,0,62,0,61.9,205.7,1
agricultural_supplies,normal,6.14,0,mixed,clear,4,night,1.25,0,46,0,36.3,9.6,0
medicine,low,5.63,0,paved,rain,3,evening,4.21,2,44,0,45.4,17.8,0
documents,low,3.84,1,paved,rain,5,night,3.17,1,27,1,26.8,11.4,0
agricultural_supplies,normal,9.09,1,paved,rain,3,evening,2.88,0,63,0,30.4,34.2,0
agricultural_supplies,high,2.29,0,mixed,rain,5,evening,5.18,2,28,0,49.3,10.1,0
medicine,normal,5.22,1,paved,clear,4,morning,1.16,2,73,0,60.7,13.9,0
groceries,high,40.4,0,paved,clear,5,afternoon,4.99,1,31,0,41.7,112.9,0
medicine,normal,37.88,0,paved,fog,5,evening,1.6,4,33,0,54.2,140.1,1
groceries,normal,6.69,0,paved,clear,3,morning,3.9,0,88,0,23.8,20.4,0
agricultural_supplies,normal,16.26,0,paved,clear,1,afternoon,5.95,0,44,0,24.0,27.0,0
electronics,normal,5.15,0,paved,clear,2,afternoon,5.87,4,98,0,12.4,12.4,0
medicine,normal,9.97,0,paved,fog,1,afternoon,1.52,0,59,0,61.1,21.9,0
groceries,normal,11.12,0,mixed,rain,2,night,1.16,0,64,0,26.1,39.6,0
electronics,normal,27.03,0,paved,rain,4,afternoon,2.72,0,26,0,17.0,88.7,0
groceries,normal,4.94,1,mixed,clear,2,morning,3.29,0,89,1,42.2,22.6,0
electronics,normal,16.19,0,paved,clear,4,evening,2.04,1,32,0,22.8,44.8,0
documents,high,2.06,1,unpaved,clear,5,evening,4.84,0,58,0,48.0,9.7,1
medicine,normal,5.48,1,unpaved,clear,5,afternoon,0.45,2,23,1,63.5,32.6,1
groceries,normal,12.67,1,paved,rain,2,evening,6.65,0,44,0,31.6,34.5,0
groceries,high,1.92,0,paved,clear,1,evening,2.65,2,54,0,37.9,5.0,0
medicine,normal,14.92,1,paved,clear,2,evening,2.51,0,28,1,79.8,35.7,0
agricultural_supplies,normal,15.65,1,unpaved,clear,2,evening,2.43,1,51,0,42.4,60.3,1
clothing,high,4.23,1,paved,clear,5,morning,5.49,0,34,0,40.3,20.3,0
medicine,low,3.22,0,paved,fog,2,evening,0.36,0,46,0,48.6,6.6,0
electronics,normal,10.7,0,unpaved,clear,2,evening,2.67,1,76,0,18.7,39.2,0
agricultural_supplies,normal,28.29,1,unpaved,clear,5,evening,2.74,1,95,0,40.3,140.2,1
groceries,normal,24.94,0,paved,clear,3,morning,1.89,4,67,0,21.1,63.6,0
documents,low,20.09,0,paved,rain,4,afternoon,4.0,0,85,0,11.7,61.2,0
documents,normal,28.89,1,paved,clear,5,night,5.75,0,96,0,33.2,84.1,1
agricultural_supplies,low,15.14,0,paved,clear,3,evening,7.61,4,91,0,23.4,35.5,0
clothing,low,1.85,0,paved,clear,2,evening,2.79,1,70,0,2.5,10.1,0
groceries,low,29.94,0,paved,rain,3,afternoon,0.74,2,33,0,10.1,90.0,0
agricultural_supplies,emergency,3.46,1,unpaved,fog,4,night,2.25,0,78,1,76.5,27.7,1
groceries,normal,8.35,1,mixed,rain,4,evening,2.34,0,87,0,41.8,41.7,1
electronics,low,12.85,0,paved,clear,1,morning,4.48,1,51,0,10.6,23.7,0
agricultural_supplies,low,3.81,1,mixed,rain,1,night,14.9,2,79,0,23.1,14.7,0
agricultural_supplies,high,1.07,0,paved,clear,4,afternoon,1.89,1,44,0,50.6,9.0,0
medicine,high,4.33,0,unpaved,clear,1,night,0.83,0,41,0,70.7,13.6,0
agricultural_supplies,high,2.58,0,paved,clear,1,night,4.53,0,84,1,51.8,7.0,0
agricultural_supplies,high,3.11,0,paved,clear,2,morning,4.35,1,90,0,44.8,11.4,0
groceries,high,33.36,1,paved,rain,5,morning,4.92,3,91,0,50.5,116.1,1
agricultural_supplies,low,1.33,1,unpaved,clear,3,afternoon,1.38,0,52,0,32.7,9.3,1
medicine,normal,6.06,0,paved,fog,4,afternoon,2.76,1,84,0,53.4,18.5,0
electronics,normal,8.37,0,paved,rain,5,morning,4.12,2,73,0,17.1,27.6,0
medicine,normal,1.93,1,unpaved,rain,1,evening,3.15,1,59,0,66.7,8.5,0
agricultural_supplies,normal,6.23,0,mixed,clear,1,evening,11.03,1,64,0,28.9,12.9,0
groceries,normal,2.1,0,paved,rain,2,night,3.62,6,46,0,22.6,5.0,0
documents,high,23.19,0,paved,clear,5,morning,1.76,0,20,0,41.1,60.1,0
electronics,high,5.66,0,unpaved,storm,3,morning,2.55,0,42,0,32.6,40.8,1
agricultural_supplies,normal,15.47,1,unpaved,storm,5,morning,2.59,0,84,0,47.2,134.2,1
groceries,normal,35.57,0,paved,clear,1,evening,2.07,2,71,0,20.9,63.2,0
agricultural_supplies,normal,43.1,0,paved,clear,2,morning,1.9,0,83,0,22.2,99.1,0
electronics,high,16.3,1,mixed,clear,1,afternoon,7.89,0,33,0,47.0,51.8,0
electronics,normal,52.08,0,unpaved,clear,3,night,2.84,2,63,0,17.1,208.6,0
electronics,high,3.57,0,mixed,fog,3,evening,7.76,1,41,0,29.8,13.3,0
medicine,low,3.57,0,paved,fog,5,night,2.34,0,90,0,45.3,10.3,0
documents,normal,5.2,1,paved,clear,3,night,3.93,1,33,0,34.4,10.8,0
electronics,low,3.32,1,paved,rain,4,evening,2.38,0,49,0,16.8,14.3,0
groceries,normal,22.48,1,paved,rain,4,afternoon,1.37,0,38,0,36.4,83.4,0
agricultural_supplies,normal,31.65,1,mixed,fog,5,night,13.35,1,68,1,53.2,151.7,1
agricultural_supplies,high,26.83,0,paved,rain,5,morning,0.78,1,49,0,49.2,89.2,0
electronics,normal,8.63,1,mixed,rain,1,night,4.54,2,71,0,42.6,28.8,0
clothing,high,5.44,0,paved,clear,3,morning,0.96,0,93,0,27.5,16.3,0
clothing,normal,28.39,0,mixed,clear,4,morning,2.35,2,60,0,15.8,89.2,0
electronics,normal,58.21,0,mixed,clear,3,night,1.88,2,29,1,23.4,178.6,0
agricultural_supplies,high,1.11,0,paved,rain,4,night,1.45,1,83,1,47.7,5.0,0
groceries,low,11.99,1,paved,clear,4,morning,6.83,1,85,0,9.7,34.2,0
electronics,normal,7.57,1,paved,clear,3,afternoon,0.54,2,85,1,32.6,24.8,0
groceries,low,11.71,0,paved,clear,3,morning,3.33,1,27,1,9.0,32.1,0
agricultural_supplies,low,1.68,0,paved,fog,1,morning,0.79,1,31,0,21.5,5.0,0
clothing,normal,17.01,0,paved,clear,2,evening,1.27,1,39,1,27.2,37.7,0
groceries,normal,4.69,1,paved,clear,5,night,1.22,0,30,1,34.2,11.3,0
groceries,normal,8.9,0,paved,clear,1,night,4.3,1,28,0,25.5,17.9,0
electronics,low,7.55,0,paved,rain,1,evening,1.04,2,94,0,5.8,23.8,0
agricultural_supplies,normal,17.21,1,unpaved,rain,3,afternoon,1.69,1,74,0,45.4,88.6,1
agricultural_supplies,high,4.64,0,paved,clear,4,night,5.44,1,69,0,43.2,13.8,0
clothing,normal,3.82,0,paved,clear,3,night,2.1,1,56,0,28.5,18.2,0
groceries,high,3.72,0,mixed,clear,4,night,6.45,0,79,0,44.7,9.7,0
documents,high,1.32,1,mixed,clear,5,evening,3.56,2,22,0,55.7,5.8,0
clothing,high,7.13,1,mixed,storm,3,night,4.39,2,84,0,47.0,38.1,0
documents,emergency,7.97,1,mixed,rain,3,evening,1.46,0,53,0,73.6,35.4,0
groceries,low,1.27,0,paved,clear,4,afternoon,3.29,0,33,0,2.6,5.0,0
clothing,high,4.77,0,paved,clear,1,evening,6.5,1,31,0,35.6,14.7,0
clothing,emergency,8.69,0,paved,fog,4,afternoon,3.07,1,83,1,48.6,29.4,0
clothing,high,13.72,0,paved,rain,1,morning,1.18,1,33,0,31.1,32.5,0
clothing,low,4.26,0,paved,rain,4,night,3.1,1,48,0,4.8,14.2,0
groceries,high,21.67,0,paved,clear,4,night,8.41,1,62,0,31.3,55.8,0
clothing,high,18.26,0,paved,clear,1,night,0.81,0,76,0,34.6,38.1,0
agricultural_supplies,low,10.43,1,mixed,rain,5,night,3.74,1,80,0,23.8,47.0,0
agricultural_supplies,high,10.93,1,unpaved,clear,5,afternoon,2.19,1,59,0,69.1,55.6,0
clothing,normal,15.52,1,unpaved,clear,5,night,2.62,0,20,0,30.2,76.3,1
documents,normal,11.09,0,paved,rain,5,afternoon,0.89,0,40,1,36.9,42.4,0
clothing,high,7.08,1,unpaved,rain,5,night,1.91,0,43,0,38.3,53.3,1
electronics,high,36.26,1,mixed,clear,5,evening,2.95,0,63,1,45.5,127.8,0
groceries,normal,21.03,0,mixed,clear,3,evening,2.84,1,23,0,27.7,57.5,0
agricultural_supplies,normal,10.26,0,mixed,clear,3,afternoon,4.14,2,65,0,30.8,28.6,0
electronics,high,6.79,0,unpaved,clear,5,night,2.01,0,29,0,39.0,28.3,0
agricultural_supplies,normal,5.08,1,paved,rain,5,evening,1.43,0,59,0,42.4,25.0,0
medicine,emergency,3.51,0,unpaved,clear,1,night,1.53,2,96,0,80.7,12.8,0
electronics,normal,13.59,1,paved,clear,2,afternoon,4.37,0,92,0,31.4,40.8,0
electronics,high,20.84,1,unpaved,clear,1,night,9.71,3,91,1,57.3,78.4,1
clothing,emergency,1.29,0,unpaved,clear,1,morning,10.46,1,96,0,57.4,6.2,1
electronics,normal,6.7,0,mixed,clear,4,morning,2.16,1,90,0,22.6,20.0,0
groceries,emergency,2.07,0,mixed,clear,5,morning,0.05,2,71,0,55.8,6.3,0
documents,low,9.41,1,mixed,rain,4,night,18.19,0,80,0,32.2,44.8,0
groceries,low,1.26,0,mixed,rain,3,afternoon,5.84,0,24,1,11.1,9.9,0
clothing,high,1.32,0,mixed,clear,4,night,2.21,1,44,1,43.7,5.0,0
clothing,low,3.97,0,paved,clear,3,morning,4.48,0,26,0,6.3,7.3,0
medicine,high,14.25,0,mixed,clear,3,evening,3.28,0,66,0,74.1,49.6,0
agricultural_supplies,emergency,23.02,1,unpaved,clear,4,evening,3.21,0,71,1,84.1,105.8,0
groceries,emergency,1.43,0,mixed,clear,5,evening,5.67,1,42,0,54.2,5.0,0
medicine,low,7.18,1,unpaved,rain,3,evening,3.58,2,47,0,51.2,36.0,0
clothing,normal,3.5,0,paved,clear,1,night,1.4,1,58,0,21.9,8.7,0
agricultural_supplies,normal,10.79,0,mixed,storm,2,evening,1.84,1,92,1,36.7,54.5,0
agricultural_supplies,high,22.26,1,unpaved,rain,5,afternoon,5.27,3,76,0,57.9,141.0,1
clothing,normal,1.88,1,paved,rain,1,night,2.24,1,69,0,27.9,9.8,0
electronics,emergency,7.58,1,paved,clear,5,evening,4.09,0,89,0,62.9,24.5,0
medicine,low,15.39,1,mixed,clear,2,night,4.68,3,93,0,45.8,44.2,0
documents,high,4.09,0,paved,clear,2,night,2.41,2,54,0,48.1,16.0,0
medicine,normal,24.16,1,unpaved,clear,2,evening,2.3,1,44,0,72.8,96.2,1
clothing,low,6.71,0,paved,clear,5,morning,5.28,2,25,1,18.6,17.6,0
clothing,high,3.68,0,paved,clear,5,evening,3.13,1,98,0,32.7,7.4,0
groceries,high,9.51,1,mixed,rain,4,evening,4.99,0,99,0,51.8,49.6,1
clothing,normal,3.56,1,unpaved,fog,1,night,0.99,2,56,0,21.8,19.4,1
agricultural_supplies,low,21.34,1,unpaved,rain,2,night,3.24,0,97,0,27.5,96.7,1
medicine,emergency,10.36,0,unpaved,fog,3,night,4.15,2,86,0,81.9,56.5,1
groceries,normal,35.82,0,unpaved,rain,4,evening,4.46,0,76,0,23.5,197.8,0
agricultural_supplies,emergency,7.15,0,paved,fog,3,afternoon,1.53,0,91,1,67.9,16.4,0
electronics,normal,6.15,1,unpaved,clear,2,evening,3.39,0,84,0,25.7,31.1,1
groceries,normal,4.7,0,paved,clear,2,afternoon,1.31,1,20,0,19.1,8.1,0
agricultural_supplies,normal,1.12,1,mixed,fog,1,evening,1.9,1,69,1,59.6,13.0,0
medicine,high,29.56,1,unpaved,fog,1,night,3.87,1,98,0,86.6,134.2,1
groceries,low,13.04,0,mixed,fog,3,morning,1.56,2,41,0,7.2,60.1,0
agricultural_supplies,normal,5.1,0,paved,clear,1,evening,2.35,3,23,0,28.3,18.0,0
agricultural_supplies,normal,2.58,0,paved,rain,2,evening,0.37,0,35,0,34.6,7.1,0
documents,normal,6.12,0,paved,fog,5,evening,2.9,1,24,0,27.0,24.8,1
electronics,low,3.81,0,paved,clear,5,morning,1.84,0,86,0,2.1,9.7,0
groceries,low,9.85,1,paved,clear,4,afternoon,0.78,0,28,0,14.5,27.9,0
agricultural_supplies,normal,7.52,0,paved,clear,3,morning,0.57,3,63,0,24.2,20.3,0
groceries,low,14.59,0,paved,clear,3,evening,6.55,1,69,0,6.1,31.5,0
medicine,low,11.34,0,paved,clear,2,night,9.33,0,89,0,43.8,24.9,0
agricultural_supplies,high,11.97,0,paved,rain,5,afternoon,2.02,1,42,0,39.0,43.0,0
electronics,emergency,20.43,0,unpaved,clear,4,morning,7.12,1,35,0,51.3,91.9,1
clothing,normal,8.25,0,mixed,clear,1,night,4.72,0,81,0,22.0,16.8,0
clothing,high,25.82,0,paved,storm,2,morning,1.13,0,60,0,28.2,94.7,0
electronics,normal,1.75,1,unpaved,clear,5,night,2.48,1,88,0,31.0,16.7,1
electronics,low,20.05,1,paved,clear,3,morning,7.27,1,93,0,18.6,54.1,0
groceries,normal,2.85,0,unpaved,clear,3,afternoon,1.86,0,94,0,15.2,13.9,0
groceries,normal,4.83,0,paved,rain,3,evening,1.26,1,97,0,21.7,17.2,0
medicine,low,7.26,0,unpaved,clear,2,afternoon,1.07,2,64,0,36.9,22.3,0
medicine,emergency,10.94,1,mixed,clear,5,night,1.18,0,42,1,100.0,45.3,0
agricultural_supplies,normal,5.95,0,paved,clear,4,night,1.19,0,81,0,26.1,18.5,0
clothing,normal,3.7,0,paved,clear,5,morning,1.48,2,78,0,24.5,18.0,0
groceries,normal,9.19,0,mixed,rain,4,evening,1.63,0,41,0,20.1,33.2,0
electronics,high,22.7,0,paved,rain,2,morning,4.62,0,63,1,46.3,55.6,0
electronics,high,2.55,0,paved,clear,4,afternoon,10.21,1,91,0,32.8,5.0,0
groceries,normal,5.6,1,mixed,clear,1,night,6.23,2,27,1,42.2,25.8,0
documents,normal,36.67,0,paved,clear,5,afternoon,2.44,1,97,1,38.9,93.9,0
documents,low,23.6,0,paved,clear,2,afternoon,6.45,1,45,0,5.7,45.6,0
electronics,normal,6.33,0,paved,rain,4,night,10.57,0,24,0,29.8,24.1,0
agricultural_supplies,normal,8.73,0,unpaved,clear,5,evening,5.54,0,58,0,38.6,40.8,0
agricultural_supplies,normal,17.47,1,mixed,clear,1,afternoon,5.41,0,46,0,44.1,48.7,0
groceries,normal,31.36,0,paved,clear,4,night,4.58,1,37,0,23.7,78.9,0
groceries,normal,11.58,0,mixed,rain,2,afternoon,5.33,0,64,0,24.5,42.2,0
clothing,normal,24.59,1,mixed,clear,3,morning,5.48,1,35,0,28.9,85.0,0
documents,high,17.33,0,paved,fog,5,afternoon,6.47,3,90,0,28.5,58.6,1
groceries,high,5.7,0,paved,clear,5,afternoon,0.58,2,65,0,38.8,12.8,0
clothing,normal,7.07,0,paved,storm,1,morning,3.8,0,56,1,28.9,24.0,0
medicine,high,12.43,1,paved,fog,4,night,1.69,0,21,0,77.6,43.4,1
agricultural_supplies,low,7.98,0,paved,clear,1,afternoon,1.43,1,35,0,20.8,9.9,0
groceries,normal,5.83,0,paved,clear,5,night,7.13,0,85,0,30.9,20.2,0
electronics,normal,61.38,0,paved,fog,3,evening,12.44,0,61,0,24.3,193.3,0
groceries,high,18.16,0,paved,clear,3,evening,1.47,0,85,1,43.3,42.4,0
agricultural_supplies,high,15.84,0,paved,clear,5,afternoon,3.44,1,59,0,41.3,47.5,0
agricultural_supplies,normal,22.0,0,paved,clear,1,afternoon,6.44,3,39,0,40.8,42.9,0
agricultural_supplies,emergency,5.63,0,paved,clear,4,morning,1.39,3,40,1,76.0,9.6,0
electronics,low,11.61,0,paved,rain,1,night,1.04,0,47,0,0.0,26.6,0
medicine,high,2.25,1,paved,rain,3,morning,1.39,1,43,0,76.4,16.5,0
agricultural_supplies,normal,10.82,0,paved,clear,1,evening,3.95,1,77,1,39.6,18.0,0
medicine,normal,11.14,0,paved,rain,2,night,2.1,0,76,0,55.7,32.2,0
medicine,low,12.01,0,unpaved,clear,1,afternoon,0.77,1,47,0,36.1,34.8,0
groceries,normal,33.63,0,paved,clear,4,afternoon,0.99,2,94,0,23.9,86.7,0
medicine,emergency,79.21,0,paved,clear,4,evening,5.95,2,25,0,91.4,199.5,0
agricultural_supplies,emergency,12.71,1,mixed,clear,4,afternoon,4.17,2,43,1,84.4,44.5,0
medicine,low,5.48,0,paved,clear,1,evening,3.07,2,61,1,53.0,7.2,0
groceries,low,8.8,0,paved,storm,4,afternoon,0.92,1,20,0,3.2,39.7,0
groceries,high,3.67,1,paved,clear,3,morning,3.64,1,97,0,42.5,6.9,0
documents,high,4.26,1,unpaved,clear,3,afternoon,3.17,0,28,0,45.4,16.9,1
documents,low,32.59,1,mixed,clear,5,night,4.78,0,99,1,28.4,117.2,0
groceries,normal,6.08,1,paved,clear,3,evening,0.88,1,97,0,28.8,15.7,0
groceries,normal,21.05,0,paved,rain,2,night,3.29,1,36,0,28.8,53.9,0
groceries,high,3.58,0,mixed,clear,1,afternoon,5.07,2,50,0,42.8,5.5,0
groceries,high,31.97,0,mixed,rain,1,morning,2.55,2,71,0,43.4,98.3,0
agricultural_supplies,high,7.7,1,paved,rain,1,night,3.24,1,43,0,60.7,30.4,0
agricultural_supplies,normal,3.19,1,unpaved,rain,2,morning,1.36,1,20,0,38.0,14.4,1
medicine,low,7.42,1,mixed,fog,1,morning,6.11,0,54,0,45.6,28.5,0
clothing,high,1.74,1,unpaved,clear,1,afternoon,3.39,1,74,0,42.7,12.1,0
documents,high,3.2,0,mixed,storm,3,afternoon,3.82,4,98,0,46.3,17.7,1
groceries,normal,9.99,0,paved,clear,5,evening,1.45,4,86,1,32.5,28.5,0
groceries,low,10.93,0,unpaved,clear,1,night,3.3,3,30,0,7.1,37.6,1
agricultural_supplies,low,65.77,0,mixed,clear,4,night,6.59,1,32,0,19.4,214.7,0
medicine,emergency,4.97,0,paved,storm,4,afternoon,5.01,1,42,1,100.0,26.0,0
documents,high,7.11,1,unpaved,clear,2,afternoon,1.79,0,83,0,51.1,35.2,1
medicine,high,6.15,0,paved,rain,2,morning,2.03,1,95,0,69.5,14.1,0
groceries,normal,3.25,0,paved,rain,4,morning,0.61,2,60,0,28.6,10.9,0
agricultural_supplies,emergency,22.74,0,paved,clear,3,night,2.81,0,85,0,60.4,49.1,0
groceries,normal,8.5,0,mixed,clear,3,night,3.5,0,45,0,27.2,29.5,0
medicine,normal,4.18,1,paved,rain,5,morning,0.99,1,44,0,63.5,23.8,0
medicine,normal,3.59,1,paved,clear,3,evening,1.58,1,68,0,72.7,23.4,0
groceries,normal,17.62,0,paved,clear,4,morning,4.23,0,42,0,19.6,44.9,0
documents,low,12.52,0,paved,clear,3,morning,0.58,0,95,0,11.1,35.7,0
agricultural_supplies,low,21.27,1,paved,storm,2,night,1.66,0,31,1,33.4,86.7,0
groceries,low,20.03,1,paved,clear,1,night,4.93,1,23,0,18.2,52.0,0
agricultural_supplies,low,8.75,0,mixed,clear,2,night,5.26,0,36,0,18.0,15.7,0
groceries,low,4.45,1,mixed,clear,2,night,2.96,4,89,1,16.7,16.3,0
groceries,high,3.85,0,mixed,fog,4,afternoon,3.67,3,45,0,37.2,17.0,1
groceries,low,17.33,1,paved,clear,2,morning,2.64,1,88,0,20.2,40.0,0
electronics,normal,40.58,1,unpaved,fog,1,morning,5.03,3,54,0,37.1,189.0,1
groceries,low,13.85,0,mixed,clear,4,night,4.99,1,79,0,5.7,48.1,0
groceries,high,12.91,0,paved,clear,3,morning,1.09,0,90,0,40.6,25.4,0
groceries,low,19.01,1,unpaved,clear,3,morning,3.06,0,97,0,16.1,76.6,1
clothing,normal,6.39,1,unpaved,clear,3,morning,6.69,2,76,0,32.2,35.0,1
groceries,emergency,17.9,0,mixed,clear,3,morning,4.13,1,24,0,60.1,52.8,0
electronics,low,14.83,1,unpaved,rain,5,night,4.99,0,39,0,10.4,95.9,1
clothing,low,5.09,0,paved,rain,3,night,0.99,0,26,0,8.0,18.6,0
groceries,high,9.2,1,paved,clear,4,morning,5.39,2,53,0,52.2,34.9,0
agricultural_supplies,high,1.59,1,paved,clear,2,evening,0.64,1,51,0,56.7,6.4,0
agricultural_supplies,emergency,26.33,1,unpaved,rain,2,evening,1.15,0,60,1,80.7,119.0,0
documents,normal,5.24,1,unpaved,fog,4,evening,0.58,4,41,0,38.5,35.2,1
groceries,high,2.18,0,mixed,clear,3,evening,5.88,2,45,0,38.5,6.7,0
agricultural_supplies,normal,3.97,1,paved,fog,1,afternoon,2.62,7,50,0,41.8,18.0,1
electronics,normal,1.47,0,paved,clear,4,afternoon,4.2,1,20,0,24.3,11.1,0
groceries,high,19.35,1,mixed,rain,2,night,11.05,1,99,0,50.6,75.5,0
groceries,low,6.68,1,unpaved,fog,4,night,4.7,2,65,1,29.4,40.7,1
documents,normal,18.36,1,mixed,rain,5,evening,3.43,1,27,0,39.5,86.1,0
clothing,normal,2.25,1,unpaved,rain,4,afternoon,2.01,0,20,0,31.4,12.7,1
documents,low,3.04,1,paved,rain,1,morning,3.17,1,78,0,29.2,17.0,0
agricultural_supplies,high,7.66,1,paved,clear,2,morning,3.61,1,53,0,62.2,25.6,0
clothing,low,9.7,0,mixed,rain,4,afternoon,5.52,2,86,0,8.5,41.4,0
medicine,normal,5.54,0,paved,clear,2,night,6.26,1,29,0,51.8,10.6,0
groceries,high,5.05,0,paved,rain,3,afternoon,2.96,1,93,0,40.3,8.3,0
groceries,normal,5.32,1,paved,clear,2,morning,6.11,0,44,0,25.3,16.1,0
clothing,low,30.06,0,unpaved,clear,5,afternoon,6.87,2,95,0,0.0,141.0,1
agricultural_supplies,high,17.02,0,paved,clear,1,afternoon,1.9,1,81,0,48.8,38.4,0
medicine,normal,27.09,0,paved,rain,4,morning,2.81,1,55,1,69.2,87.5,0
groceries,normal,17.69,1,unpaved,clear,2,afternoon,7.83,2,41,0,26.8,64.3,1
medicine,low,3.24,1,unpaved,clear,2,morning,0.83,2,78,0,49.8,14.7,1
agricultural_supplies,low,12.37,1,unpaved,fog,5,afternoon,1.52,0,60,0,28.7,83.6,1
electronics,emergency,18.0,1,paved,fog,4,afternoon,3.0,0,54,0,59.0,64.4,1
groceries,low,1.29,0,paved,clear,5,night,3.2,2,35,0,10.9,5.0,0
groceries,high,1.23,0,mixed,clear,3,afternoon,5.98,3,45,1,46.4,5.0,0
clothing,normal,7.95,0,paved,clear,2,morning,2.65,1,22,0,13.9,11.7,0
agricultural_supplies,normal,23.39,0,paved,clear,1,night,2.25,1,31,0,23.8,44.3,0
medicine,normal,9.17,1,paved,clear,1,night,1.43,2,86,0,70.5,28.3,0
clothing,low,4.89,1,paved,rain,1,evening,12.45,1,38,0,16.7,20.8,0
groceries,low,4.56,0,paved,clear,4,evening,3.26,1,88,0,12.3,10.9,0
medicine,normal,18.77,0,paved,rain,4,night,4.36,0,36,0,59.8,61.1,0
agricultural_supplies,high,1.66,1,paved,fog,2,morning,4.16,1,23,0,53.4,7.1,1
clothing,high,8.79,1,paved,rain,1,evening,3.92,1,58,0,36.0,27.5,0
medicine,low,15.77,1,paved,rain,5,evening,8.68,2,42,0,46.7,56.6,0
groceries,high,9.9,0,mixed,rain,3,afternoon,5.39,0,98,0,47.4,40.7,0
clothing,normal,5.51,1,paved,clear,4,afternoon,2.82,1,57,1,31.9,19.8,0
agricultural_supplies,low,6.48,0,paved,fog,1,morning,2.12,1,59,0,23.9,15.0,0
medicine,high,2.13,0,paved,fog,2,night,2.33,3,88,0,63.9,8.4,1
electronics,normal,1.95,1,paved,clear,3,morning,3.7,1,29,0,31.1,10.0,0
groceries,normal,28.74,0,paved,clear,3,night,8.15,0,26,1,34.4,64.0,0
electronics,high,45.49,0,paved,fog,3,morning,8.92,0,35,0,37.1,136.0,1
clothing,low,3.46,0,mixed,rain,5,morning,5.14,1,48,0,10.2,17.6,0
groceries,high,43.17,1,mixed,clear,5,evening,3.58,3,29,0,44.2,162.3,0
medicine,high,12.32,1,unpaved,clear,3,night,2.48,0,36,0,83.0,61.9,1
agricultural_supplies,normal,46.97,0,paved,clear,2,afternoon,2.23,2,26,0,38.0,106.9,0
electronics,normal,21.66,0,paved,fog,5,evening,2.82,1,68,0,29.8,81.9,0
groceries,normal,25.32,0,paved,rain,3,evening,7.47,2,21,1,27.0,74.0,0
groceries,emergency,7.23,0,paved,clear,4,morning,1.07,0,82,0,50.6,24.4,0
groceries,low,6.7,1,mixed,clear,5,afternoon,2.86,2,32,1,23.5,34.2,0
agricultural_supplies,high,18.36,1,unpaved,clear,5,afternoon,8.0,4,88,0,50.8,87.5,1
electronics,high,7.27,0,mixed,clear,1,evening,17.68,4,78,0,38.6,17.2,0
medicine,normal,56.65,1,mixed,clear,2,evening,8.65,0,46,0,74.4,157.8,0
documents,normal,7.75,1,paved,rain,2,night,8.35,1,36,0,33.0,21.1,0
medicine,normal,12.0,1,unpaved,fog,5,night,5.01,3,67,0,65.0,78.4,1
agricultural_supplies,normal,7.12,0,paved,fog,5,night,2.69,0,28,1,36.9,27.8,1
agricultural_supplies,normal,39.71,1,unpaved,rain,1,morning,3.12,1,60,0,45.2,163.8,0
agricultural_supplies,high,3.41,1,mixed,fog,5,morning,4.31,1,90,0,62.6,28.1,1
groceries,normal,4.4,0,paved,rain,2,evening,7.26,4,78,0,15.0,9.7,0
groceries,normal,4.81,1,unpaved,fog,3,evening,5.77,2,98,0,35.1,27.6,1
clothing,high,3.4,0,mixed,rain,5,afternoon,6.22,3,29,0,33.1,18.5,0
clothing,high,38.86,1,unpaved,rain,2,morning,7.26,2,70,0,49.4,180.0,0
medicine,low,18.07,1,paved,clear,2,afternoon,5.54,1,75,0,53.2,42.3,0
groceries,normal,28.99,1,paved,rain,5,evening,4.59,0,92,0,23.5,110.5,0
electronics,high,12.54,0,mixed,rain,3,morning,4.58,4,49,0,38.5,39.2,0
agricultural_supplies,high,10.64,0,paved,fog,5,afternoon,4.82,0,64,0,41.2,41.4,1
clothing,normal,10.95,1,unpaved,rain,3,evening,2.97,1,59,0,26.1,63.2,0
electronics,normal,13.83,1,unpaved,clear,5,night,2.82,3,88,0,35.1,77.0,1
agricultural_supplies,high,4.29,0,unpaved,clear,1,evening,1.99,1,66,0,46.4,9.9,0
agricultural_supplies,normal,61.16,1,unpaved,fog,1,afternoon,6.33,0,54,0,35.8,277.2,1
electronics,normal,3.81,1,unpaved,clear,4,afternoon,1.15,1,24,0,31.9,22.4,1
groceries,emergency,28.65,0,paved,fog,3,morning,1.61,0,65,0,49.9,89.4,0
electronics,normal,7.06,0,paved,rain,2,afternoon,2.67,0,50,0,17.4,21.9,0
groceries,emergency,27.7,0,paved,rain,2,night,1.75,1,34,0,48.3,71.5,0
agricultural_supplies,high,1.94,1,paved,rain,1,morning,1.66,1,20,1,59.6,7.4,0
electronics,high,3.98,0,paved,clear,1,night,9.22,2,38,0,41.2,7.7,0
agricultural_supplies,normal,16.04,0,mixed,clear,1,afternoon,4.81,1,30,0,25.3,42.8,0
groceries,normal,3.42,1,mixed,rain,1,morning,6.2,4,79,0,43.2,10.1,0
clothing,low,5.62,0,paved,clear,5,morning,4.09,2,36,0,2.0,20.1,0
electronics,normal,2.98,0,mixed,clear,2,night,10.95,0,81,0,14.1,9.5,0
groceries,low,23.14,0,mixed,rain,3,morning,1.19,2,98,1,18.0,82.4,0
clothing,low,9.36,0,paved,rain,1,evening,0.89,1,34,0,7.2,22.6,0
clothing,high,22.25,0,paved,rain,2,morning,4.9,2,37,0,34.3,63.4,0
groceries,high,3.06,1,paved,clear,1,evening,2.79,0,45,0,35.4,12.5,0
agricultural_supplies,high,14.86,0,paved,rain,5,morning,0.9,2,90,0,49.5,47.4,0
electronics,high,1.14,0,mixed,clear,5,night,1.07,0,55,0,40.2,8.6,0
electronics,normal,3.66,0,mixed,clear,2,night,4.53,2,26,0,16.9,15.0,0
medicine,low,39.89,0,paved,clear,1,morning,0.41,1,86,0,30.5,76.9,0
agricultural_supplies,normal,30.59,1,mixed,clear,3,night,7.49,0,42,0,45.0,98.2,0
groceries,normal,3.55,1,paved,clear,2,afternoon,5.61,4,23,0,34.2,21.0,0
clothing,high,3.62,1,mixed,clear,5,afternoon,3.17,2,72,1,57.7,13.4,0
agricultural_supplies,low,7.66,0,paved,clear,4,morning,5.58,2,63,0,24.0,19.2,0
agricultural_supplies,emergency,11.02,0,paved,clear,2,morning,8.11,1,61,0,61.5,26.4,0
groceries,low,19.27,1,mixed,storm,5,morning,2.41,0,73,0,18.1,129.6,0
agricultural_supplies,high,20.37,0,paved,clear,2,afternoon,8.15,1,95,0,46.7,44.0,0
electronics,low,29.26,1,unpaved,rain,1,morning,2.5,3,58,1,15.3,118.9,1
agricultural_supplies,low,22.67,1,mixed,fog,2,evening,0.46,0,70,0,30.1,83.7,0
agricultural_supplies,high,9.29,1,paved,fog,2,morning,7.4,0,34,0,49.9,26.0,1
agricultural_supplies,high,8.52,1,paved,clear,5,night,2.4,1,40,0,50.2,33.4,0
documents,normal,7.72,0,paved,rain,5,evening,7.05,2,70,0,29.4,25.8,0
agricultural_supplies,normal,1.59,1,paved,clear,3,morning,4.87,2,37,0,46.4,9.0,0
electronics,normal,1.11,0,unpaved,rain,4,morning,5.8,0,59,0,24.6,5.0,0
documents,normal,13.98,1,mixed,storm,5,evening,1.57,0,78,0,24.5,89.9,0
groceries,normal,1.57,0,unpaved,rain,2,morning,2.05,0,38,0,24.4,5.6,1
agricultural_supplies,normal,9.24,0,paved,rain,1,afternoon,3.57,0,99,0,28.6,25.5,0
clothing,high,21.67,1,mixed,rain,3,evening,0.91,0,69,0,40.2,81.3,0
documents,normal,2.26,1,mixed,fog,5,evening,5.92,1,23,0,34.2,13.2,1
groceries,normal,2.25,0,paved,clear,1,morning,7.8,0,64,0,28.5,5.0,0
agricultural_supplies,low,9.54,0,paved,rain,1,evening,10.22,1,69,0,18.0,20.2,0
electronics,high,32.73,1,mixed,clear,5,morning,4.88,0,89,0,40.1,115.0,0
documents,low,44.81,0,paved,clear,5,afternoon,4.27,3,68,0,20.5,122.4,0
documents,high,8.04,0,mixed,rain,5,night,1.84,3,23,0,40.8,34.4,0
clothing,high,15.18,1,paved,clear,3,night,4.94,0,86,1,57.2,44.9,0
medicine,normal,8.05,1,paved,clear,5,evening,4.36,0,93,1,70.8,24.1,0
documents,emergency,6.36,0,mixed,clear,5,night,5.06,0,69,0,55.1,24.0,0
medicine,low,1.49,0,mixed,clear,3,evening,3.78,0,39,0,29.7,5.0,0
electronics,emergency,23.49,1,unpaved,rain,4,evening,2.68,1,36,0,63.4,130.4,1
agricultural_supplies,normal,14.12,0,mixed,rain,5,night,3.54,0,45,0,28.4,62.6,0
medicine,normal,17.09,1,mixed,clear,1,morning,4.19,0,97,0,65.6,50.7,0
medicine,low,6.08,1,mixed,rain,2,morning,3.99,0,77,0,50.4,20.4,0
clothing,normal,3.99,1,mixed,rain,3,afternoon,3.45,1,63,0,31.4,21.4,0
agricultural_supplies,normal,2.35,0,mixed,clear,2,night,3.83,2,89,0,30.8,5.0,0
groceries,normal,1.22,1,unpaved,clear,3,afternoon,1.59,3,59,0,42.0,8.9,1
documents,low,24.2,1,paved,rain,2,morning,6.33,1,80,0,18.0,61.0,0
groceries,high,3.69,1,unpaved,clear,4,morning,5.91,1,80,0,45.0,14.4,1
groceries,normal,37.19,1,paved,clear,2,night,3.67,0,48,1,47.8,88.7,0
clothing,emergency,16.5,0,unpaved,clear,4,evening,0.44,0,73,0,49.9,66.8,0
documents,high,5.53,0,paved,rain,4,morning,3.26,2,24,0,35.9,17.2,0
clothing,high,4.37,0,paved,rain,3,afternoon,5.91,2,54,0,37.5,11.8,0
electronics,normal,18.38,1,unpaved,clear,3,evening,4.18,0,34,0,31.3,79.4,0
electronics,normal,15.32,0,paved,storm,2,night,8.46,3,54,1,26.3,55.0,0
documents,low,6.3,1,paved,clear,4,night,5.7,1,77,0,18.7,24.9,0
electronics,low,8.83,0,paved,clear,2,night,3.89,2,56,0,4.3,19.6,0
documents,normal,2.32,0,paved,clear,5,evening,3.98,1,26,0,23.5,14.1,0
agricultural_supplies,normal,14.25,0,mixed,rain,3,evening,5.0,1,23,0,40.5,55.4,0
documents,normal,8.11,0,paved,rain,4,evening,1.06,2,76,0,27.7,17.1,0
medicine,low,20.73,0,mixed,clear,3,morning,2.16,0,39,0,37.8,59.8,0
medicine,high,1.37,1,mixed,rain,4,morning,4.79,3,77,0,84.7,7.4,1
documents,normal,33.53,1,mixed,rain,5,morning,1.24,2,34,0,47.6,151.8,0
medicine,high,1.42,0,paved,fog,4,morning,6.47,0,80,0,60.1,6.5,0
medicine,normal,14.52,1,mixed,clear,1,afternoon,1.48,0,44,0,57.6,40.5,0
groceries,high,3.04,1,paved,clear,4,night,9.56,2,95,0,53.9,13.0,1
agricultural_supplies,low,5.69,0,mixed,clear,4,afternoon,2.05,0,91,0,28.7,16.2,0
groceries,normal,16.99,0,paved,clear,2,night,5.77,1,23,1,30.8,33.9,0
electronics,low,29.62,1,unpaved,clear,4,afternoon,1.58,1,47,1,22.9,132.3,1
groceries,normal,1.84,1,unpaved,clear,1,afternoon,1.53,0,83,0,26.8,13.5,0
agricultural_supplies,normal,25.0,1,paved,fog,1,morning,2.27,2,29,0,49.3,65.3,0
documents,high,48.68,0,paved,rain,3,night,1.35,3,26,0,39.9,140.5,0
clothing,low,3.52,0,mixed,clear,2,evening,0.99,0,26,0,5.0,7.0,0
groceries,normal,10.85,1,unpaved,clear,5,evening,1.09,0,45,0,33.9,58.1,1
agricultural_supplies,normal,1.22,0,unpaved,rain,5,night,6.43,0,80,0,35.1,15.1,1
groceries,low,8.29,1,mixed,rain,5,night,2.24,2,98,0,19.5,37.6,1
agricultural_supplies,normal,5.81,1,unpaved,rain,5,evening,1.99,1,58,0,37.9,41.6,1
groceries,high,4.46,0,paved,clear,5,morning,4.09,1,50,0,35.9,12.5,0
documents,normal,18.0,0,mixed,clear,3,afternoon,3.68,8,50,0,22.5,54.3,0
groceries,normal,21.82,1,paved,clear,1,morning,1.02,3,51,1,38.5,49.0,0
medicine,high,8.12,0,paved,rain,2,afternoon,1.98,3,45,0,67.7,18.4,0
groceries,normal,2.68,1,unpaved,clear,4,evening,3.47,2,90,0,39.9,9.4,1
electronics,high,1.15,1,paved,rain,2,evening,3.64,1,67,0,41.8,5.0,0
groceries,normal,4.96,0,paved,clear,1,night,5.89,3,79,0,31.6,7.0,0
groceries,high,2.8,0,paved,fog,1,evening,1.2,1,81,0,38.7,5.0,0
agricultural_supplies,normal,35.06,0,paved,clear,3,afternoon,2.59,4,35,0,43.4,87.8,0
electronics,low,2.69,0,mixed,rain,1,morning,0.89,1,43,0,6.9,13.0,0
electronics,normal,15.51,0,paved,rain,5,night,3.73,0,98,0,21.2,50.9,0
clothing,normal,13.04,0,paved,clear,4,morning,3.68,1,81,1,28.7,36.2,0
documents,high,9.99,0,mixed,clear,4,morning,5.38,3,79,0,40.3,39.0,0
agricultural_supplies,normal,6.18,0,unpaved,storm,2,afternoon,0.21,2,74,0,40.0,49.2,1
medicine,high,12.14,1,unpaved,rain,1,afternoon,0.84,0,85,0,95.0,54.4,1
medicine,low,6.46,0,paved,rain,4,morning,2.42,0,86,0,34.3,19.0,0
electronics,low,37.23,0,mixed,rain,1,night,3.22,3,54,0,10.3,113.9,0
documents,low,14.45,1,paved,clear,4,morning,3.41,1,89,1,33.7,40.1,1
groceries,high,23.27,1,unpaved,clear,2,afternoon,4.43,4,80,1,56.6,87.4,1
agricultural_supplies,emergency,3.23,1,unpaved,rain,4,afternoon,6.92,0,77,0,74.9,22.8,1
electronics,low,13.57,1,mixed,clear,4,night,1.7,0,79,0,16.5,47.8,0
agricultural_supplies,normal,1.7,0,paved,clear,4,evening,2.41,0,70,1,40.4,5.0,0
agricultural_supplies,low,15.25,1,paved,clear,4,evening,5.39,0,50,0,26.3,41.2,0
agricultural_supplies,high,14.98,1,paved,rain,2,night,4.51,0,48,0,53.4,41.4,0
documents,high,7.15,0,unpaved,rain,2,evening,3.39,0,46,0,34.6,29.8,0
medicine,low,10.36,1,unpaved,clear,2,afternoon,4.02,1,61,0,53.9,42.7,0
medicine,emergency,24.68,0,paved,clear,5,evening,4.16,0,85,0,95.7,68.5,0
groceries,low,12.26,0,unpaved,clear,4,evening,4.19,2,35,0,12.9,50.2,1
groceries,normal,8.11,0,paved,clear,2,evening,3.83,1,33,0,28.0,10.5,0
groceries,low,13.27,0,paved,fog,1,evening,2.0,1,79,0,2.1,36.7,0
groceries,low,1.32,0,paved,clear,4,afternoon,1.4,1,90,0,7.6,8.2,0
groceries,normal,8.07,0,paved,clear,2,night,10.05,2,49,0,19.0,17.1,0
agricultural_supplies,normal,5.84,0,mixed,clear,5,night,5.94,1,29,1,45.3,19.3,0
groceries,high,7.04,0,paved,rain,5,evening,1.96,0,41,0,31.7,23.4,0
groceries,high,3.28,1,mixed,clear,3,morning,0.76,0,29,0,48.3,21.2,0
agricultural_supplies,normal,4.56,0,paved,storm,4,night,0.67,3,22,0,35.2,24.9,1
medicine,low,11.71,0,paved,clear,5,evening,1.57,0,43,1,40.6,30.6,0
groceries,high,10.56,0,paved,rain,1,morning,2.74,0,35,0,42.9,25.7,0
groceries,normal,18.75,0,paved,clear,5,evening,6.62,2,93,0,20.2,50.5,0
clothing,low,1.61,0,paved,clear,4,morning,3.15,1,28,0,10.6,11.9,0
electronics,low,8.38,1,unpaved,clear,1,morning,7.78,4,92,0,18.6,30.4,1
groceries,emergency,11.69,1,unpaved,fog,2,evening,7.85,3,38,0,65.3,52.4,1
groceries,low,32.21,0,unpaved,clear,5,evening,9.09,2,55,0,12.1,155.2,0
clothing,normal,34.34,0,paved,clear,2,evening,1.83,2,27,0,17.7,67.4,0
groceries,normal,4.72,0,mixed,clear,5,evening,5.08,4,81,0,20.6,18.4,0
electronics,normal,2.64,0,paved,clear,5,night,1.17,0,90,0,21.9,17.2,0
medicine,low,8.47,0,paved,clear,2,night,2.65,2,89,0,47.7,22.5,0
medicine,high,1.57,1,unpaved,fog,3,night,3.61,1,28,0,79.7,17.3,1
medicine,normal,22.74,0,paved,clear,2,night,3.84,2,82,0,54.6,51.0,0
documents,normal,20.53,0,mixed,clear,4,evening,1.81,4,93,0,27.3,70.7,0
agricultural_supplies,emergency,8.4,0,mixed,clear,4,morning,2.38,0,23,0,65.0,24.5,0
electronics,high,17.9,0,mixed,fog,1,afternoon,4.04,1,89,0,38.5,57.9,1
clothing,normal,18.4,1,mixed,clear,5,afternoon,0.93,2,48,0,34.7,72.5,0
groceries,low,4.13,1,unpaved,clear,2,evening,3.05,0,59,0,8.0,22.3,0
clothing,high,3.17,0,paved,clear,3,night,7.82,3,51,0,23.3,7.1,0
medicine,low,16.33,1,mixed,clear,4,night,1.73,1,72,0,54.8,55.9,0
agricultural_supplies,low,7.83,1,paved,clear,1,afternoon,4.5,2,24,0,29.1,27.4,0
agricultural_supplies,normal,3.48,0,paved,rain,4,morning,1.17,1,78,0,38.6,20.4,0
medicine,normal,31.06,0,paved,rain,5,night,5.14,1,91,0,58.0,102.4,0
clothing,normal,7.28,0,paved,clear,1,night,8.2,0,80,0,27.6,18.9,0
agricultural_supplies,high,7.93,0,mixed,clear,2,afternoon,1.07,0,33,0,54.7,24.2,0
groceries,emergency,3.15,0,paved,clear,1,afternoon,2.04,0,28,0,52.6,6.3,0
medicine,low,29.1,0,unpaved,rain,5,night,0.98,2,51,1,50.3,164.9,0
agricultural_supplies,normal,95.64,0,paved,rain,4,evening,5.09,2,72,0,33.5,303.1,0
groceries,low,2.48,1,unpaved,clear,3,morning,3.67,0,76,0,19.2,17.6,1
groceries,low,5.2,1,mixed,clear,1,evening,3.59,2,48,0,18.0,12.7,0
agricultural_supplies,normal,5.73,1,paved,clear,3,afternoon,10.13,2,20,0,47.9,11.4,0
agricultural_supplies,low,1.07,0,paved,clear,4,evening,1.35,1,83,0,25.7,5.0,0
medicine,normal,8.33,0,mixed,fog,1,afternoon,4.24,1,61,0,54.4,30.9,0
clothing,low,48.81,0,unpaved,rain,1,evening,3.17,4,88,0,0.0,199.5,1
agricultural_supplies,normal,5.98,0,paved,clear,2,morning,11.47,0,51,1,46.3,14.9,0
groceries,normal,19.52,0,paved,rain,1,afternoon,5.77,0,84,0,28.7,41.3,0
medicine,normal,31.16,0,mixed,rain,1,afternoon,2.61,1,77,1,62.4,88.3,0
groceries,low,13.12,0,paved,clear,5,morning,11.51,0,24,0,6.5,35.3,0
electronics,high,18.95,0,mixed,clear,4,night,7.3,0,53,0,37.6,61.3,0
medicine,normal,29.63,0,paved,clear,2,morning,3.39,1,57,0,57.3,64.6,0
groceries,normal,68.16,1,unpaved,clear,4,afternoon,3.14,1,87,0,31.0,292.2,1
medicine,normal,11.79,0,paved,rain,2,morning,1.07,0,53,0,52.1,32.1,0
medicine,high,4.23,0,unpaved,clear,1,evening,1.53,2,96,0,67.5,22.2,0
clothing,high,5.28,0,mixed,clear,1,night,2.7,0,77,0,36.0,10.4,0
documents,high,2.57,0,paved,clear,2,morning,4.1,1,55,0,43.1,7.6,0
documents,normal,6.26,0,paved,clear,2,evening,3.93,0,28,0,25.6,10.4,0
electronics,normal,15.94,0,paved,clear,3,afternoon,7.73,0,32,0,12.0,47.0,0
agricultural_supplies,normal,13.94,0,paved,clear,3,afternoon,2.8,1,92,1,36.2,27.2,0
agricultural_supplies,normal,22.71,1,mixed,rain,5,morning,2.48,0,67,0,41.7,105.3,0
agricultural_supplies,normal,3.02,0,mixed,clear,1,night,5.22,0,28,0,31.9,6.3,0
groceries,normal,24.61,1,paved,clear,5,evening,1.78,1,36,1,40.0,77.9,0
agricultural_supplies,normal,4.57,1,paved,rain,4,morning,1.15,0,28,0,43.0,26.0,0
groceries,low,21.5,0,paved,clear,1,night,2.76,2,69,0,3.2,40.2,0
groceries,high,8.77,1,mixed,clear,4,morning,3.22,1,43,1,62.0,39.1,0
clothing,normal,4.03,1,unpaved,clear,1,morning,5.79,0,36,0,27.5,13.1,0
electronics,high,16.04,1,mixed,fog,2,evening,4.13,0,97,0,42.8,61.5,1
medicine,normal,5.2,0,paved,clear,3,evening,4.08,3,42,0,58.1,13.1,0
electronics,normal,14.4,1,paved,rain,2,morning,4.33,0,21,0,27.5,47.0,0
groceries,emergency,6.28,0,paved,clear,2,morning,6.34,0,26,0,60.9,13.2,0
groceries,high,7.75,1,mixed,clear,5,morning,6.66,3,56,1,50.3,31.5,0
groceries,normal,3.71,0,mixed,rain,2,afternoon,3.39,2,70,0,18.5,17.0,0
documents,low,30.38,0,paved,clear,4,night,1.67,3,31,0,11.5,73.0,1
groceries,normal,6.94,0,paved,clear,4,morning,0.87,4,89,0,22.3,12.7,0
groceries,high,16.01,0,mixed,clear,2,night,6.83,0,21,0,47.3,44.0,0
agricultural_supplies,high,10.39,1,unpaved,rain,1,night,3.9,1,47,1,63.9,51.7,1
electronics,normal,3.39,0,paved,rain,1,night,5.85,0,40,0,20.8,7.5,0
clothing,low,6.42,0,paved,clear,2,morning,4.5,4,23,0,7.1,21.4,0
groceries,low,20.09,0,mixed,clear,1,evening,2.42,0,50,0,2.4,53.5,0
agricultural_supplies,normal,1.8,1,unpaved,rain,2,evening,0.69,0,54,0,38.8,17.2,1
agricultural_supplies,normal,1.13,1,mixed,clear,4,evening,1.27,0,26,0,48.6,8.0,0
groceries,high,11.61,1,mixed,fog,2,evening,0.79,1,95,0,51.4,49.4,1
medicine,high,1.77,0,paved,clear,5,evening,5.62,1,92,0,72.7,6.7,0
documents,low,2.04,0,mixed,clear,2,evening,6.25,2,20,1,13.8,10.2,0
groceries,low,9.84,0,mixed,rain,1,evening,7.0,1,35,0,10.5,33.1,0
electronics,emergency,32.18,0,mixed,rain,2,night,0.96,3,29,0,50.3,116.5,0
documents,low,6.61,1,mixed,rain,4,morning,3.3,1,42,0,21.7,28.4,0
medicine,emergency,5.05,1,paved,rain,1,morning,5.51,1,39,0,96.3,15.6,0
clothing,low,10.59,0,unpaved,clear,5,evening,3.78,1,62,0,2.8,47.1,1
clothing,high,4.17,1,unpaved,rain,4,afternoon,7.4,4,82,0,44.2,29.2,1
agricultural_supplies,normal,4.76,0,mixed,fog,2,afternoon,3.54,1,82,0,35.4,18.9,0
groceries,normal,9.51,1,unpaved,rain,4,night,5.69,0,62,0,25.0,61.2,1
agricultural_supplies,high,23.61,1,unpaved,rain,4,night,7.75,0,86,0,61.2,138.3,1
agricultural_supplies,low,11.55,0,paved,clear,2,afternoon,3.45,1,32,1,24.3,24.2,0
medicine,high,7.53,0,mixed,clear,1,evening,2.43,1,52,1,81.9,20.0,0
medicine,low,4.54,0,paved,clear,5,morning,9.24,0,69,1,47.6,11.4,0
medicine,low,3.08,0,unpaved,clear,3,afternoon,4.14,1,24,0,36.0,14.8,0
electronics,high,13.08,0,paved,clear,2,night,1.55,0,62,0,40.5,34.4,0
groceries,high,7.08,0,unpaved,fog,3,evening,2.89,1,41,0,48.0,45.6,1
medicine,low,3.22,1,paved,clear,2,evening,3.19,1,81,0,54.5,12.2,0
clothing,low,22.61,1,unpaved,rain,1,afternoon,0.77,0,31,0,11.5,99.0,0
agricultural_supplies,high,37.4,1,mixed,rain,3,night,5.81,1,56,0,55.1,145.5,0
groceries,normal,1.88,1,unpaved,clear,5,night,8.5,0,25,0,31.7,14.0,1
medicine,normal,41.03,0,mixed,clear,5,morning,2.23,1,93,0,59.2,152.3,0
electronics,normal,43.25,0,paved,clear,2,afternoon,4.42,0,63,0,28.0,87.9,0
agricultural_supplies,normal,10.37,0,paved,clear,5,morning,8.12,0,68,0,37.9,38.4,0
documents,normal,7.31,0,paved,clear,5,night,1.95,0,21,0,26.4,23.5,0
agricultural_supplies,high,10.52,1,unpaved,clear,2,morning,5.57,2,44,0,47.8,42.7,1
electronics,high,18.73,1,mixed,rain,3,afternoon,6.59,0,73,0,59.6,71.5,0
agricultural_supplies,high,14.61,1,unpaved,fog,4,night,6.62,1,46,0,63.9,80.1,1
groceries,emergency,17.88,1,mixed,clear,2,night,0.43,0,64,0,56.0,57.8,0
electronics,high,3.91,0,paved,clear,2,morning,2.23,1,32,0,42.3,9.8,0
medicine,low,17.92,0,paved,clear,5,night,3.07,1,47,0,39.0,50.1,0
agricultural_supplies,high,4.31,1,paved,clear,2,afternoon,3.68,2,84,1,62.5,12.2,0
electronics,low,26.33,1,paved,clear,3,evening,2.39,0,59,0,18.4,66.5,0
agricultural_supplies,low,1.36,1,paved,clear,5,afternoon,0.52,1,91,0,30.2,15.3,0
groceries,high,2.94,0,paved,clear,4,evening,3.73,2,85,0,37.9,12.8,0
medicine,normal,8.61,0,unpaved,clear,1,evening,2.5,2,57,0,57.1,25.4,0
groceries,normal,6.64,0,paved,clear,2,night,2.21,3,72,1,41.7,12.9,0
clothing,high,2.16,0,unpaved,rain,4,evening,2.14,1,86,0,32.1,14.0,1
agricultural_supplies,normal,4.56,1,paved,rain,1,evening,2.59,0,44,0,49.9,19.1,0
agricultural_supplies,normal,30.63,0,unpaved,clear,3,morning,0.64,1,51,1,41.8,118.6,1
electronics,high,34.58,0,unpaved,fog,3,afternoon,3.21,2,83,0,30.5,192.1,1
groceries,normal,2.38,1,unpaved,clear,4,morning,0.41,2,54,0,29.0,14.8,1
agricultural_supplies,normal,13.64,1,paved,rain,5,morning,4.15,3,66,0,44.0,49.6,1
groceries,low,6.36,1,paved,clear,5,morning,4.1,2,94,0,16.5,21.6,0
agricultural_supplies,normal,2.6,0,mixed,clear,5,night,1.85,0,97,0,37.8,5.0,0
agricultural_supplies,high,2.36,0,paved,rain,5,morning,3.61,0,56,0,40.1,5.0,0
clothing,emergency,8.66,0,unpaved,clear,2,afternoon,3.86,0,77,1,69.2,26.7,0
medicine,low,30.23,1,mixed,clear,2,afternoon,3.9,2,83,0,50.9,88.3,0
clothing,normal,6.36,1,mixed,rain,2,night,1.46,1,68,0,19.2,25.5,0
clothing,high,12.56,1,paved,storm,3,evening,6.1,3,23,0,50.7,57.2,1
electronics,normal,19.85,0,paved,fog,2,morning,1.92,1,36,0,21.4,55.9,0
agricultural_supplies,normal,12.42,0,paved,clear,1,morning,6.8,3,86,0,32.9,29.0,0
clothing,normal,2.8,1,unpaved,clear,5,morning,2.99,1,99,0,25.4,23.9,0
medicine,normal,58.96,1,paved,rain,4,morning,5.08,2,92,0,61.7,189.7,0
clothing,high,15.29,0,paved,storm,1,afternoon,2.54,1,27,0,34.3,43.4,0
groceries,normal,11.32,0,paved,storm,4,afternoon,2.75,1,59,0,29.9,46.5,1
agricultural_supplies,normal,7.74,0,paved,fog,4,morning,6.68,3,72,1,36.7,27.2,1
clothing,normal,10.89,1,paved,clear,3,evening,12.21,1,80,0,28.1,34.1,0
agricultural_supplies,normal,6.69,0,mixed,rain,4,afternoon,6.95,2,66,0,23.6,25.6,0
electronics,normal,29.86,0,paved,fog,3,evening,3.36,2,54,0,28.0,96.9,0
agricultural_supplies,low,2.97,0,paved,clear,5,night,2.46,1,33,0,21.7,10.4,0
electronics,high,16.96,0,paved,rain,3,night,1.8,1,38,0,37.7,46.7,0
agricultural_supplies,normal,30.64,1,paved,clear,5,evening,6.98,2,83,0,33.9,86.9,0
groceries,low,8.47,1,unpaved,clear,1,morning,1.88,0,83,0,25.2,31.8,1
electronics,normal,25.94,1,paved,fog,1,evening,4.44,0,99,0,35.7,68.5,0
medicine,high,4.17,1,unpaved,fog,5,evening,9.42,1,26,0,85.8,31.6,1
groceries,high,6.0,0,paved,clear,2,afternoon,1.76,4,36,0,43.3,8.1,0
electronics,normal,1.01,1,paved,rain,2,afternoon,7.07,1,75,0,32.2,5.5,0
agricultural_supplies,emergency,43.57,1,mixed,fog,2,night,9.26,2,95,0,84.0,168.6,1
groceries,normal,13.71,0,unpaved,clear,1,morning,3.86,0,35,0,25.5,44.7,0
medicine,low,4.75,1,paved,clear,5,morning,3.33,2,99,0,45.6,22.8,1
medicine,normal,51.98,0,paved,storm,1,evening,1.97,2,36,0,58.6,178.4,0
clothing,normal,36.24,0,paved,rain,2,night,0.52,1,53,0,21.3,97.3,0
electronics,normal,2.52,0,paved,clear,2,morning,1.67,1,31,0,33.8,5.0,0
groceries,emergency,25.64,1,mixed,rain,2,evening,4.4,0,40,0,52.3,93.2,0
groceries,high,31.1,1,mixed,clear,4,night,2.14,1,76,0,47.2,99.2,0
documents,high,3.87,0,paved,clear,4,night,4.59,1,75,0,38.0,11.6,0
groceries,low,5.16,0,paved,clear,3,afternoon,7.73,1,27,0,7.7,10.4,0
clothing,normal,2.87,0,paved,clear,1,morning,2.94,0,34,1,30.1,11.1,0
medicine,normal,21.16,1,mixed,clear,2,night,0.38,1,20,0,62.2,65.1,0
clothing,normal,19.17,0,paved,clear,3,night,2.49,1,66,0,20.4,37.8,0
clothing,low,7.03,1,mixed,clear,3,evening,1.0,0,38,0,7.2,21.8,1
agricultural_supplies,normal,13.19,1,mixed,clear,4,morning,2.52,1,99,0,51.8,48.3,0
groceries,normal,8.16,0,mixed,rain,5,afternoon,1.33,1,94,0,22.4,43.6,0
groceries,low,15.74,0,unpaved,clear,4,morning,1.39,0,52,0,5.8,70.2,1
documents,low,6.0,0,paved,rain,4,morning,5.24,0,99,1,16.8,16.8,0
agricultural_supplies,high,1.73,0,paved,fog,2,evening,5.44,1,23,0,41.0,11.5,0
electronics,high,5.93,1,paved,clear,5,night,2.23,1,25,0,51.5,22.0,0
documents,low,11.38,0,paved,fog,5,evening,2.41,0,46,1,26.8,50.6,1
agricultural_supplies,normal,4.42,0,paved,clear,3,morning,0.36,3,59,1,42.6,15.1,0
groceries,low,2.15,0,mixed,clear,5,afternoon,2.55,2,21,0,12.9,9.3,0
documents,high,28.09,0,unpaved,clear,2,evening,2.46,0,35,0,46.8,109.7,0
clothing,normal,15.61,0,mixed,clear,2,morning,0.45,2,24,0,15.2,40.9,0
medicine,high,17.35,0,paved,rain,3,night,3.57,0,66,0,71.3,51.0,0
groceries,normal,18.22,0,paved,fog,2,morning,5.25,0,46,0,20.0,49.9,0
electronics,normal,20.63,0,paved,clear,2,afternoon,2.96,2,79,1,25.4,37.8,0
documents,emergency,4.68,0,mixed,clear,2,night,2.27,0,24,0,50.9,12.2,0
clothing,emergency,10.17,0,paved,rain,2,afternoon,4.26,1,76,1,54.8,26.4,0
medicine,low,2.84,1,mixed,clear,1,night,3.89,0,30,0,58.3,6.4,0
groceries,high,5.13,0,unpaved,fog,4,night,8.53,3,75,1,42.5,24.5,1
groceries,normal,10.53,0,mixed,clear,2,morning,1.33,1,25,0,25.4,27.7,0
documents,high,1.67,0,mixed,clear,1,night,1.65,0,92,0,47.0,8.6,0
medicine,normal,4.52,0,paved,clear,4,night,13.17,0,99,0,57.1,9.5,0
groceries,normal,6.47,0,paved,clear,1,morning,2.73,2,96,0,14.2,18.2,0
agricultural_supplies,emergency,7.31,1,mixed,rain,5,morning,0.97,0,22,0,75.6,37.6,0
medicine,high,7.04,1,mixed,clear,5,morning,3.15,2,25,0,78.8,27.4,0
groceries,normal,16.1,0,paved,clear,2,morning,5.27,2,26,0,15.4,39.8,0
clothing,normal,2.73,0,paved,storm,3,morning,1.21,1,24,0,14.8,7.6,0
medicine,high,12.2,0,paved,clear,2,night,0.76,0,46,0,68.9,30.5,0
clothing,normal,8.75,1,paved,clear,3,night,9.89,1,64,0,30.8,16.3,0
clothing,high,13.48,1,unpaved,rain,3,night,2.46,1,52,0,49.6,75.5,1
medicine,normal,21.3,1,mixed,fog,5,night,0.43,0,75,0,67.5,98.9,0
agricultural_supplies,emergency,17.52,0,paved,clear,4,evening,2.7,0,79,0,58.0,43.9,0
agricultural_supplies,normal,2.34,1,paved,clear,5,morning,7.48,2,64,0,50.5,5.0,0
agricultural_supplies,high,55.85,1,mixed,clear,1,night,5.32,1,42,0,49.7,148.2,0
groceries,normal,10.24,0,mixed,clear,1,evening,3.96,1,21,1,20.8,34.1,0
agricultural_supplies,low,10.38,0,paved,clear,5,afternoon,5.23,0,95,0,19.9,35.5,0
clothing,low,19.14,0,paved,clear,2,evening,5.81,0,45,0,4.4,43.0,0
medicine,normal,19.86,0,paved,clear,5,night,4.59,3,59,1,64.8,49.6,0
groceries,low,23.44,1,paved,rain,4,evening,6.74,1,97,1,30.2,83.8,0
groceries,normal,44.05,1,paved,clear,4,night,6.08,0,33,1,40.4,112.4,0
medicine,low,39.9,0,paved,clear,2,evening,10.44,0,68,0,40.4,93.7,0
clothing,low,20.01,0,paved,clear,1,afternoon,9.28,2,91,0,0.3,41.5,0
electronics,normal,3.69,0,unpaved,clear,1,night,8.85,0,20,0,18.8,5.0,0
documents,normal,1.86,0,mixed,storm,1,evening,1.88,4,22,0,19.9,10.1,0
groceries,high,7.05,1,unpaved,storm,1,night,13.34,1,46,1,68.1,47.1,1
clothing,normal,5.76,1,paved,rain,5,afternoon,4.01,2,30,0,31.1,32.2,0
medicine,normal,18.97,0,paved,rain,1,afternoon,0.81,4,23,0,50.5,48.6,0
electronics,emergency,4.65,0,unpaved,storm,2,evening,2.33,0,67,0,47.0,39.1,1
clothing,normal,5.93,0,paved,clear,1,morning,4.12,3,82,1,24.7,8.7,0
electronics,normal,29.71,1,mixed,clear,3,night,0.57,2,35,0,37.1,98.1,0
documents,high,6.9,0,paved,clear,2,night,4.2,0,75,1,51.8,9.1,0
groceries,high,35.18,1,paved,rain,5,night,6.35,1,42,0,40.9,124.6,0
agricultural_supplies,normal,5.93,0,paved,clear,1,afternoon,1.48,0,60,0,36.7,20.3,0
groceries,low,1.25,0,mixed,clear,2,evening,10.26,1,73,1,10.8,5.0,0
medicine,normal,2.11,0,unpaved,clear,1,afternoon,1.37,2,74,0,60.2,6.6,0
documents,normal,9.56,1,paved,clear,2,night,1.89,1,74,0,33.4,23.5,0
groceries,normal,20.35,1,paved,clear,1,night,5.92,1,88,1,40.0,46.7,0
agricultural_supplies,normal,1.34,1,unpaved,clear,5,afternoon,3.81,2,63,0,48.7,12.1,0
clothing,low,17.12,0,paved,clear,1,morning,3.06,0,21,0,8.9,35.3,0
groceries,high,13.12,0,unpaved,clear,5,night,3.3,3,96,0,36.0,65.2,1
groceries,high,4.24,0,paved,rain,4,morning,1.29,0,71,0,43.8,9.2,0
groceries,low,27.81,0,mixed,clear,4,evening,3.54,1,30,0,5.3,101.3,0
groceries,normal,7.37,1,paved,clear,2,morning,3.26,1,78,1,42.2,21.4,0
groceries,normal,21.36,0,mixed,clear,3,evening,0.81,2,42,0,25.5,63.3,0
groceries,high,4.11,0,mixed,clear,5,night,0.73,1,39,0,39.2,14.6,0
groceries,low,2.95,0,mixed,storm,4,afternoon,2.27,3,51,0,15.8,13.4,1
groceries,emergency,38.57,0,mixed,fog,3,evening,5.92,1,86,0,52.5,163.3,1
groceries,high,28.43,1,mixed,clear,1,night,0.59,0,72,0,36.6,72.2,0
medicine,normal,28.51,0,paved,clear,5,evening,2.15,1,68,1,68.0,80.5,0
agricultural_supplies,low,28.26,0,paved,clear,3,afternoon,3.15,0,73,0,16.6,67.4,0
electronics,normal,10.13,0,paved,rain,4,evening,2.27,2,47,0,18.6,33.2,0
groceries,normal,2.65,1,mixed,clear,4,morning,4.58,2,94,0,33.6,12.2,0
groceries,high,8.9,0,paved,clear,4,afternoon,3.68,1,70,0,43.2,26.6,0
agricultural_supplies,emergency,17.21,0,paved,clear,3,night,3.27,1,21,0,71.3,38.3,0
groceries,high,3.69,1,unpaved,fog,4,morning,2.69,2,22,0,46.6,23.5,1
medicine,normal,20.27,1,unpaved,storm,2,morning,10.95,1,61,0,69.8,138.3,1
documents,normal,31.42,1,unpaved,rain,2,evening,5.59,1,45,0,43.5,141.4,1
documents,high,4.27,0,paved,clear,2,night,2.69,2,81,1,47.1,5.1,0
groceries,emergency,18.87,0,paved,clear,3,night,2.21,1,21,0,47.2,46.1,0
electronics,high,2.85,1,paved,clear,5,evening,0.49,2,85,0,49.9,21.1,0
electronics,normal,4.86,1,mixed,clear,4,afternoon,4.26,1,35,1,39.3,22.3,0
groceries,high,16.75,1,paved,rain,4,evening,1.34,2,53,0,49.8,63.4,0
medicine,low,9.58,1,paved,clear,4,evening,6.09,0,46,0,49.5,36.5,0
electronics,low,7.03,0,paved,rain,1,morning,2.97,0,71,0,2.6,17.8,0
electronics,low,23.04,0,paved,clear,3,morning,4.71,0,67,0,4.9,48.6,0
clothing,normal,5.07,1,paved,clear,5,morning,3.38,1,21,1,30.5,11.7,0
agricultural_supplies,normal,11.29,0,paved,clear,4,evening,3.34,2,88,0,38.1,31.8,0
groceries,normal,30.79,0,unpaved,clear,3,night,3.62,1,34,0,24.2,123.7,0
medicine,normal,2.24,1,mixed,rain,4,evening,2.38,1,90,0,77.9,26.3,1
groceries,normal,14.41,0,paved,rain,5,night,0.97,0,54,0,26.0,53.0,0
groceries,low,39.8,0,paved,clear,5,afternoon,0.96,4,38,0,1.3,114.6,0
agricultural_supplies,low,35.33,1,mixed,storm,4,night,1.83,3,81,0,24.3,213.8,1
electronics,low,2.03,0,paved,fog,3,night,3.26,1,83,1,10.5,5.0,0
medicine,normal,2.71,1,unpaved,clear,5,morning,10.03,5,58,0,61.1,16.9,1
groceries,emergency,7.36,0,paved,rain,4,night,0.07,0,88,0,55.5,19.4,0
documents,low,10.35,1,mixed,rain,5,evening,4.3,1,64,0,22.4,48.8,0
groceries,low,2.54,0,mixed,rain,1,morning,1.44,1,75,1,0.0,17.0,0
groceries,low,23.76,0,paved,clear,3,morning,6.41,2,32,1,21.3,51.1,0
documents,low,11.77,0,paved,clear,5,morning,0.68,1,64,0,5.8,32.1,0
electronics,emergency,7.8,0,paved,clear,1,evening,2.04,0,77,0,59.9,14.9,0
medicine,normal,1.67,1,mixed,clear,1,evening,7.37,1,59,0,64.0,11.3,0
groceries,low,19.37,0,paved,storm,3,evening,3.84,1,56,0,14.5,88.3,0
medicine,high,21.86,0,paved,clear,1,afternoon,1.15,1,86,0,72.3,46.4,0
agricultural_supplies,emergency,10.69,1,paved,clear,2,afternoon,3.13,0,97,0,72.5,29.9,0
groceries,high,9.07,1,paved,clear,3,night,7.5,0,42,0,44.7,20.0,0
groceries,normal,13.15,0,paved,clear,5,night,15.52,0,47,1,28.5,29.5,0
agricultural_supplies,high,15.35,1,unpaved,fog,3,night,0.84,2,66,0,72.6,93.8,1
medicine,high,2.19,0,paved,clear,4,afternoon,1.25,2,23,0,68.7,12.2,0
documents,high,8.32,0,paved,fog,2,night,0.88,1,59,0,43.8,27.4,0
agricultural_supplies,normal,15.39,1,unpaved,clear,4,afternoon,3.1,2,20,0,37.2,67.8,1
clothing,high,5.13,1,paved,clear,2,afternoon,1.69,0,45,1,54.8,14.1,0
groceries,normal,3.59,0,paved,clear,2,morning,3.42,2,47,1,37.3,5.0,0
groceries,low,6.01,1,unpaved,clear,5,afternoon,3.75,1,30,0,11.5,32.7,1
clothing,low,5.5,0,paved,clear,2,night,3.59,2,79,0,0.0,14.9,0
clothing,normal,25.8,1,mixed,clear,3,evening,8.25,2,75,1,33.1,85.0,0
agricultural_supplies,low,20.99,1,mixed,clear,2,evening,7.0,2,35,0,28.3,61.3,0
electronics,high,9.97,1,mixed,clear,3,morning,2.23,1,99,0,48.8,33.8,0
agricultural_supplies,high,14.04,1,paved,rain,4,night,0.96,0,94,0,52.7,56.0,0
agricultural_supplies,low,17.21,1,unpaved,rain,2,afternoon,5.72,3,68,0,25.6,80.0,1
agricultural_supplies,normal,7.86,0,paved,clear,4,evening,4.54,0,68,0,32.7,24.6,0
agricultural_supplies,high,12.33,1,unpaved,clear,1,night,5.52,0,80,0,63.1,41.0,0
agricultural_supplies,high,24.32,1,unpaved,storm,2,evening,3.83,1,78,0,59.1,171.7,1
medicine,low,8.62,1,unpaved,rain,4,evening,3.74,1,74,0,50.4,51.1,1
medicine,normal,5.96,0,mixed,clear,3,night,2.94,2,59,0,58.7,13.4,0
groceries,low,30.04,0,paved,clear,5,afternoon,2.17,1,42,0,2.5,80.9,0
groceries,high,15.38,0,paved,rain,3,night,13.39,2,44,0,46.0,41.8,0
agricultural_supplies,low,17.82,0,paved,clear,2,night,0.77,1,65,0,13.2,45.7,0
electronics,emergency,40.66,1,unpaved,fog,1,night,2.17,2,35,1,61.7,185.1,1
groceries,high,6.76,0,paved,clear,3,night,4.84,1,96,0,32.6,17.9,0
documents,high,1.49,0,mixed,clear,3,evening,4.57,1,77,0,45.2,5.0,0
groceries,low,8.23,0,mixed,rain,2,morning,3.0,2,29,0,17.5,21.9,0
documents,normal,21.3,1,mixed,fog,4,night,2.09,1,59,1,32.2,102.8,1
clothing,high,23.08,0,paved,clear,4,morning,10.02,0,36,0,31.1,60.9,0
groceries,low,7.25,0,unpaved,clear,4,afternoon,4.8,2,71,0,5.9,35.5,1
agricultural_supplies,low,2.3,1,unpaved,rain,1,evening,6.97,1,33,0,30.8,12.4,0
groceries,normal,4.34,0,paved,clear,5,morning,3.73,1,20,0,21.9,9.9,0
medicine,high,2.55,0,paved,clear,3,morning,2.1,1,67,0,62.4,11.0,0
documents,normal,20.02,1,paved,clear,5,night,0.79,1,58,0,33.8,65.4,0
agricultural_supplies,high,4.78,0,paved,clear,5,night,5.24,3,43,0,47.5,12.3,0
documents,normal,3.95,0,paved,clear,4,afternoon,10.02,1,55,0,27.6,14.9,0
agricultural_supplies,emergency,8.01,1,paved,storm,1,afternoon,2.12,1,30,0,72.0,32.1,0
medicine,normal,4.15,0,mixed,fog,5,evening,2.14,0,57,0,58.5,13.1,1
medicine,high,6.69,0,paved,clear,1,morning,4.43,1,30,0,77.1,13.6,0
medicine,high,24.55,0,paved,clear,2,night,5.57,1,20,1,71.4,50.3,0
groceries,low,4.48,0,paved,clear,1,morning,1.19,1,46,0,15.4,12.4,0
groceries,high,13.53,0,paved,clear,4,night,4.43,1,60,0,36.8,34.1,0
agricultural_supplies,low,1.75,0,paved,rain,2,morning,6.62,0,58,1,19.6,6.1,0
groceries,normal,6.37,0,paved,storm,5,evening,2.65,1,40,0,23.7,29.5,0
clothing,low,24.62,0,paved,clear,3,night,9.45,1,52,0,0.0,49.2,0
medicine,emergency,4.59,0,paved,clear,4,evening,0.66,0,33,0,81.4,18.5,0
documents,normal,7.0,1,mixed,clear,1,morning,0.66,0,92,0,37.6,29.0,0
groceries,low,23.16,1,mixed,clear,3,evening,2.7,0,91,0,20.0,77.4,0
electronics,high,23.07,1,paved,clear,1,night,7.91,1,43,0,41.2,47.6,0
groceries,emergency,16.12,1,mixed,clear,3,night,3.6,2,52,0,55.7,48.5,0
clothing,normal,2.51,0,mixed,clear,4,evening,9.01,1,33,0,13.2,5.0,0
groceries,emergency,28.05,1,unpaved,storm,1,evening,2.52,1,80,1,70.7,172.6,1
clothing,low,3.7,1,paved,clear,3,morning,1.03,4,88,0,13.6,17.6,0
electronics,normal,30.15,0,paved,clear,5,morning,3.63,0,96,0,19.0,82.4,0
medicine,low,24.3,0,mixed,clear,3,morning,1.19,0,47,0,40.3,71.6,0
electronics,high,7.65,0,mixed,rain,1,night,0.55,0,58,0,40.1,23.4,0
groceries,normal,1.39,1,unpaved,rain,3,evening,7.22,0,61,1,38.1,12.5,1
electronics,normal,7.48,0,paved,clear,2,evening,3.27,3,60,0,20.6,10.0,0
medicine,normal,13.35,0,paved,clear,5,morning,3.36,3,57,0,52.9,40.7,1
medicine,normal,4.4,0,paved,clear,2,morning,6.59,0,35,0,60.5,9.8,0
electronics,emergency,10.22,1,paved,clear,1,afternoon,0.84,1,26,0,63.8,20.4,0
medicine,high,30.44,0,mixed,clear,4,evening,1.34,0,67,0,72.6,107.3,0
groceries,normal,4.89,0,paved,rain,1,afternoon,5.29,1,63,0,27.0,9.7,0
agricultural_supplies,normal,1.13,0,mixed,clear,3,evening,2.03,0,54,1,36.4,5.0,0
agricultural_supplies,low,8.11,0,unpaved,clear,1,morning,1.22,1,37,0,11.4,24.9,0
clothing,low,21.53,0,paved,rain,1,afternoon,4.95,2,87,0,0.9,48.4,0
agricultural_supplies,high,22.06,0,mixed,clear,1,night,2.53,1,64,0,56.1,57.0,0
electronics,normal,3.07,0,paved,clear,1,afternoon,3.38,0,83,1,27.4,5.0,0
groceries,normal,21.41,0,mixed,clear,4,morning,2.46,2,82,0,20.4,80.2,0
groceries,high,40.37,1,mixed,clear,1,evening,6.92,2,22,0,46.8,106.8,0
groceries,normal,17.76,1,paved,clear,2,afternoon,1.26,0,95,0,30.4,44.7,0
medicine,high,13.36,0,unpaved,clear,4,night,1.3,0,65,0,73.1,60.2,1
groceries,high,2.66,0,paved,storm,4,morning,8.88,2,63,0,44.6,17.4,1
electronics,high,4.69,1,mixed,storm,3,night,6.46,4,57,0,44.7,39.5,0
groceries,normal,22.25,0,mixed,clear,5,afternoon,1.25,2,24,0,25.8,78.4,0
medicine,normal,10.0,0,unpaved,clear,4,afternoon,1.51,2,43,0,52.9,45.0,0
documents,low,1.49,0,unpaved,fog,4,night,9.12,4,80,0,13.5,11.7,1
agricultural_supplies,normal,2.77,0,paved,clear,2,afternoon,4.81,2,42,0,40.6,5.9,0
agricultural_supplies,high,13.71,0,paved,rain,1,afternoon,2.59,2,96,0,47.1,34.2,0
groceries,high,13.32,1,mixed,rain,2,afternoon,7.63,0,98,0,47.5,53.3,0
agricultural_supplies,normal,32.7,1,paved,clear,2,night,3.38,0,20,0,39.8,70.8,0
clothing,normal,2.67,1,unpaved,clear,4,night,4.04,2,31,0,23.5,20.0,1
clothing,normal,3.43,0,paved,clear,3,afternoon,2.61,0,28,0,17.6,5.0,0
agricultural_supplies,normal,6.02,1,mixed,fog,5,afternoon,2.07,4,44,0,39.9,26.0,1
groceries,normal,15.02,1,unpaved,clear,5,evening,4.66,1,94,0,33.1,80.0,1
documents,normal,2.98,0,paved,rain,5,evening,5.07,2,68,0,25.6,6.0,0
groceries,emergency,17.25,1,unpaved,clear,1,morning,0.19,1,75,0,64.0,52.6,0
documents,normal,35.0,0,paved,clear,4,night,6.91,1,42,0,25.5,87.0,0
medicine,low,51.1,1,paved,clear,4,evening,3.12,1,87,0,45.4,134.6,0
groceries,high,1.4,1,unpaved,clear,4,morning,1.82,2,33,0,48.4,10.3,1
medicine,low,32.67,1,paved,clear,3,afternoon,10.58,0,77,0,55.7,86.5,0
groceries,low,17.12,1,unpaved,fog,1,night,2.35,2,32,1,29.7,85.3,1
groceries,normal,17.64,0,paved,clear,4,afternoon,5.24,1,54,0,21.2,38.3,0
groceries,high,12.29,1,paved,clear,1,night,4.29,1,95,0,42.7,23.5,0
groceries,low,1.45,0,mixed,clear,3,afternoon,5.35,3,78,0,19.3,5.0,0
electronics,normal,2.08,0,paved,fog,3,night,6.51,3,94,0,23.7,5.0,1
medicine,low,10.4,1,paved,clear,1,night,5.24,0,55,0,39.8,26.2,0
groceries,normal,6.63,0,paved,clear,5,night,2.39,1,20,0,25.5,18.6,0
agricultural_supplies,low,1.09,1,unpaved,clear,3,evening,4.27,1,31,0,26.3,8.5,1
medicine,normal,7.96,0,paved,fog,1,morning,10.21,0,24,0,52.3,17.3,0
clothing,normal,12.42,0,paved,clear,3,morning,9.57,3,79,0,11.6,27.4,0
agricultural_supplies,normal,6.17,0,paved,clear,5,night,1.67,0,34,0,36.0,19.2,0
agricultural_supplies,low,2.21,1,unpaved,fog,2,night,7.63,0,37,0,35.3,7.2,1
groceries,low,42.38,0,paved,clear,1,afternoon,3.55,1,25,0,9.6,80.1,0
agricultural_supplies,normal,7.48,0,mixed,fog,2,evening,1.89,1,84,0,36.4,30.4,0
medicine,high,28.66,0,paved,clear,5,morning,3.03,0,36,0,56.2,79.2,0
electronics,low,7.66,0,mixed,clear,5,night,2.18,1,89,0,2.8,24.9,0
clothing,low,14.75,1,unpaved,clear,2,afternoon,1.45,1,36,1,20.5,54.5,0
clothing,normal,7.53,0,mixed,clear,5,night,1.92,1,81,0,15.1,18.8,0
groceries,normal,5.32,0,paved,clear,1,morning,4.6,2,83,0,22.8,13.3,0
groceries,normal,15.84,1,unpaved,clear,3,afternoon,1.62,1,82,0,27.2,71.5,0
agricultural_supplies,low,15.07,1,unpaved,clear,3,night,3.28,0,34,0,28.8,66.1,1
groceries,low,6.93,1,paved,rain,2,afternoon,3.43,1,49,0,13.6,23.1,0
groceries,normal,10.79,1,paved,rain,1,evening,1.3,1,59,0,31.8,31.8,0
groceries,low,16.87,1,paved,rain,1,night,0.92,0,26,0,20.4,48.8,0
clothing,emergency,5.89,1,unpaved,rain,1,morning,5.27,2,73,0,58.1,23.6,1
medicine,emergency,2.75,1,paved,rain,5,morning,0.34,2,30,0,100.0,7.8,0
groceries,normal,1.9,0,paved,rain,3,morning,2.42,0,69,0,21.2,5.0,0
agricultural_supplies,emergency,23.8,0,paved,rain,2,evening,5.05,1,38,0,64.9,65.2,0
groceries,normal,14.44,0,mixed,clear,5,evening,2.09,1,97,1,20.0,52.8,0
groceries,low,4.87,0,mixed,rain,2,evening,1.15,3,92,1,11.9,9.3,0
groceries,high,16.28,1,mixed,fog,5,morning,3.96,4,69,0,53.5,79.6,1
agricultural_supplies,high,3.3,0,mixed,clear,1,evening,1.83,1,43,0,44.1,5.0,0
groceries,high,13.68,0,paved,clear,5,night,6.69,2,81,1,44.1,28.0,0
electronics,emergency,40.83,1,unpaved,storm,4,evening,1.23,0,35,0,63.4,327.9,1
groceries,high,24.18,0,paved,fog,5,night,1.46,0,95,0,35.2,90.1,1
groceries,emergency,1.51,0,paved,rain,5,night,5.97,1,37,0,56.1,7.2,0
agricultural_supplies,high,3.29,1,unpaved,clear,3,evening,8.29,2,51,0,57.9,16.1,1
groceries,normal,3.48,1,mixed,clear,4,evening,3.69,0,50,0,41.6,12.7,0
medicine,emergency,4.33,0,paved,clear,2,evening,6.71,3,81,0,87.1,7.6,0
agricultural_supplies,normal,8.76,0,paved,clear,5,night,3.65,1,61,0,29.5,22.1,0
groceries,emergency,8.41,0,mixed,clear,3,morning,8.5,0,90,0,59.4,30.7,0
medicine,low,26.22,0,paved,clear,4,evening,1.51,3,26,0,32.1,71.9,0
groceries,high,3.74,1,mixed,storm,5,morning,4.65,0,75,0,48.9,32.2,1
medicine,normal,10.82,1,paved,clear,3,night,3.05,0,54,0,58.7,29.1,0
agricultural_supplies,low,65.34,0,mixed,rain,4,afternoon,1.25,0,94,0,20.7,274.7,0
medicine,high,13.98,1,paved,clear,4,evening,6.34,0,61,1,84.7,35.9,0
medicine,high,11.58,1,unpaved,clear,4,evening,1.39,0,44,0,74.9,55.1,1
medicine,emergency,6.55,1,unpaved,clear,4,afternoon,1.54,1,33,0,92.3,34.0,0
electronics,high,38.23,0,unpaved,clear,1,night,1.63,0,48,0,36.0,124.8,1
electronics,normal,8.88,1,unpaved,clear,5,morning,12.78,2,65,1,31.8,46.1,1
electronics,low,5.73,0,paved,clear,1,morning,1.39,1,49,0,0.0,8.2,0
groceries,emergency,9.86,1,mixed,clear,5,afternoon,5.4,1,74,0,60.7,37.5,0
groceries,normal,17.46,1,mixed,clear,5,morning,6.06,1,67,1,34.7,67.0,0
electronics,low,3.22,0,paved,fog,5,night,1.68,2,53,0,0.0,8.5,0
documents,normal,25.99,1,mixed,clear,5,night,0.54,0,70,0,42.1,93.8,0
clothing,low,7.31,0,mixed,clear,2,evening,7.47,1,33,0,6.8,17.8,0
electronics,low,21.42,0,paved,clear,3,morning,1.16,1,91,1,6.3,46.0,0
documents,emergency,3.64,0,paved,clear,3,evening,3.6,1,70,0,61.5,15.8,0
medicine,high,3.7,0,paved,rain,4,morning,2.62,2,91,0,60.6,7.9,0
medicine,normal,10.74,0,paved,rain,3,morning,1.98,0,54,0,56.0,32.2,0
electronics,normal,12.12,1,unpaved,clear,1,night,7.41,1,35,0,31.7,47.6,0
documents,normal,2.12,0,paved,clear,4,night,1.7,4,29,0,20.5,5.3,0
medicine,low,7.76,1,mixed,fog,5,afternoon,3.92,0,87,0,60.0,41.5,1
agricultural_supplies,high,19.87,1,paved,fog,4,afternoon,1.99,0,72,0,60.7,63.9,1
documents,low,11.98,1,mixed,rain,3,morning,2.32,1,45,1,28.7,53.4,0
medicine,emergency,53.81,0,paved,clear,5,evening,1.53,0,76,1,89.0,153.0,0
groceries,emergency,30.43,0,mixed,rain,2,morning,0.75,0,32,0,49.8,100.6,0
electronics,emergency,10.48,0,mixed,clear,1,evening,3.14,2,27,0,54.1,19.8,0
documents,high,6.48,0,paved,clear,1,afternoon,10.27,1,50,0,50.3,17.3,0
groceries,normal,3.79,1,paved,clear,3,evening,5.24,0,34,0,38.0,15.3,0
clothing,low,34.29,0,paved,clear,1,night,2.43,1,81,1,16.3,67.6,0
medicine,high,7.6,1,unpaved,rain,5,night,2.56,2,47,0,77.8,52.7,1
groceries,low,8.1,1,paved,clear,5,evening,2.01,1,28,0,18.9,26.4,0
clothing,low,8.35,0,paved,clear,5,night,8.58,2,96,0,2.2,14.1,0
agricultural_supplies,normal,6.1,0,mixed,rain,4,night,5.47,0,66,0,42.7,15.1,0
agricultural_supplies,normal,13.07,0,paved,clear,2,morning,6.81,4,48,1,37.3,32.1,0
clothing,normal,20.66,1,unpaved,clear,3,morning,1.74,2,26,0,34.8,83.2,1
electronics,normal,5.64,0,mixed,clear,4,morning,4.5,3,85,0,35.0,18.7,0
groceries,low,3.77,0,paved,clear,3,night,1.2,4,22,0,7.1,5.5,0
groceries,high,13.75,1,paved,clear,3,afternoon,4.51,2,89,0,58.4,27.6,0
groceries,normal,2.98,0,paved,clear,3,afternoon,4.15,2,90,0,27.9,5.0,0
agricultural_supplies,normal,23.37,0,unpaved,rain,4,evening,5.17,2,84,0,31.4,128.9,0
clothing,normal,6.74,0,mixed,rain,3,night,4.8,1,57,0,16.4,20.4,0
medicine,normal,4.81,0,paved,clear,5,afternoon,2.32,3,39,1,60.6,19.7,0
medicine,high,29.36,0,paved,fog,5,evening,4.48,1,76,0,73.5,106.3,1
groceries,high,6.62,1,unpaved,fog,5,night,5.79,1,35,0,47.9,42.7,1
electronics,normal,1.3,0,unpaved,fog,4,morning,5.94,2,77,0,19.3,5.0,1
clothing,high,5.74,0,paved,clear,1,afternoon,5.14,0,43,1,46.1,7.1,0
groceries,emergency,2.03,1,mixed,storm,2,evening,3.63,4,58,0,65.8,18.1,1
agricultural_supplies,high,23.09,1,paved,clear,1,morning,2.35,2,99,0,59.8,45.3,0
agricultural_supplies,low,9.96,0,paved,clear,2,afternoon,3.29,3,51,0,16.9,19.1,0
documents,high,4.52,0,paved,clear,3,afternoon,3.99,0,38,0,46.1,14.5,0
groceries,emergency,8.91,0,mixed,clear,1,evening,4.43,2,67,0,54.9,14.1,0
groceries,high,7.63,0,paved,rain,3,afternoon,2.79,3,82,0,32.8,19.0,0
electronics,normal,3.61,1,unpaved,fog,1,afternoon,2.94,0,44,0,42.4,24.1,1
groceries,normal,2.03,1,unpaved,clear,5,afternoon,2.48,3,96,0,33.0,14.5,1
agricultural_supplies,low,9.95,0,paved,clear,2,afternoon,6.23,0,64,0,25.0,23.7,0
medicine,normal,8.03,0,paved,rain,2,afternoon,2.54,1,78,0,45.9,21.5,0
medicine,high,28.47,1,paved,rain,1,morning,1.53,1,87,0,72.4,71.6,0
electronics,high,5.96,1,unpaved,clear,4,evening,4.87,1,84,0,47.8,28.4,1
agricultural_supplies,emergency,1.06,0,paved,clear,4,morning,0.7,1,77,0,75.7,5.8,0
clothing,high,2.13,1,mixed,clear,5,afternoon,3.25,1,40,0,42.2,17.4,0
medicine,normal,2.55,0,paved,fog,2,afternoon,2.55,1,78,0,53.4,5.0,0
electronics,high,20.44,0,paved,clear,5,afternoon,7.48,3,92,0,36.4,62.8,1
medicine,low,6.05,1,paved,clear,2,morning,3.46,2,27,0,52.1,15.7,0
clothing,normal,16.72,0,mixed,rain,3,night,3.53,1,51,0,16.8,60.9,0
groceries,low,22.97,1,unpaved,clear,1,afternoon,3.1,3,57,0,14.9,81.0,1
groceries,normal,2.23,1,paved,clear,5,afternoon,1.4,4,35,0,27.5,13.8,0
documents,normal,4.8,1,paved,clear,2,night,4.42,1,57,0,41.0,19.6,0
groceries,high,1.4,0,paved,clear,3,morning,8.12,1,60,0,29.8,5.9,0
agricultural_supplies,low,2.49,1,mixed,rain,4,evening,1.03,0,47,1,38.0,15.2,0
groceries,low,6.78,0,unpaved,clear,2,evening,4.75,1,97,0,7.3,22.8,0
agricultural_supplies,high,11.44,1,unpaved,clear,3,evening,3.93,1,38,1,68.6,49.9,0
electronics,normal,7.83,0,paved,clear,2,morning,1.42,0,97,1,30.0,17.0,0
agricultural_supplies,emergency,16.05,1,paved,clear,3,night,1.32,3,81,1,88.7,44.6,0
medicine,normal,8.85,0,mixed,clear,5,afternoon,0.8,2,52,0,57.1,38.6,0
agricultural_supplies,normal,4.99,1,unpaved,clear,4,afternoon,1.93,1,20,0,46.9,23.1,0
electronics,high,1.47,1,mixed,clear,1,morning,6.92,1,65,0,45.8,7.4,0
groceries,normal,10.64,0,paved,rain,2,evening,2.48,1,59,0,26.4,31.9,0
groceries,normal,6.5,0,paved,clear,4,night,1.79,0,99,1,35.1,11.6,0
electronics,low,4.81,1,mixed,clear,2,morning,3.88,1,89,0,8.7,19.2,0
agricultural_supplies,normal,56.11,0,paved,rain,5,night,6.15,0,53,0,21.7,194.9,0
electronics,emergency,1.16,0,paved,rain,1,night,2.73,0,84,0,55.9,5.0,0
agricultural_supplies,high,8.59,1,mixed,fog,4,night,7.15,1,93,1,61.4,42.7,1
agricultural_supplies,normal,23.77,1,paved,clear,1,morning,2.45,2,85,0,44.3,52.3,0
groceries,normal,1.58,1,mixed,clear,1,morning,4.3,4,72,0,28.8,19.8,0
groceries,emergency,31.73,1,mixed,storm,3,night,6.15,3,60,0,64.4,188.0,1
groceries,high,29.77,0,paved,clear,3,morning,2.48,1,84,1,50.4,65.5,0
documents,normal,17.52,0,unpaved,clear,4,night,8.32,2,55,0,25.6,82.1,1
groceries,normal,2.06,0,paved,rain,5,afternoon,2.79,2,98,0,17.6,10.4,0
documents,normal,31.04,1,unpaved,fog,2,night,2.52,2,93,0,40.5,156.6,1
electronics,emergency,3.73,1,unpaved,rain,3,evening,0.36,2,80,0,57.2,26.1,1
agricultural_supplies,high,12.27,0,paved,clear,2,evening,5.9,1,67,1,52.8,26.7,0
medicine,normal,4.51,0,paved,clear,2,morning,5.06,6,85,0,55.6,14.6,0
medicine,normal,6.72,0,paved,clear,1,morning,5.07,3,75,0,58.6,11.0,0
agricultural_supplies,normal,20.28,1,unpaved,fog,5,night,1.94,3,77,0,52.2,126.8,1
groceries,normal,9.12,0,paved,clear,1,evening,10.15,1,26,0,14.1,14.2,0
medicine,low,23.8,0,paved,clear,2,morning,1.57,3,48,0,41.7,51.1,0
groceries,low,10.07,0,mixed,rain,3,afternoon,1.03,1,97,0,11.1,35.7,0
groceries,normal,7.98,1,mixed,clear,4,morning,4.54,1,40,0,33.6,32.5,0
agricultural_supplies,low,22.57,1,unpaved,clear,2,evening,7.4,1,44,0,28.7,85.0,0
groceries,low,16.45,0,paved,rain,1,afternoon,9.18,1,48,0,9.8,38.3,0
documents,normal,32.02,0,paved,clear,4,afternoon,1.19,2,76,0,25.2,82.0,0
groceries,high,6.4,1,paved,clear,1,morning,0.27,1,74,0,48.5,10.8,0
groceries,emergency,5.01,0,mixed,rain,5,night,2.71,0,56,0,56.2,12.3,0
groceries,low,2.5,0,paved,rain,1,night,4.41,1,28,0,14.2,5.0,0
groceries,normal,1.5,0,paved,clear,1,evening,4.89,0,81,0,21.1,5.0,0
groceries,normal,29.22,0,paved,clear,4,evening,4.01,3,23,0,27.7,70.9,0
medicine,emergency,2.68,0,paved,rain,5,night,8.64,1,65,0,88.0,12.5,0
groceries,low,7.2,1,paved,clear,3,afternoon,1.83,0,59,0,6.4,16.8,0
medicine,emergency,8.04,0,paved,clear,1,night,1.34,1,74,0,82.3,10.4,0
medicine,emergency,18.76,1,paved,rain,2,night,11.4,0,92,1,100.0,55.9,0
clothing,low,3.84,1,mixed,clear,1,afternoon,9.35,1,44,0,4.0,22.0,0
agricultural_supplies,emergency,4.1,0,mixed,clear,4,night,3.97,0,97,0,56.4,5.0,0
clothing,normal,5.31,1,mixed,rain,5,afternoon,1.26,4,76,0,30.6,31.5,0
medicine,normal,12.32,0,paved,clear,2,night,3.51,2,93,0,60.5,31.6,0
groceries,normal,9.95,1,paved,clear,1,night,2.58,2,74,0,40.3,27.8,0
documents,emergency,5.86,0,mixed,clear,1,night,3.08,0,63,0,62.7,11.6,0
groceries,normal,4.39,0,paved,clear,3,afternoon,5.12,1,75,1,31.7,11.9,0
clothing,normal,5.79,0,paved,clear,1,night,0.95,2,46,0,16.6,10.6,0
groceries,emergency,16.07,0,paved,clear,4,afternoon,0.44,2,76,0,52.5,46.9,0
medicine,normal,2.97,0,paved,clear,4,night,1.18,3,25,0,41.6,5.0,0
clothing,normal,14.14,0,paved,clear,5,afternoon,1.07,2,92,0,24.6,39.7,0
clothing,normal,4.91,0,paved,rain,2,morning,3.35,0,63,1,26.3,15.9,0
agricultural_supplies,normal,6.79,0,unpaved,fog,5,morning,3.38,4,34,0,34.5,40.6,1
groceries,emergency,34.22,0,unpaved,rain,5,evening,5.1,1,45,0,50.9,203.2,0
electronics,normal,15.43,1,unpaved,clear,2,night,10.5,1,45,0,36.9,63.6,0
medicine,normal,16.83,0,mixed,clear,3,afternoon,4.48,1,69,0,50.9,54.9,0
groceries,high,49.4,0,paved,clear,2,night,5.89,1,22,0,46.3,108.2,0
medicine,high,28.77,1,unpaved,rain,2,afternoon,2.2,1,42,0,76.4,133.5,0
groceries,normal,3.27,0,paved,fog,5,evening,1.24,0,75,0,22.7,9.6,1
electronics,high,1.98,0,unpaved,clear,4,night,5.73,2,52,0,31.6,5.7,1
groceries,emergency,11.44,0,paved,clear,1,morning,4.28,1,37,0,57.4,21.8,0
electronics,normal,4.49,1,mixed,clear,1,evening,5.87,2,40,0,18.2,15.5,0
clothing,normal,12.4,0,paved,rain,2,evening,1.29,1,31,0,16.8,30.9,0
clothing,high,22.27,0,paved,clear,5,afternoon,5.25,1,97,0,31.3,51.9,0
agricultural_supplies,normal,19.48,0,mixed,clear,2,night,10.34,0,69,1,43.9,58.1,0
agricultural_supplies,normal,6.5,0,paved,clear,1,afternoon,1.04,0,54,0,38.7,5.0,0
agricultural_supplies,low,2.88,1,mixed,clear,1,evening,5.54,2,54,0,32.3,9.2,0
clothing,low,1.09,1,unpaved,rain,2,morning,5.12,1,67,0,2.6,9.0,1
clothing,normal,16.75,0,paved,clear,4,morning,6.18,1,32,0,30.7,44.2,0
groceries,low,17.99,0,paved,storm,1,night,1.61,0,91,0,2.9,58.9,0
agricultural_supplies,normal,3.27,0,paved,clear,2,evening,2.65,2,57,0,40.6,5.0,0
medicine,low,11.52,0,unpaved,clear,4,night,4.26,0,64,0,35.0,48.9,0
agricultural_supplies,high,5.07,0,mixed,fog,2,morning,1.99,4,30,0,49.8,22.1,0
groceries,normal,9.84,0,paved,rain,2,morning,5.31,1,65,0,16.1,29.3,0
groceries,low,25.05,0,paved,rain,4,morning,5.15,1,31,1,14.6,82.3,0
groceries,low,2.38,0,paved,rain,3,evening,3.08,2,33,0,10.3,11.7,0
agricultural_supplies,normal,1.54,1,unpaved,rain,1,evening,2.22,2,94,0,34.0,10.4,1
groceries,low,3.34,0,paved,clear,4,afternoon,3.74,3,44,1,19.7,8.6,0
documents,high,9.41,0,mixed,rain,3,afternoon,9.94,1,78,1,41.7,43.4,0
medicine,high,1.32,0,paved,rain,1,night,1.72,1,54,0,67.3,9.6,0
medicine,normal,29.52,0,paved,rain,1,afternoon,1.69,0,70,0,54.7,72.7,0
medicine,normal,85.58,0,paved,rain,1,morning,5.13,1,81,0,51.0,201.8,0
medicine,low,5.76,0,paved,clear,4,afternoon,3.74,3,84,0,36.9,16.6,0
clothing,normal,11.67,1,paved,clear,1,afternoon,1.04,2,93,1,33.1,24.3,0
medicine,normal,29.95,1,unpaved,clear,1,evening,4.41,2,86,0,67.5,106.2,1
medicine,high,6.33,1,paved,rain,1,morning,9.7,0,72,0,84.7,23.4,0
electronics,normal,5.3,0,paved,clear,2,night,1.47,2,76,0,26.4,7.0,0
clothing,high,5.03,0,paved,clear,2,night,3.46,2,39,0,32.2,12.5,0
documents,normal,6.17,0,paved,clear,4,night,1.61,3,22,0,31.5,17.9,0
groceries,normal,14.15,1,unpaved,storm,1,afternoon,7.53,0,79,0,42.3,84.7,1
groceries,high,5.52,1,mixed,clear,1,evening,2.49,1,43,1,58.1,24.5,0
electronics,normal,4.7,1,paved,clear,1,evening,4.05,0,69,1,32.2,13.3,0
medicine,high,10.05,0,paved,clear,3,afternoon,2.86,1,50,0,75.9,17.9,0
documents,high,44.3,1,paved,clear,4,night,2.85,2,23,0,49.0,117.9,0
groceries,high,27.88,1,unpaved,clear,5,evening,3.58,1,37,0,47.5,134.5,0
medicine,normal,14.32,1,paved,rain,3,night,5.89,0,63,0,55.1,46.4,0
groceries,emergency,7.2,0,paved,rain,3,morning,8.08,2,39,0,44.6,14.2,0
agricultural_supplies,normal,12.75,1,paved,rain,5,evening,9.96,1,39,0,42.7,50.6,0
groceries,emergency,23.05,0,paved,clear,5,morning,4.67,1,20,1,68.0,60.4,0
electronics,normal,32.62,1,unpaved,clear,1,afternoon,7.4,4,91,0,28.3,113.5,1
clothing,high,16.52,0,paved,clear,3,night,7.78,1,83,0,28.6,41.7,0
clothing,low,6.36,1,paved,clear,1,morning,2.92,1,53,0,16.0,16.9,0
agricultural_supplies,high,16.95,0,paved,clear,3,night,1.3,2,51,1,57.3,36.3,0
medicine,low,3.08,1,mixed,fog,2,evening,5.08,2,34,0,52.7,9.0,0
medicine,normal,16.76,0,paved,rain,4,night,3.96,0,64,0,56.1,50.5,0
agricultural_supplies,normal,13.0,0,paved,clear,2,afternoon,1.19,2,58,0,31.2,24.0,0
clothing,low,27.2,1,unpaved,clear,4,night,1.35,1,21,0,21.8,121.1,1
agricultural_supplies,high,10.0,0,paved,clear,2,afternoon,1.58,5,48,0,44.0,21.9,0
clothing,normal,5.18,0,paved,rain,2,night,1.36,0,24,0,22.6,13.0,0
clothing,low,12.05,0,paved,clear,5,evening,4.78,1,43,0,2.2,32.7,0
medicine,high,15.13,0,mixed,clear,3,evening,2.5,3,70,0,68.5,45.4,0
groceries,high,5.24,1,unpaved,clear,4,morning,2.91,0,34,0,55.5,36.0,0
groceries,low,32.64,1,mixed,clear,2,morning,6.26,1,41,0,6.2,90.5,0
electronics,low,1.12,0,mixed,clear,4,night,5.33,4,31,0,0.0,5.0,0
agricultural_supplies,low,2.86,1,unpaved,fog,1,afternoon,5.46,3,21,0,32.5,15.5,1
electronics,normal,7.42,0,paved,clear,2,morning,4.65,1,38,0,21.3,13.5,0
agricultural_supplies,normal,10.02,0,paved,clear,3,morning,0.44,1,27,0,36.2,35.0,0
electronics,high,6.32,1,paved,rain,5,evening,8.15,0,49,1,53.9,37.8,0
agricultural_supplies,normal,10.99,1,unpaved,clear,5,morning,0.63,0,97,0,38.9,63.3,1
groceries,low,28.93,0,paved,clear,2,afternoon,3.37,0,75,1,19.1,59.9,0
groceries,high,11.92,0,mixed,rain,5,morning,8.06,1,48,0,41.3,49.5,0
documents,normal,18.08,1,mixed,rain,2,evening,7.44,1,36,1,54.7,63.5,0
clothing,emergency,7.81,0,paved,fog,4,afternoon,5.02,1,81,0,58.7,33.9,0
documents,normal,3.74,0,mixed,clear,5,morning,5.76,2,26,0,29.4,8.1,0
electronics,emergency,1.06,0,paved,fog,2,evening,5.1,1,88,0,52.2,5.0,1
documents,low,16.8,0,paved,clear,5,evening,2.86,0,97,0,11.3,44.3,0
agricultural_supplies,low,33.18,1,unpaved,clear,1,morning,2.78,1,56,0,24.4,107.6,0
agricultural_supplies,normal,3.8,0,paved,rain,3,afternoon,1.82,1,39,0,42.6,15.3,0
groceries,low,15.18,0,paved,clear,5,evening,7.74,2,56,1,17.5,49.8,0
electronics,normal,7.13,1,paved,rain,4,night,1.3,0,97,0,28.0,21.0,0
medicine,normal,14.66,0,paved,clear,3,morning,5.0,3,53,0,55.2,29.5,0
agricultural_supplies,high,46.27,0,paved,clear,5,afternoon,0.2,0,87,0,41.3,136.4,0
agricultural_supplies,emergency,11.92,1,unpaved,rain,5,night,3.47,4,59,1,76.7,75.5,1
groceries,high,41.55,0,paved,clear,2,afternoon,4.94,2,78,0,38.6,83.5,0
electronics,normal,1.9,0,paved,clear,1,morning,1.24,2,50,0,21.3,5.0,0
agricultural_supplies,emergency,3.09,1,paved,clear,4,evening,7.81,1,74,0,67.3,15.7,0
electronics,low,40.12,0,paved,clear,1,evening,2.39,1,36,0,10.3,76.1,0
electronics,normal,7.28,0,unpaved,clear,1,evening,5.31,2,63,0,23.7,25.0,0
documents,low,6.12,1,unpaved,clear,4,afternoon,6.77,3,49,0,18.5,30.1,1
groceries,high,3.23,0,paved,rain,5,afternoon,0.42,2,42,0,29.4,19.3,0
electronics,low,1.47,0,mixed,clear,3,morning,1.93,2,87,0,2.8,6.4,0
clothing,high,13.72,0,paved,clear,5,evening,6.15,1,92,1,45.5,37.4,0
documents,low,13.34,1,paved,clear,1,night,2.9,1,23,0,10.0,26.1,0
clothing,low,2.18,0,paved,clear,3,night,3.08,0,31,0,0.3,5.0,0
agricultural_supplies,emergency,12.3,0,mixed,fog,5,night,6.43,0,67,0,70.3,60.0,0
documents,normal,7.45,0,unpaved,clear,1,afternoon,3.52,0,68,1,38.3,23.5,0
agricultural_supplies,normal,18.41,0,mixed,rain,1,morning,6.05,1,75,0,34.7,54.7,0
electronics,normal,2.05,1,paved,rain,5,evening,0.63,1,38,0,25.4,11.6,0
agricultural_supplies,low,4.35,1,unpaved,clear,2,afternoon,2.23,1,28,0,37.7,20.7,0
electronics,low,3.39,1,unpaved,clear,4,evening,2.72,2,23,1,20.2,16.1,0
electronics,high,1.75,1,paved,clear,1,morning,3.58,2,54,0,50.3,10.2,0
agricultural_supplies,normal,4.72,0,paved,clear,5,evening,2.57,1,43,0,28.5,13.0,0
agricultural_supplies,normal,4.1,0,paved,clear,5,evening,3.57,0,40,0,29.7,11.2,0
groceries,high,4.02,0,paved,clear,1,afternoon,11.17,0,28,0,37.1,7.9,0
medicine,normal,6.7,0,unpaved,clear,4,night,2.97,2,55,0,51.1,25.7,1
clothing,high,6.38,1,unpaved,clear,2,morning,3.34,2,97,0,47.3,23.2,1
groceries,high,2.65,0,paved,fog,3,morning,7.54,2,61,0,43.5,5.0,0
medicine,normal,7.65,0,unpaved,clear,3,night,1.79,7,55,0,52.2,24.8,1
clothing,low,18.68,0,paved,rain,5,evening,2.11,1,72,0,1.4,67.7,0
groceries,emergency,11.68,1,mixed,clear,2,afternoon,2.24,3,86,1,76.5,36.0,0
electronics,normal,16.61,1,mixed,clear,1,night,2.34,2,29,0,34.6,41.7,0
electronics,high,1.3,1,unpaved,rain,4,evening,3.19,0,32,1,49.9,16.9,1
electronics,emergency,7.67,1,paved,clear,1,morning,2.35,2,77,0,59.0,24.1,0
agricultural_supplies,low,6.43,0,unpaved,clear,3,morning,5.0,0,24,0,11.7,30.2,1
clothing,low,2.8,0,mixed,clear,4,evening,1.15,0,78,0,0.0,9.3,0
agricultural_supplies,emergency,6.49,0,paved,clear,1,afternoon,1.94,2,89,0,61.6,15.8,0
agricultural_supplies,high,27.87,1,paved,clear,4,afternoon,0.67,1,38,0,61.3,74.4,0
electronics,high,28.97,0,paved,clear,2,morning,1.33,0,70,1,45.2,65.9,0
medicine,high,15.19,1,paved,rain,2,morning,4.72,1,54,0,73.8,49.2,0
medicine,normal,6.73,1,unpaved,clear,1,night,2.99,3,50,1,71.3,20.2,1
electronics,normal,7.11,1,unpaved,clear,1,evening,3.18,0,20,0,32.6,26.9,0
electronics,low,15.87,1,paved,rain,5,morning,2.12,1,46,0,23.8,55.5,0
groceries,emergency,2.15,0,paved,fog,4,morning,1.12,0,49,0,54.3,5.2,0
agricultural_supplies,low,5.41,0,paved,clear,5,afternoon,9.48,0,33,1,30.3,17.2,0
clothing,normal,8.35,1,unpaved,clear,5,afternoon,3.2,1,61,0,28.7,35.5,1
medicine,low,14.56,0,paved,storm,3,night,2.73,1,29,0,43.2,60.7,0
groceries,normal,10.0,0,paved,clear,1,morning,4.6,0,30,0,15.2,20.1,0
clothing,normal,4.32,0,paved,rain,5,night,4.48,2,28,0,26.6,27.4,0
groceries,low,18.08,1,unpaved,rain,5,night,2.21,4,23,0,17.6,109.3,1
electronics,high,2.67,0,unpaved,rain,1,evening,6.82,2,98,0,35.8,9.5,0
groceries,emergency,6.34,0,paved,storm,3,afternoon,1.6,1,95,0,57.0,27.6,1
electronics,high,20.7,1,unpaved,clear,4,night,3.63,0,57,0,39.7,99.4,1
agricultural_supplies,normal,19.42,0,unpaved,rain,2,night,2.73,0,72,0,27.8,96.6,0
groceries,high,11.73,0,mixed,fog,4,evening,5.44,1,98,0,43.9,53.8,0
documents,normal,62.9,0,paved,rain,3,evening,3.48,0,50,0,28.3,179.2,0
medicine,high,3.2,0,paved,clear,3,evening,5.25,2,26,0,77.7,11.3,0
documents,normal,27.95,1,paved,clear,5,night,4.47,3,86,0,31.9,77.1,1
medicine,normal,3.31,1,unpaved,rain,2,night,1.08,0,51,0,68.1,18.7,0
electronics,normal,17.88,0,unpaved,rain,4,evening,14.1,1,71,0,24.5,93.8,0
electronics,low,15.55,1,unpaved,fog,3,morning,9.01,3,50,0,24.6,88.3,1
groceries,normal,24.15,0,paved,rain,5,morning,8.45,1,20,0,12.5,89.2,0
clothing,high,1.08,1,mixed,clear,2,morning,0.83,0,55,0,44.8,16.8,0
groceries,emergency,33.67,0,paved,clear,4,afternoon,7.35,0,34,0,44.8,81.5,0
clothing,high,14.69,0,paved,clear,2,evening,3.0,1,63,1,43.6,36.9,0
medicine,low,16.81,1,mixed,clear,2,afternoon,12.28,0,35,0,49.3,55.7,0
groceries,low,10.33,0,unpaved,clear,5,evening,4.17,3,57,1,10.4,42.6,1
clothing,normal,6.44,0,unpaved,rain,5,afternoon,0.79,1,96,0,13.0,34.3,1
groceries,normal,3.73,0,paved,rain,5,afternoon,8.72,1,42,0,27.7,14.2,0
groceries,emergency,2.48,1,paved,clear,5,night,5.51,0,62,0,68.2,13.2,0
agricultural_supplies,normal,6.23,0,paved,clear,4,evening,1.96,1,69,0,32.7,20.8,0
agricultural_supplies,normal,11.34,0,paved,clear,4,afternoon,7.05,1,37,0,41.3,27.8,0
agricultural_supplies,normal,1.17,0,paved,fog,2,afternoon,1.27,1,81,0,31.8,5.0,0
agricultural_supplies,low,39.08,1,mixed,rain,1,evening,3.42,2,84,0,20.8,119.5,0
medicine,low,9.45,0,paved,clear,4,morning,5.93,0,64,0,36.7,22.4,0
groceries,emergency,6.47,1,unpaved,rain,5,evening,1.22,0,66,0,62.4,36.5,1
medicine,normal,12.78,0,paved,clear,5,night,3.69,1,45,0,47.9,39.1,0
medicine,normal,2.06,0,mixed,clear,5,morning,3.26,1,45,0,57.0,7.3,0
electronics,normal,13.93,0,paved,rain,2,morning,0.64,0,68,0,18.3,26.5,0
clothing,high,5.22,0,paved,clear,1,morning,5.1,0,74,0,35.5,5.8,0
medicine,normal,2.25,0,paved,rain,5,afternoon,7.8,0,46,0,52.5,5.0,0
groceries,emergency,26.8,0,paved,clear,1,afternoon,5.38,1,20,0,48.6,44.5,0
medicine,normal,14.27,0,paved,clear,2,evening,6.92,0,52,1,62.4,25.8,0
clothing,emergency,38.87,1,unpaved,clear,5,morning,0.12,2,57,0,61.5,184.2,1
documents,high,19.05,1,unpaved,clear,4,afternoon,1.41,1,59,0,46.7,86.5,1
medicine,high,12.59,0,paved,rain,1,afternoon,6.38,3,46,1,81.2,34.6,0
groceries,low,12.92,0,mixed,fog,1,night,1.03,1,71,0,9.4,46.2,0
medicine,low,18.89,0,mixed,storm,2,afternoon,6.34,0,37,0,32.2,94.7,0
agricultural_supplies,low,21.24,1,paved,rain,4,evening,2.02,0,39,0,35.4,69.2,0
documents,low,1.88,0,mixed,rain,4,afternoon,3.84,2,31,1,17.9,10.0,0
medicine,low,18.76,1,paved,clear,4,night,1.62,1,41,0,49.0,54.4,0
agricultural_supplies,high,5.05,1,unpaved,clear,4,evening,0.92,0,80,0,59.1,18.6,1
agricultural_supplies,normal,25.61,0,paved,clear,2,afternoon,3.9,2,84,0,27.2,57.0,0
clothing,low,6.66,0,paved,clear,4,afternoon,2.67,3,79,0,0.0,19.4,1
groceries,low,6.99,1,paved,storm,5,night,2.64,0,42,0,19.9,42.1,1
groceries,emergency,10.28,1,paved,clear,2,morning,5.59,2,71,0,63.6,22.9,0
medicine,high,3.45,1,mixed,clear,5,evening,1.81,1,63,1,90.1,25.8,0
electronics,low,18.32,0,paved,storm,3,morning,1.37,1,96,0,6.8,76.2,0
groceries,normal,11.3,1,mixed,clear,5,night,0.09,2,20,0,42.5,49.4,0
electronics,normal,16.37,1,mixed,rain,1,morning,3.16,3,32,1,45.4,53.7,0
groceries,low,19.94,1,paved,clear,1,afternoon,3.74,2,97,0,15.1,42.4,0
agricultural_supplies,high,1.57,1,paved,clear,3,night,7.75,2,39,0,64.0,5.0,0
medicine,high,3.4,0,unpaved,rain,3,evening,2.4,0,61,0,68.2,18.9,0
groceries,low,2.0,1,mixed,clear,1,evening,3.18,1,20,1,25.3,8.0,0
groceries,high,10.81,0,paved,rain,3,afternoon,5.26,3,46,1,53.1,33.5,0
groceries,normal,20.71,0,unpaved,clear,3,evening,3.87,3,53,1,31.8,80.0,1
documents,normal,19.82,0,paved,storm,5,evening,6.04,0,24,0,20.3,98.5,0
medicine,high,6.42,1,mixed,rain,3,evening,1.03,1,59,0,81.8,27.5,0
medicine,low,9.54,1,mixed,clear,1,morning,1.22,0,93,1,71.6,32.7,0
clothing,emergency,3.24,0,paved,clear,1,night,7.63,0,73,0,55.0,10.9,0
agricultural_supplies,normal,2.06,0,mixed,clear,3,afternoon,4.71,1,22,0,25.2,11.4,0
groceries,normal,2.77,0,paved,clear,4,afternoon,3.66,0,44,0,17.7,9.2,0
groceries,normal,4.95,0,paved,clear,4,night,5.01,1,77,0,19.8,12.5,0
groceries,high,2.72,1,mixed,clear,2,afternoon,6.12,3,32,0,48.7,9.9,0
electronics,low,6.93,0,paved,storm,5,afternoon,1.06,1,64,0,8.5,35.8,1
medicine,low,9.88,0,paved,clear,1,evening,2.64,0,57,1,46.9,16.2,0
groceries,normal,24.45,0,paved,storm,3,night,3.36,3,28,1,30.2,107.5,1
electronics,low,26.44,0,paved,rain,1,afternoon,1.04,4,71,0,6.4,55.4,0
clothing,normal,8.25,1,mixed,clear,3,morning,2.41,1,97,0,32.1,31.1,0
groceries,normal,15.29,0,paved,clear,5,night,0.88,1,34,0,24.7,40.4,0
groceries,high,6.58,0,paved,clear,1,night,4.53,1,60,0,40.4,13.7,0
clothing,low,32.61,0,paved,clear,2,evening,4.95,1,58,0,4.8,71.8,0
electronics,normal,4.03,0,paved,clear,3,afternoon,3.83,0,21,0,17.0,7.8,0
medicine,high,8.65,1,paved,storm,3,evening,3.01,3,55,0,88.2,48.8,1
agricultural_supplies,normal,29.12,1,mixed,rain,5,morning,3.77,1,77,0,41.3,132.6,0
documents,high,6.76,0,paved,rain,4,afternoon,7.34,2,60,0,43.0,19.9,0
medicine,normal,21.69,0,mixed,clear,2,morning,5.01,1,60,1,64.8,62.0,0
electronics,normal,17.94,0,mixed,rain,2,afternoon,1.58,2,67,0,12.2,61.3,0
agricultural_supplies,high,26.45,0,unpaved,clear,1,morning,1.36,1,95,0,41.6,90.9,1
agricultural_supplies,normal,1.02,1,paved,clear,4,evening,2.99,0,20,1,58.6,5.0,0
documents,low,6.31,0,paved,rain,4,morning,1.33,0,97,0,15.1,25.4,0
clothing,normal,3.39,0,unpaved,fog,3,morning,4.17,2,59,0,19.9,15.5,1
medicine,high,40.42,0,paved,rain,2,night,0.8,1,85,0,69.5,109.4,0
documents,low,7.82,1,unpaved,rain,2,morning,3.68,3,42,0,21.3,37.1,1
electronics,high,12.27,1,unpaved,clear,4,afternoon,5.35,0,88,0,46.6,52.8,1
documents,low,8.2,0,paved,fog,2,afternoon,6.22,0,29,0,19.5,28.5,1
agricultural_supplies,low,16.79,0,paved,clear,3,night,2.15,1,37,0,12.2,42.4,0
medicine,normal,17.3,1,unpaved,rain,3,afternoon,5.21,3,77,0,59.9,82.8,1
clothing,high,3.5,1,unpaved,clear,3,night,4.16,2,23,0,40.3,22.0,1
groceries,normal,11.55,1,mixed,clear,2,afternoon,2.86,4,36,0,42.3,35.3,0
groceries,high,18.22,1,mixed,clear,2,morning,4.72,2,43,0,47.2,52.5,0
medicine,normal,3.64,1,unpaved,fog,3,night,1.01,1,51,0,58.8,25.2,1
electronics,low,10.09,0,paved,clear,5,night,4.49,1,45,0,3.4,24.2,0
clothing,normal,3.19,1,mixed,clear,1,morning,8.1,0,63,0,24.5,11.7,0
agricultural_supplies,high,16.5,0,mixed,fog,4,night,1.21,0,76,0,39.4,78.4,1
agricultural_supplies,low,16.0,0,paved,clear,4,morning,3.16,1,27,1,17.7,44.4,0
groceries,normal,8.04,0,paved,rain,5,morning,2.01,1,95,0,21.2,29.1,0
documents,normal,14.32,0,paved,rain,4,morning,3.95,1,68,0,27.6,47.3,0
clothing,high,8.26,0,mixed,clear,4,night,4.23,2,54,0,31.3,23.0,0
groceries,low,29.57,1,paved,clear,1,afternoon,1.93,0,79,0,22.0,62.5,0
clothing,low,1.98,0,paved,clear,2,evening,1.64,0,42,0,2.1,5.0,0
groceries,low,1.92,0,unpaved,clear,3,night,0.65,1,72,0,13.1,5.0,0
agricultural_supplies,normal,5.22,0,paved,rain,5,night,7.5,0,88,0,37.2,19.4,0
agricultural_supplies,normal,11.82,0,unpaved,clear,2,evening,2.88,2,59,0,34.6,45.5,0
groceries,high,13.18,0,paved,rain,3,morning,5.36,0,62,0,37.2,39.2,0
groceries,high,9.14,1,mixed,clear,2,evening,5.1,1,47,0,53.9,28.4,0
medicine,normal,16.07,0,paved,rain,3,afternoon,5.11,0,29,0,61.1,48.0,0
groceries,normal,3.41,0,unpaved,clear,4,morning,3.2,0,43,1,28.5,12.2,1
clothing,low,20.56,1,unpaved,clear,2,night,2.96,0,33,0,10.6,81.0,1
groceries,normal,10.48,1,mixed,fog,3,evening,6.65,1,65,1,40.9,52.8,0
groceries,low,5.11,1,unpaved,fog,1,night,10.09,1,51,0,17.2,23.6,1
groceries,normal,12.14,1,paved,clear,3,morning,5.59,3,29,0,29.0,31.5,1
medicine,high,1.22,1,mixed,clear,2,night,1.32,1,92,0,73.5,6.0,0
groceries,low,1.45,1,mixed,clear,3,evening,0.16,1,48,0,15.9,5.6,0
medicine,low,2.54,0,paved,clear,1,morning,6.62,2,46,0,42.0,11.1,0
agricultural_supplies,normal,2.58,0,mixed,fog,2,afternoon,11.5,2,68,0,39.4,6.2,0
groceries,normal,12.45,0,unpaved,fog,4,morning,6.15,2,54,0,22.1,74.9,1
groceries,normal,20.81,1,mixed,rain,4,night,5.24,0,29,0,34.8,91.8,0
agricultural_supplies,normal,10.1,0,paved,clear,4,evening,1.98,3,94,0,28.2,27.3,0
agricultural_supplies,low,6.33,0,mixed,rain,1,afternoon,4.31,0,86,0,15.9,24.1,0
groceries,normal,4.55,1,unpaved,clear,3,night,4.07,2,33,0,36.1,31.8,0
groceries,normal,14.97,0,unpaved,fog,1,afternoon,1.78,0,51,0,23.9,66.2,1
documents,high,33.28,0,unpaved,rain,1,afternoon,8.29,1,81,0,33.6,137.1,0
medicine,low,31.74,0,paved,clear,2,afternoon,2.56,1,41,0,42.8,65.7,0
clothing,normal,25.31,0,paved,rain,3,afternoon,6.47,1,80,0,17.4,80.5,0
documents,low,14.09,1,unpaved,clear,5,night,0.23,2,62,0,22.9,72.5,1
groceries,high,8.4,0,paved,clear,2,afternoon,3.51,0,88,0,30.2,21.9,0
clothing,normal,9.2,0,paved,fog,1,evening,4.66,1,70,0,16.9,25.8,0
clothing,normal,9.02,0,paved,clear,2,night,1.91,1,43,1,29.4,19.6,0
medicine,low,1.25,0,paved,clear,1,night,2.91,2,63,0,30.9,5.0,0
medicine,normal,16.43,0,mixed,clear,2,evening,3.35,0,84,0,45.0,46.7,0
medicine,low,12.88,0,mixed,clear,5,afternoon,3.0,1,44,0,45.0,44.2,0
clothing,high,9.94,1,paved,rain,5,morning,5.03,0,97,1,51.4,38.8,0
electronics,low,6.92,0,paved,rain,1,afternoon,6.71,1,87,0,1.5,13.2,0
documents,low,5.33,0,paved,rain,3,morning,6.61,0,25,0,14.0,15.2,0
medicine,emergency,33.85,1,unpaved,clear,3,morning,11.7,2,35,0,93.5,148.0,1
clothing,low,9.25,0,mixed,clear,1,morning,3.38,2,87,0,1.6,22.6,0
groceries,normal,5.72,1,paved,clear,2,evening,15.22,1,76,0,29.9,15.7,0
groceries,low,26.5,0,paved,clear,3,morning,4.11,1,35,0,12.0,66.5,0
groceries,normal,2.32,0,mixed,clear,5,afternoon,3.37,0,64,0,14.4,8.5,0
clothing,normal,1.82,0,paved,rain,5,evening,12.86,1,45,0,17.0,5.0,0
groceries,low,13.43,0,paved,clear,1,afternoon,7.8,2,38,0,1.1,27.9,0
clothing,emergency,4.68,0,paved,clear,2,morning,1.47,2,76,1,58.3,6.0,0
groceries,high,24.48,0,paved,clear,2,night,4.94,2,60,0,37.3,60.3,0
documents,low,10.04,1,mixed,rain,1,evening,9.02,2,38,0,35.6,33.5,0
groceries,emergency,20.9,0,paved,clear,3,afternoon,2.49,0,23,0,52.1,54.1,0
groceries,high,10.27,0,paved,clear,5,night,4.6,1,61,0,39.8,30.1,0
electronics,low,13.44,0,mixed,clear,1,night,8.56,3,83,0,11.2,29.2,0
groceries,normal,23.4,0,paved,clear,2,evening,1.07,2,56,0,22.1,47.9,0
groceries,normal,2.94,0,unpaved,rain,5,evening,12.8,2,96,0,35.4,18.4,0
agricultural_supplies,high,4.89,0,paved,clear,2,morning,5.59,1,92,0,48.4,14.4,0
medicine,normal,14.26,1,mixed,fog,3,evening,1.24,0,81,0,74.4,60.1,1
groceries,low,54.94,1,paved,rain,4,evening,5.56,0,39,1,21.9,184.4,0
groceries,high,9.36,1,paved,clear,2,night,2.35,4,55,1,47.7,26.7,0
documents,low,94.77,1,unpaved,clear,5,night,5.35,0,84,0,30.5,445.3,1
agricultural_supplies,low,11.24,0,paved,clear,2,morning,4.81,1,20,0,18.3,15.8,0
groceries,emergency,14.21,1,paved,clear,2,morning,13.81,0,48,0,61.1,32.0,0
groceries,low,1.97,0,paved,clear,2,evening,1.26,2,64,0,8.2,8.8,0
groceries,normal,11.86,0,mixed,clear,3,evening,2.74,0,54,0,20.8,42.2,0
clothing,normal,22.67,1,unpaved,clear,3,morning,4.1,1,34,0,23.5,96.2,0
medicine,low,5.87,0,unpaved,clear,2,afternoon,2.87,2,23,0,39.1,20.4,0
groceries,normal,19.31,0,unpaved,rain,1,evening,2.05,1,42,1,30.4,74.6,1
groceries,high,35.05,0,mixed,clear,1,afternoon,2.25,1,24,0,33.8,82.4,0
medicine,normal,9.56,0,paved,clear,3,afternoon,7.16,3,32,0,51.4,26.3,0
groceries,normal,2.42,1,mixed,clear,1,morning,6.8,2,92,1,36.8,10.8,0
groceries,normal,1.91,0,paved,clear,5,evening,6.06,2,32,0,15.0,5.0,0
clothing,normal,21.35,1,mixed,rain,3,evening,3.73,0,89,0,23.5,79.1,0
groceries,high,57.84,0,unpaved,clear,2,night,1.72,0,51,1,48.0,202.7,0
agricultural_supplies,normal,13.25,0,paved,clear,1,afternoon,4.53,3,73,0,46.6,18.2,0
clothing,normal,5.2,1,mixed,clear,3,afternoon,7.32,2,98,0,30.5,25.6,1
groceries,normal,4.44,0,paved,clear,3,afternoon,2.9,0,46,0,19.2,6.2,0
groceries,high,11.11,0,paved,clear,1,afternoon,2.31,2,69,0,30.2,24.9,0
agricultural_supplies,normal,1.48,0,paved,rain,3,afternoon,6.08,3,71,1,46.6,5.0,0
groceries,normal,17.06,1,mixed,fog,1,evening,2.48,1,55,1,44.8,58.4,0
electronics,high,3.63,0,paved,rain,5,night,4.91,3,23,0,43.5,10.7,0
medicine,low,16.34,0,paved,rain,2,afternoon,8.25,2,71,1,49.6,46.2,0
documents,high,10.15,0,mixed,clear,1,night,4.61,0,97,0,42.7,24.2,0
electronics,low,6.85,0,paved,clear,5,night,0.95,1,57,0,6.6,22.1,0
electronics,normal,14.31,1,mixed,rain,4,evening,8.65,4,52,0,35.9,61.7,0
agricultural_supplies,low,7.31,0,paved,rain,4,morning,6.05,3,27,0,16.5,25.2,0
clothing,normal,14.64,0,mixed,clear,4,afternoon,1.44,3,94,0,17.8,51.7,0
medicine,high,5.84,1,unpaved,fog,2,evening,2.27,1,39,0,82.1,30.6,1
groceries,normal,6.12,0,paved,fog,1,evening,0.48,0,59,0,24.3,9.0,0
medicine,normal,1.56,1,paved,fog,5,evening,2.38,1,27,0,72.6,10.3,1
medicine,high,62.1,0,paved,storm,4,night,6.62,3,53,1,79.5,291.7,0
agricultural_supplies,normal,2.08,0,mixed,rain,5,night,1.25,0,49,1,42.7,5.0,0
clothing,normal,2.05,1,paved,clear,2,afternoon,8.97,1,49,0,32.3,5.0,0
medicine,low,39.98,1,paved,rain,2,evening,0.62,1,64,0,52.7,110.1,0
groceries,high,6.67,1,unpaved,clear,5,night,0.26,0,23,0,44.5,33.4,0
medicine,normal,1.64,1,unpaved,clear,5,night,4.0,1,65,0,62.2,15.2,1
groceries,low,4.58,0,paved,clear,3,afternoon,1.94,2,62,1,17.0,5.0,0
groceries,low,7.77,0,mixed,clear,5,evening,3.08,0,85,0,11.5,31.8,0
agricultural_supplies,normal,15.49,1,paved,clear,1,morning,4.04,4,68,0,50.1,35.1,0
documents,high,25.17,0,paved,rain,1,afternoon,11.02,2,25,1,42.8,54.4,0
groceries,low,15.99,1,paved,clear,2,night,2.07,0,51,0,20.2,42.8,0
medicine,normal,41.17,0,paved,fog,2,night,2.67,4,40,0,59.6,116.9,1
electronics,emergency,7.11,0,mixed,rain,5,evening,3.99,1,79,0,45.0,23.9,0
groceries,low,1.71,1,mixed,rain,4,evening,1.28,1,33,0,11.3,12.9,0
medicine,normal,1.91,0,paved,clear,2,evening,1.42,2,76,0,58.1,5.0,0
agricultural_supplies,low,19.7,0,paved,fog,4,night,1.68,0,97,0,17.4,68.9,0
electronics,normal,15.16,0,mixed,storm,4,night,3.44,1,86,0,8.1,88.6,1
documents,high,1.94,1,paved,clear,3,afternoon,1.49,3,30,0,62.6,6.1,0
medicine,high,9.58,1,paved,clear,5,morning,8.24,1,22,1,91.1,34.8,0
groceries,high,5.17,0,mixed,rain,5,night,3.44,2,41,0,41.9,25.0,0
clothing,normal,1.36,0,paved,rain,3,morning,8.38,4,97,0,13.9,5.1,0
groceries,normal,4.98,0,paved,rain,4,night,5.8,2,72,0,24.3,17.9,0
agricultural_supplies,high,45.11,0,paved,storm,4,night,2.43,1,37,0,38.2,204.9,1
clothing,high,7.92,1,mixed,rain,5,afternoon,5.98,1,30,0,41.5,40.5,0
medicine,high,7.55,1,unpaved,clear,2,morning,4.47,1,70,1,87.3,30.4,1
medicine,low,6.39,0,paved,storm,4,night,7.17,1,69,0,28.7,29.6,0
medicine,normal,2.95,1,mixed,rain,1,morning,1.21,0,54,1,69.9,13.9,0
documents,low,14.26,0,paved,clear,5,afternoon,1.11,1,66,0,13.3,34.2,0
groceries,high,4.5,0,paved,clear,5,morning,0.94,1,84,0,46.0,14.3,0
documents,high,24.03,1,paved,rain,4,night,4.18,1,43,0,51.1,81.8,0
clothing,normal,2.96,1,unpaved,clear,5,afternoon,5.56,2,76,0,29.2,20.7,1
clothing,low,13.97,0,paved,rain,3,evening,1.9,2,47,0,0.0,38.3,0
groceries,emergency,1.88,1,paved,clear,4,evening,4.54,4,53,0,56.4,9.2,0
agricultural_supplies,low,17.06,0,paved,storm,2,afternoon,1.17,3,77,0,20.8,69.7,1
agricultural_supplies,normal,15.62,1,paved,clear,2,night,1.38,2,52,0,37.0,42.4,0
clothing,normal,4.57,1,unpaved,clear,2,evening,0.35,2,81,0,26.3,24.5,1
agricultural_supplies,emergency,6.69,0,mixed,clear,2,morning,1.73,1,38,0,61.9,21.3,0
groceries,normal,13.5,0,unpaved,rain,2,evening,1.96,0,39,0,22.4,57.0,0
groceries,emergency,43.93,0,paved,clear,2,night,2.74,1,51,0,51.9,94.8,0
agricultural_supplies,low,15.6,0,paved,clear,3,morning,7.67,0,82,0,16.4,32.1,0
clothing,normal,29.35,1,unpaved,fog,2,evening,11.67,1,35,0,25.3,144.1,1
electronics,low,3.25,1,mixed,clear,3,evening,10.88,0,50,0,10.1,22.4,0
groceries,low,2.56,1,mixed,storm,1,evening,0.96,2,41,0,15.2,14.7,0
medicine,high,3.72,0,mixed,clear,2,night,3.15,1,81,0,73.5,5.0,0
groceries,low,26.2,0,paved,fog,3,afternoon,4.86,1,41,0,14.8,80.1,0
clothing,high,4.1,0,paved,clear,3,afternoon,2.0,1,42,0,33.0,8.5,0
documents,normal,13.88,0,mixed,clear,2,night,0.82,1,48,0,45.2,44.4,0
agricultural_supplies,normal,8.65,1,unpaved,rain,2,night,2.65,0,61,0,43.5,46.0,1
groceries,low,5.41,0,paved,rain,5,afternoon,7.52,1,93,0,5.0,18.8,0
agricultural_supplies,high,3.03,1,paved,clear,2,evening,3.3,0,55,0,57.1,7.5,0
groceries,normal,55.6,0,paved,clear,1,evening,2.17,0,49,0,19.2,100.9,0
groceries,high,11.12,1,mixed,clear,5,morning,0.77,0,71,0,46.2,45.2,0
clothing,low,3.59,1,unpaved,clear,5,evening,1.09,0,83,0,13.6,12.1,1
documents,high,37.9,0,mixed,rain,5,evening,1.24,0,59,1,51.7,174.2,0
groceries,low,14.86,0,paved,clear,3,night,2.68,3,30,0,8.0,35.0,0
groceries,low,17.33,1,mixed,fog,4,evening,1.96,0,26,0,21.9,82.9,1
medicine,high,5.47,0,paved,clear,1,morning,1.1,0,37,0,65.6,14.1,0
electronics,normal,6.95,0,paved,rain,4,evening,0.38,2,23,0,20.3,25.4,0
agricultural_supplies,normal,3.91,0,mixed,rain,4,night,3.56,1,24,0,33.3,22.3,0
medicine,normal,7.65,1,paved,rain,5,night,5.16,0,99,0,66.5,29.5,0
medicine,low,45.74,0,unpaved,storm,3,evening,2.24,1,24,1,41.8,323.8,1
electronics,normal,3.7,1,mixed,clear,4,morning,5.19,0,58,0,35.0,9.1,0
agricultural_supplies,normal,7.67,0,mixed,fog,5,evening,3.82,0,95,0,36.3,39.2,1
medicine,normal,1.98,1,unpaved,clear,4,afternoon,14.74,1,26,0,64.5,13.3,1
clothing,normal,2.68,0,paved,clear,2,night,0.09,2,73,1,26.7,7.1,0
clothing,high,7.01,0,paved,rain,4,morning,11.25,2,36,0,31.8,19.9,0
medicine,normal,5.38,1,mixed,rain,2,afternoon,3.4,1,78,0,65.0,16.9,0
agricultural_supplies,low,7.75,0,paved,clear,3,afternoon,3.79,1,35,0,27.4,15.5,0
agricultural_supplies,low,18.03,0,paved,rain,3,afternoon,2.76,4,92,0,11.2,53.4,0
clothing,low,1.27,0,mixed,clear,3,morning,2.7,0,83,0,3.8,5.0,0
clothing,normal,5.43,0,paved,rain,1,evening,4.27,2,21,0,19.9,17.2,0
electronics,high,27.52,0,paved,storm,1,afternoon,3.62,1,97,0,33.0,92.2,1
groceries,low,13.59,1,unpaved,clear,1,afternoon,7.25,0,55,1,28.3,46.2,0
medicine,emergency,7.43,0,mixed,rain,1,afternoon,1.92,1,42,0,82.5,17.4,0
agricultural_supplies,emergency,6.84,0,paved,rain,1,evening,4.23,1,91,1,81.1,16.2,0
clothing,normal,6.76,0,paved,rain,5,morning,5.75,0,60,0,31.3,23.6,0
clothing,normal,8.17,0,paved,clear,4,night,7.3,0,53,0,12.3,25.7,0
agricultural_supplies,low,15.97,0,paved,clear,5,evening,5.1,2,53,0,12.4,44.2,0
groceries,high,22.0,1,mixed,clear,3,morning,6.39,1,49,0,52.0,71.3,0
electronics,high,10.23,0,paved,clear,1,night,1.34,0,63,0,28.6,19.3,0
clothing,low,8.46,1,mixed,clear,4,evening,5.42,0,58,0,18.1,35.2,0
electronics,normal,1.18,0,unpaved,rain,4,evening,3.7,1,40,0,21.7,5.0,0
clothing,normal,20.84,1,mixed,storm,4,night,2.52,3,35,0,29.1,137.5,1
documents,normal,7.06,1,unpaved,rain,1,evening,1.14,1,40,0,39.8,25.7,0
groceries,normal,21.56,1,paved,rain,2,morning,1.61,0,76,0,32.5,63.1,0
electronics,normal,3.71,0,mixed,fog,2,afternoon,5.66,0,65,0,19.3,13.4,0
groceries,normal,1.71,1,paved,clear,4,night,2.25,2,80,0,29.0,7.5,0
medicine,high,24.04,0,paved,clear,3,evening,1.15,1,31,0,74.9,55.2,0
documents,normal,8.86,0,paved,clear,4,afternoon,0.83,1,48,0,30.6,25.8,0
medicine,high,11.6,0,unpaved,clear,2,night,0.42,1,66,1,78.1,40.2,1
groceries,low,1.03,1,unpaved,rain,1,night,2.26,2,56,0,21.4,14.0,0
groceries,normal,10.28,1,unpaved,clear,5,night,1.31,2,42,0,28.2,51.8,1
groceries,normal,4.61,1,unpaved,fog,3,afternoon,6.27,1,31,0,33.7,34.4,1
clothing,normal,36.74,0,paved,clear,1,night,1.42,2,26,1,19.8,64.0,0
documents,high,19.32,0,mixed,clear,2,night,3.34,0,43,0,37.2,52.1,0
groceries,high,2.31,0,paved,storm,1,afternoon,3.85,1,23,1,44.2,12.3,0
clothing,low,10.5,1,unpaved,fog,1,afternoon,8.62,5,66,0,14.3,50.3,1
groceries,low,3.91,1,unpaved,fog,3,evening,6.5,3,85,0,12.9,22.2,1
electronics,normal,9.43,0,mixed,rain,1,afternoon,8.52,1,64,0,22.5,31.2,0
agricultural_supplies,high,2.29,0,paved,clear,5,evening,3.16,1,47,0,45.4,8.2,0
electronics,normal,7.29,1,mixed,clear,3,night,3.98,0,90,0,18.9,19.7,0
agricultural_supplies,normal,38.18,0,paved,clear,5,evening,4.06,1,63,1,49.0,107.4,0
medicine,normal,14.51,0,unpaved,clear,1,evening,3.87,0,38,1,71.7,48.1,0
clothing,low,3.84,1,mixed,storm,2,afternoon,0.9,2,78,0,12.9,23.0,0
clothing,normal,16.48,1,paved,rain,3,evening,1.23,1,81,0,27.0,51.0,0
agricultural_supplies,low,7.42,1,paved,clear,5,evening,3.55,1,67,0,25.8,26.4,0
electronics,low,25.07,0,mixed,fog,2,afternoon,5.72,1,70,0,12.6,98.9,0
clothing,high,8.07,1,paved,rain,3,night,0.79,3,21,0,46.3,27.4,0
documents,low,10.09,0,paved,clear,1,morning,1.38,2,78,0,7.1,21.6,0
medicine,normal,44.17,0,paved,clear,4,morning,4.11,0,25,0,51.2,116.3,0
documents,emergency,34.6,1,paved,fog,1,evening,3.17,2,23,0,69.4,98.3,0
groceries,normal,3.68,0,paved,rain,1,evening,2.05,1,48,1,28.6,15.8,0
electronics,high,2.35,1,unpaved,clear,5,night,3.82,0,22,0,54.0,18.3,1
agricultural_supplies,low,3.18,0,paved,clear,3,afternoon,1.9,2,64,0,26.4,5.0,0
groceries,normal,10.93,1,paved,fog,4,night,8.64,0,80,1,39.4,36.5,0
groceries,high,21.09,0,paved,rain,5,evening,8.49,1,59,1,50.2,67.9,0
medicine,normal,3.84,0,paved,clear,2,evening,2.06,0,85,0,57.4,12.0,0
agricultural_supplies,normal,12.87,0,mixed,clear,3,evening,1.42,2,81,1,42.9,40.8,0
groceries,high,6.99,1,unpaved,clear,1,morning,1.02,5,45,0,55.9,24.7,1
agricultural_supplies,low,5.14,0,paved,clear,5,afternoon,0.59,1,74,0,21.7,22.1,0
documents,low,5.41,0,unpaved,rain,2,morning,3.5,2,86,0,17.7,16.9,1
groceries,high,20.43,1,unpaved,clear,3,afternoon,0.21,1,90,0,49.6,87.7,1
groceries,normal,1.95,0,mixed,clear,4,afternoon,0.39,1,37,0,22.7,5.0,0
groceries,high,21.01,0,unpaved,clear,2,morning,2.45,1,68,0,38.0,77.0,0
groceries,emergency,21.36,0,paved,clear,4,night,5.39,1,27,0,52.5,53.8,0
documents,low,10.99,0,mixed,clear,3,afternoon,0.7,0,67,1,18.5,37.0,0
agricultural_supplies,low,4.98,1,mixed,clear,5,afternoon,5.55,0,28,0,27.5,20.0,0
documents,normal,3.15,0,paved,rain,1,evening,2.84,0,74,0,22.9,8.9,0
groceries,low,15.02,0,paved,rain,3,night,6.35,0,59,0,4.4,41.4,0
groceries,normal,8.68,1,mixed,clear,3,night,7.81,0,76,0,39.2,33.6,0
groceries,emergency,1.98,0,paved,fog,4,night,4.99,1,75,0,53.5,5.0,0
clothing,normal,8.63,1,unpaved,rain,2,night,3.27,2,44,0,36.1,43.5,0
electronics,high,6.77,0,paved,rain,3,night,5.4,1,42,1,41.0,21.2,0
groceries,low,15.02,0,unpaved,clear,4,afternoon,6.99,0,53,0,6.9,65.6,1
documents,normal,4.67,1,mixed,clear,4,evening,5.3,4,42,0,39.9,12.6,0
groceries,normal,15.12,1,unpaved,clear,3,afternoon,12.74,5,90,1,40.8,62.4,1
groceries,high,19.71,1,unpaved,clear,2,night,1.44,3,55,0,44.8,77.0,1
groceries,emergency,6.43,1,mixed,clear,2,afternoon,11.47,0,41,1,71.9,16.4,0
agricultural_supplies,normal,10.24,0,paved,clear,2,morning,0.2,1,87,0,44.1,14.9,0
documents,normal,6.61,1,unpaved,storm,3,night,3.03,0,67,1,41.0,52.4,1
electronics,emergency,15.45,1,mixed,rain,4,evening,0.93,1,54,0,56.5,70.0,0
medicine,low,3.63,1,unpaved,rain,1,evening,6.7,4,75,0,54.6,19.1,1
medicine,normal,19.07,1,mixed,clear,5,night,3.78,1,94,0,63.9,73.3,0
electronics,high,7.48,0,paved,fog,1,afternoon,0.7,0,76,0,36.1,20.3,0
medicine,normal,21.49,1,unpaved,clear,5,evening,2.33,1,81,0,67.9,110.6,1
agricultural_supplies,emergency,2.52,0,paved,clear,1,morning,1.58,0,45,1,71.9,5.5,0
groceries,emergency,3.99,0,paved,clear,4,night,5.51,1,22,0,62.5,7.2,0
medicine,normal,38.17,0,unpaved,clear,1,night,9.17,0,73,0,55.5,126.0,0
electronics,low,4.71,1,unpaved,clear,2,afternoon,2.45,1,68,0,24.0,17.3,0
agricultural_supplies,high,2.77,1,unpaved,fog,4,morning,3.39,2,27,0,60.8,22.4,1
groceries,normal,3.37,0,paved,fog,3,afternoon,5.14,0,78,0,23.6,13.2,1
groceries,high,14.95,1,unpaved,clear,4,morning,3.39,1,96,0,49.0,67.1,1
documents,high,69.37,1,unpaved,fog,1,night,6.81,0,25,1,62.6,306.6,1
electronics,low,39.96,0,paved,clear,1,evening,9.71,2,80,1,16.4,83.6,0
agricultural_supplies,high,33.47,1,unpaved,clear,1,afternoon,0.82,0,68,0,61.0,116.3,0
medicine,high,1.62,0,paved,clear,1,night,10.16,3,77,0,70.2,6.3,0
groceries,normal,9.08,0,paved,clear,2,morning,0.75,1,20,0,16.3,19.1,0
clothing,emergency,21.17,1,paved,clear,2,evening,11.4,1,23,0,59.7,53.7,0
groceries,high,4.62,0,unpaved,clear,3,night,1.98,0,83,0,42.3,17.4,1
documents,normal,18.85,1,mixed,rain,3,night,5.28,0,50,0,35.3,76.0,0
medicine,normal,19.6,0,paved,clear,1,morning,4.72,0,65,0,56.5,39.1,0
medicine,low,2.56,1,paved,clear,2,evening,9.52,3,83,0,50.7,11.6,0
medicine,emergency,14.17,0,unpaved,clear,3,evening,2.57,1,80,0,79.6,53.8,1
groceries,normal,1.83,1,mixed,rain,2,evening,4.85,1,54,0,28.7,12.2,0
agricultural_supplies,normal,11.77,1,unpaved,rain,3,morning,2.76,0,91,0,39.3,65.2,1
groceries,high,12.47,0,unpaved,storm,1,afternoon,2.23,1,71,0,39.2,72.4,1
groceries,normal,20.32,1,unpaved,clear,5,night,5.67,1,66,0,34.0,103.4,1
clothing,low,3.74,0,paved,rain,1,morning,0.26,0,57,0,7.5,8.4,0
agricultural_supplies,emergency,5.83,1,unpaved,clear,3,afternoon,6.1,1,38,0,63.2,34.6,0
agricultural_supplies,normal,50.62,1,paved,fog,1,evening,2.04,1,82,0,46.7,139.3,1
clothing,normal,17.1,0,paved,clear,3,evening,1.24,2,57,0,23.4,37.6,0
clothing,emergency,16.66,0,paved,clear,4,morning,2.61,0,47,1,60.4,45.1,0
groceries,low,16.61,0,paved,rain,1,morning,2.47,1,90,0,12.5,38.9,0
clothing,high,2.46,1,paved,clear,3,afternoon,1.22,2,44,0,43.7,12.5,0
groceries,low,4.13,1,unpaved,fog,3,morning,3.15,0,65,1,29.2,26.8,1
groceries,normal,28.44,1,unpaved,clear,1,afternoon,0.52,3,28,0,41.0,99.7,0
groceries,emergency,23.68,0,paved,clear,4,night,6.68,0,80,1,71.1,60.9,0
groceries,normal,7.51,0,paved,clear,5,night,5.42,0,97,0,22.8,23.7,0
groceries,normal,26.34,0,mixed,clear,4,afternoon,1.23,0,22,0,24.3,87.1,0
documents,low,3.64,0,unpaved,clear,5,afternoon,7.58,2,87,1,17.5,19.3,1
groceries,high,4.43,1,unpaved,clear,1,afternoon,1.14,1,38,0,52.6,19.1,0
groceries,low,26.65,0,paved,fog,2,night,3.33,3,80,0,8.6,86.4,1
groceries,normal,17.38,1,paved,clear,5,night,1.85,0,85,0,33.1,56.3,0
groceries,low,24.68,0,paved,clear,3,morning,2.21,4,70,0,3.2,59.8,0
agricultural_supplies,high,7.86,0,paved,clear,2,morning,3.77,0,22,0,47.1,17.2,0
electronics,high,4.43,0,paved,rain,1,morning,4.95,2,76,0,39.7,8.8,0
documents,normal,16.23,1,unpaved,storm,5,morning,3.35,2,42,0,35.8,142.9,1
groceries,low,14.29,1,paved,fog,4,night,2.57,0,94,0,20.0,53.7,1
documents,normal,3.12,0,paved,rain,2,evening,2.83,0,28,0,16.1,14.6,0
groceries,normal,3.65,0,paved,clear,3,night,2.17,2,54,0,28.1,12.1,0
medicine,emergency,18.63,0,unpaved,rain,1,night,3.19,1,23,0,86.2,75.3,0
clothing,normal,16.71,0,paved,clear,1,night,6.9,3,65,1,29.7,27.2,0
groceries,normal,9.4,0,mixed,storm,5,afternoon,0.29,1,42,0,29.3,56.1,1
clothing,normal,13.19,0,paved,rain,5,morning,3.27,1,66,0,20.2,42.1,0
groceries,emergency,14.68,0,paved,rain,1,night,12.26,0,62,0,58.5,30.5,0
groceries,low,15.53,0,paved,clear,4,evening,2.39,2,86,0,11.1,37.2,0
groceries,normal,20.75,0,paved,clear,3,evening,1.14,1,33,0,23.3,50.0,0
clothing,normal,4.27,0,paved,clear,1,afternoon,3.44,0,39,0,22.5,11.5,0
groceries,normal,3.05,0,unpaved,fog,1,night,2.45,0,48,0,26.9,14.0,0
medicine,normal,2.76,0,paved,clear,1,afternoon,2.87,0,91,0,57.6,5.0,0
documents,normal,12.4,1,mixed,clear,5,evening,3.2,2,22,1,49.2,46.3,0
electronics,high,6.08,1,mixed,clear,4,afternoon,2.47,1,96,0,54.1,23.5,0
electronics,low,15.8,0,paved,rain,3,afternoon,4.58,2,39,1,9.2,46.1,0
agricultural_supplies,normal,8.85,1,paved,clear,5,morning,1.56,0,99,0,55.7,29.0,0
groceries,normal,3.92,1,unpaved,clear,3,evening,5.75,1,51,0,32.7,19.4,1
agricultural_supplies,low,26.39,1,unpaved,clear,3,morning,5.49,0,45,0,25.9,110.5,1
clothing,high,2.83,0,paved,clear,3,night,2.71,1,85,0,34.1,5.0,0
agricultural_supplies,low,10.61,0,paved,storm,1,night,4.53,3,89,1,14.3,33.8,1
documents,high,3.11,1,paved,clear,3,afternoon,2.22,1,90,0,58.2,8.7,0
groceries,normal,5.51,0,paved,clear,4,afternoon,3.61,2,83,0,27.1,12.7,0
agricultural_supplies,low,10.18,0,mixed,rain,2,morning,2.26,3,31,0,20.5,38.2,0
electronics,high,23.74,0,mixed,clear,3,evening,3.48,3,89,0,38.2,73.4,0
groceries,low,7.49,0,paved,clear,4,afternoon,2.32,2,71,0,5.2,17.4,0
groceries,low,14.83,0,paved,clear,3,afternoon,4.08,2,47,0,10.6,31.4,0
agricultural_supplies,high,2.6,1,paved,fog,4,morning,1.73,0,22,0,51.0,15.0,0
clothing,normal,12.89,1,unpaved,clear,1,afternoon,2.57,1,28,0,25.2,49.2,0
medicine,low,2.45,1,mixed,rain,5,evening,5.33,1,34,0,47.3,16.8,0
agricultural_supplies,normal,4.96,0,paved,clear,2,morning,2.2,1,39,0,40.5,9.2,0
documents,normal,31.22,0,paved,fog,2,afternoon,5.57,0,88,1,32.7,87.2,1
clothing,emergency,11.92,0,paved,clear,2,afternoon,0.95,0,91,0,55.9,30.7,0
agricultural_supplies,normal,4.59,1,mixed,clear,2,evening,3.81,2,58,0,39.6,14.4,0
groceries,normal,2.75,1,mixed,clear,5,evening,0.85,3,22,0,31.0,13.6,0
electronics,high,21.39,1,mixed,clear,1,morning,1.29,0,84,0,47.7,50.8,0
groceries,emergency,3.64,1,paved,storm,3,evening,1.17,2,83,0,60.7,22.3,1
clothing,normal,6.02,1,mixed,rain,3,morning,3.94,1,93,0,34.1,25.7,0
electronics,low,9.37,0,paved,clear,2,morning,2.86,1,82,1,5.8,19.2,0
medicine,low,5.21,0,paved,clear,1,morning,10.0,2,71,0,38.7,8.8,0
agricultural_supplies,emergency,30.19,0,paved,rain,1,afternoon,7.41,2,31,0,63.7,73.7,0
documents,low,20.23,0,paved,rain,5,afternoon,3.46,2,95,0,12.7,71.0,0
groceries,low,24.8,1,paved,clear,5,afternoon,3.31,1,52,0,15.9,79.2,0
medicine,low,14.1,0,paved,clear,1,evening,1.96,3,24,0,41.6,18.3,0
documents,emergency,3.16,0,paved,clear,3,morning,4.41,0,82,0,53.3,5.2,0
agricultural_supplies,normal,8.04,0,paved,clear,1,night,6.29,0,44,0,36.7,9.4,0
clothing,low,24.36,1,mixed,fog,1,night,2.3,1,47,0,11.2,91.4,0
clothing,normal,9.77,0,paved,clear,5,night,1.6,1,22,0,14.9,27.3,0
agricultural_supplies,high,11.31,0,paved,clear,3,night,2.66,1,63,0,45.3,34.2,0
medicine,low,29.51,0,paved,rain,4,evening,1.4,2,36,0,38.7,96.6,0
groceries,normal,13.52,0,paved,rain,1,afternoon,2.73,4,47,0,22.7,38.2,0
groceries,low,18.12,1,unpaved,clear,5,morning,12.14,0,69,0,19.6,94.7,1
medicine,normal,20.18,0,unpaved,fog,1,morning,2.96,1,28,0,58.9,85.0,1
medicine,low,10.63,1,mixed,clear,5,evening,4.54,2,66,0,53.8,43.0,0
groceries,normal,6.73,1,unpaved,clear,5,afternoon,3.78,1,53,1,39.1,31.4,1
agricultural_supplies,normal,11.44,0,mixed,clear,3,night,6.97,0,87,0,31.6,29.9,0
medicine,normal,54.89,0,paved,clear,3,night,3.56,2,55,0,49.9,130.0,0
clothing,high,10.65,1,paved,fog,4,afternoon,7.46,1,70,0,43.7,40.4,1
clothing,normal,10.43,0,unpaved,rain,4,night,2.45,1,85,0,23.7,60.4,0
groceries,low,17.23,0,mixed,clear,5,night,3.04,2,45,1,13.6,63.5,0
groceries,normal,34.77,1,paved,clear,4,morning,2.62,2,91,0,33.8,92.1,0
electronics,low,26.88,0,paved,clear,2,morning,1.24,0,93,0,11.2,54.6,0
groceries,high,5.25,0,paved,rain,4,night,1.47,0,78,0,32.0,19.4,0
clothing,normal,45.48,0,unpaved,clear,2,night,4.61,0,23,0,15.9,166.6,0
agricultural_supplies,high,4.12,1,mixed,clear,4,night,2.79,0,95,0,54.5,17.3,0
medicine,high,48.2,0,paved,clear,5,afternoon,3.81,0,91,0,68.5,131.6,0
medicine,normal,7.38,0,paved,clear,1,night,3.39,0,38,1,71.1,14.5,0
clothing,high,4.16,1,paved,clear,3,afternoon,1.8,0,70,1,52.7,23.7,0
groceries,emergency,7.91,0,paved,clear,3,evening,1.96,0,78,0,49.5,19.4,0
groceries,normal,1.38,1,mixed,clear,5,evening,8.19,1,22,0,31.9,5.5,0
groceries,low,1.1,1,unpaved,clear,4,night,7.23,1,21,0,24.6,5.0,1
documents,high,4.89,1,unpaved,clear,4,evening,1.04,0,67,0,55.6,25.8,1
medicine,normal,10.85,0,paved,clear,1,afternoon,4.03,2,28,0,58.2,25.4,0
groceries,high,16.06,1,unpaved,rain,3,afternoon,6.38,0,57,0,50.9,79.6,0
groceries,normal,5.06,0,mixed,clear,3,evening,0.75,1,50,0,34.3,15.5,0
clothing,low,7.92,1,unpaved,fog,5,evening,0.1,1,54,1,17.2,52.7,1
electronics,low,5.18,1,mixed,rain,1,morning,4.73,1,48,0,7.9,21.6,0
groceries,emergency,29.12,0,paved,clear,2,evening,4.2,3,54,0,58.5,61.5,0
groceries,normal,3.28,0,paved,clear,1,night,0.69,0,25,0,16.7,8.1,0
groceries,normal,16.39,0,paved,clear,3,morning,5.9,0,39,0,20.0,36.1,0
clothing,normal,6.31,0,paved,clear,4,evening,3.01,0,89,0,22.3,17.6,0
groceries,low,6.86,1,paved,rain,1,evening,7.63,0,61,0,25.2,22.5,0
agricultural_supplies,emergency,7.99,1,mixed,clear,2,morning,4.62,0,78,0,79.0,26.7,0
agricultural_supplies,high,41.62,0,paved,clear,5,afternoon,1.52,1,70,0,52.0,113.2,0
electronics,high,1.02,0,paved,rain,1,afternoon,4.16,0,21,0,22.6,5.0,0
agricultural_supplies,high,10.74,0,paved,clear,5,afternoon,0.57,3,59,0,49.5,30.5,0
electronics,normal,1.43,0,paved,clear,5,afternoon,5.56,1,57,0,18.9,6.9,0
medicine,low,11.21,1,unpaved,rain,2,evening,8.57,1,23,0,39.1,60.2,0
groceries,high,2.09,1,mixed,clear,5,night,8.57,0,67,0,46.7,8.7,0
electronics,high,23.16,0,paved,clear,1,afternoon,1.13,0,26,0,44.5,50.6,0
groceries,normal,1.97,0,mixed,clear,4,evening,1.51,1,30,1,34.9,5.0,0
agricultural_supplies,high,5.33,1,unpaved,clear,3,night,4.17,1,29,0,61.3,24.2,1
documents,low,5.39,0,mixed,clear,1,night,1.23,2,60,0,14.3,5.0,0
clothing,normal,5.14,0,paved,clear,2,morning,1.05,1,32,0,17.9,9.3,0
electronics,low,46.84,0,paved,fog,5,morning,1.42,3,26,0,13.9,171.6,1
agricultural_supplies,high,34.69,0,paved,rain,4,evening,3.39,0,54,0,42.3,106.0,0
clothing,normal,44.87,1,mixed,clear,3,evening,0.32,1,28,1,43.3,139.5,0
electronics,normal,14.59,0,unpaved,clear,5,afternoon,9.82,0,39,0,23.6,67.9,0
electronics,low,13.69,0,mixed,clear,5,evening,9.13,0,74,0,1.1,38.8,0
medicine,normal,8.63,1,unpaved,clear,3,night,1.95,1,20,0,54.6,38.5,1
documents,normal,24.21,0,paved,rain,1,evening,0.78,0,23,1,39.1,65.3,0
medicine,low,7.62,0,mixed,clear,1,afternoon,7.42,2,87,1,50.3,19.8,0
groceries,low,4.37,0,mixed,fog,2,night,1.83,0,57,1,17.9,14.3,0
clothing,normal,3.9,0,mixed,fog,5,evening,10.59,1,35,0,11.9,24.3,0
medicine,normal,7.83,0,paved,clear,5,morning,3.82,3,24,1,64.9,17.4,1
medicine,low,10.52,0,paved,clear,4,morning,2.25,1,85,0,29.9,28.4,0
medicine,normal,14.37,1,mixed,clear,4,morning,1.32,1,58,0,60.8,57.7,0
electronics,normal,2.95,1,paved,clear,5,morning,2.92,2,70,0,24.2,5.0,0
agricultural_supplies,low,13.61,1,unpaved,storm,4,evening,0.82,2,84,0,21.3,105.7,1
clothing,low,6.67,1,mixed,clear,4,night,9.06,0,76,0,16.8,26.7,0
agricultural_supplies,normal,16.82,1,paved,clear,5,morning,2.81,1,20,0,36.1,46.4,0
electronics,high,3.42,0,paved,clear,1,afternoon,1.4,0,94,0,36.7,5.0,0
medicine,high,3.43,0,paved,clear,2,evening,3.77,0,20,1,89.9,9.2,0
clothing,high,9.56,0,paved,clear,5,evening,3.67,1,95,0,34.1,23.4,0
groceries,normal,4.11,1,unpaved,clear,5,morning,4.55,1,94,0,30.6,27.1,1
clothing,low,12.81,0,unpaved,fog,3,morning,12.2,0,76,0,0.0,75.5,1
medicine,low,67.57,0,paved,clear,1,night,2.94,0,46,0,42.6,132.1,0
groceries,normal,13.71,1,paved,clear,3,afternoon,1.82,0,64,0,39.6,44.9,0
groceries,emergency,32.41,0,paved,fog,3,night,7.37,2,58,0,54.2,97.5,0
medicine,high,6.05,0,paved,clear,3,night,1.96,1,64,0,59.0,9.0,0
electronics,high,4.13,0,mixed,clear,2,afternoon,3.21,4,52,1,50.9,6.6,0
electronics,normal,4.18,1,paved,fog,3,morning,3.41,2,48,0,31.4,19.1,0
groceries,normal,12.98,0,paved,clear,2,morning,14.67,1,45,0,28.0,31.8,0
clothing,high,7.7,1,paved,clear,2,afternoon,11.8,0,85,0,36.9,20.4,0
groceries,low,13.4,0,mixed,clear,1,night,5.66,2,91,0,6.2,30.5,0
documents,low,3.34,0,paved,fog,2,evening,1.98,0,49,1,25.0,6.2,0
medicine,normal,12.17,1,unpaved,storm,2,morning,6.57,3,66,0,76.8,78.6,1
agricultural_supplies,high,5.46,0,paved,clear,5,evening,6.4,1,55,0,38.9,18.1,0
groceries,low,27.61,0,unpaved,clear,3,evening,2.9,1,73,0,6.5,110.4,0
groceries,normal,9.27,1,unpaved,rain,3,morning,1.93,1,61,1,32.6,53.5,1
groceries,normal,4.28,0,paved,clear,3,morning,0.98,4,63,1,37.4,5.0,0
agricultural_supplies,low,4.08,0,unpaved,clear,3,afternoon,2.46,2,96,0,24.5,12.3,0
groceries,normal,4.44,1,paved,clear,4,evening,2.63,1,37,1,37.2,12.8,0
agricultural_supplies,normal,16.41,0,paved,clear,1,night,0.52,0,53,0,33.8,38.7,0
groceries,high,3.82,1,unpaved,clear,5,afternoon,4.18,3,58,0,50.6,21.8,1
medicine,normal,34.51,1,unpaved,clear,3,morning,0.66,2,98,0,64.1,138.7,1
agricultural_supplies,normal,16.83,0,unpaved,rain,4,night,3.36,0,60,0,37.7,87.8,0
documents,normal,6.68,0,paved,clear,1,evening,1.54,4,35,0,25.8,10.3,0
clothing,low,4.08,0,mixed,fog,4,afternoon,1.07,2,24,0,0.0,19.9,0
groceries,normal,7.0,1,unpaved,clear,4,night,4.38,2,80,1,48.8,32.1,0
groceries,normal,15.93,1,paved,clear,1,evening,5.45,0,28,0,34.9,33.4,0
agricultural_supplies,high,7.06,1,paved,clear,5,afternoon,0.53,1,54,0,58.5,21.6,0
electronics,normal,15.48,0,paved,storm,5,afternoon,1.21,2,22,0,24.5,74.9,0
agricultural_supplies,emergency,2.02,0,paved,clear,3,night,0.45,0,22,1,72.2,5.0,0
medicine,high,14.49,0,paved,clear,3,night,1.86,0,32,1,81.5,34.9,0
groceries,normal,2.3,0,paved,fog,3,morning,3.07,0,54,0,30.3,10.7,1
documents,normal,2.4,1,unpaved,clear,2,night,2.33,1,22,0,23.7,18.8,1
clothing,high,4.19,0,paved,fog,3,night,10.82,1,77,0,36.3,13.3,0
agricultural_supplies,emergency,13.49,0,paved,rain,4,evening,2.46,2,22,0,62.3,40.1,0
groceries,emergency,9.5,0,paved,clear,1,night,4.68,1,90,0,54.7,18.9,0
medicine,emergency,37.6,1,mixed,clear,3,afternoon,5.42,2,33,0,100.0,125.5,0
medicine,high,6.0,0,paved,rain,5,morning,0.7,3,31,0,71.4,20.5,0
agricultural_supplies,normal,16.98,1,paved,clear,3,night,10.6,0,62,0,45.5,49.9,0
groceries,low,1.98,1,unpaved,rain,2,evening,6.21,2,39,0,17.4,14.5,0
documents,high,17.41,1,mixed,clear,5,evening,2.3,5,29,0,59.7,62.6,0
groceries,low,23.76,1,paved,clear,5,evening,0.72,1,35,0,18.3,73.3,0
groceries,low,6.92,0,paved,clear,1,afternoon,2.34,1,75,0,5.8,13.6,0
groceries,normal,6.63,0,unpaved,clear,3,morning,1.46,2,95,1,35.1,20.1,1
documents,normal,28.87,0,unpaved,fog,2,morning,5.47,0,36,0,23.9,142.2,1
groceries,high,18.3,1,paved,clear,2,evening,3.21,0,46,1,54.3,42.5,0
documents,normal,1.72,0,paved,fog,1,night,6.99,0,58,0,21.1,6.4,0
electronics,normal,7.75,0,paved,storm,2,night,2.45,1,35,0,22.3,28.0,0
groceries,high,5.96,0,paved,clear,4,afternoon,3.75,1,74,1,53.6,7.5,0
clothing,low,1.65,0,paved,clear,3,afternoon,2.91,2,83,0,0.0,5.0,0
clothing,normal,11.1,1,unpaved,clear,1,afternoon,0.62,1,71,1,37.5,39.7,0
agricultural_supplies,emergency,1.69,1,paved,clear,1,afternoon,0.82,0,91,0,72.3,10.5,0
groceries,high,3.02,0,paved,rain,1,evening,1.18,1,34,0,38.1,8.9,0
agricultural_supplies,normal,1.84,0,paved,clear,4,evening,4.69,0,60,0,33.2,5.0,0
clothing,low,35.87,0,paved,clear,2,night,0.24,3,35,0,0.0,74.5,0
electronics,normal,2.56,1,paved,fog,5,evening,6.85,0,77,0,30.8,19.1,1
agricultural_supplies,normal,4.71,0,mixed,clear,1,night,9.41,1,73,0,38.6,5.1,0
groceries,normal,5.14,0,paved,rain,5,afternoon,1.67,1,75,0,29.2,22.5,0
documents,high,2.4,1,mixed,clear,1,night,1.93,1,96,0,45.8,7.0,0
medicine,normal,6.17,1,unpaved,clear,1,night,7.31,2,70,0,62.3,17.3,0
clothing,normal,13.12,0,mixed,clear,1,night,2.25,3,83,0,15.8,32.1,0
groceries,emergency,1.33,1,unpaved,clear,3,morning,0.5,1,56,0,67.1,6.8,1
electronics,low,5.25,1,mixed,clear,4,evening,3.56,1,37,0,10.5,27.6,0
groceries,low,3.33,0,paved,clear,4,evening,3.35,2,61,0,11.9,7.4,0
agricultural_supplies,low,4.68,1,unpaved,clear,1,night,1.3,0,49,0,24.9,21.6,0
medicine,normal,14.61,0,paved,clear,1,night,0.94,0,49,0,56.3,27.6,0
clothing,low,27.74,0,paved,rain,2,evening,7.71,1,58,0,9.1,73.6,0
groceries,low,10.14,1,mixed,clear,3,night,4.3,2,30,1,22.4,40.7,0
medicine,high,2.66,1,unpaved,storm,1,afternoon,6.53,2,55,0,83.7,14.9,1
medicine,normal,36.16,0,paved,clear,1,evening,1.98,1,31,1,63.4,66.4,0
clothing,emergency,2.67,1,unpaved,clear,1,night,2.69,2,74,0,59.0,17.0,1
groceries,normal,5.23,1,paved,clear,5,morning,4.17,1,33,0,24.3,27.7,0
documents,emergency,4.41,1,paved,storm,4,afternoon,5.53,0,34,0,65.1,24.0,1
groceries,high,10.2,0,mixed,rain,1,afternoon,11.86,1,51,0,38.7,33.0,0
clothing,low,16.23,0,paved,clear,5,afternoon,6.08,0,34,0,1.1,44.2,0
agricultural_supplies,high,5.64,0,paved,clear,2,night,5.28,0,65,0,47.9,15.3,0
electronics,high,11.1,0,mixed,clear,3,night,5.18,4,53,1,43.7,35.5,0
medicine,high,45.57,0,paved,clear,4,afternoon,3.3,2,86,0,63.3,110.6,0
agricultural_supplies,high,8.24,0,paved,clear,4,morning,0.82,0,41,0,47.8,24.4,0
documents,high,4.39,1,paved,fog,1,morning,1.64,5,31,0,44.1,17.4,1
clothing,normal,8.32,0,paved,clear,3,morning,10.8,0,26,0,13.6,23.2,0
documents,normal,16.84,0,paved,clear,4,evening,5.79,0,31,0,27.3,38.4,0
medicine,normal,12.89,0,paved,clear,3,evening,4.62,0,90,0,62.3,32.5,0
agricultural_supplies,normal,16.07,0,unpaved,clear,3,morning,1.75,0,78,0,35.0,66.3,1
groceries,high,7.3,1,mixed,clear,4,morning,0.91,0,68,0,47.6,25.7,0
groceries,emergency,44.13,0,paved,clear,4,evening,2.95,2,98,0,47.0,106.6,0
clothing,low,18.87,1,paved,rain,5,evening,1.31,0,54,0,13.5,76.6,0
documents,low,15.86,0,unpaved,rain,2,afternoon,4.25,1,90,0,15.6,67.7,0
medicine,normal,3.23,1,mixed,clear,4,evening,0.7,0,24,0,65.2,15.8,0
groceries,normal,10.07,1,mixed,clear,5,afternoon,1.97,5,77,1,47.0,40.5,0
clothing,low,5.7,0,paved,rain,4,evening,5.19,3,30,0,8.9,21.3,0
electronics,low,9.7,0,mixed,rain,5,afternoon,7.43,0,65,0,5.9,48.3,0
electronics,normal,1.64,1,paved,clear,2,afternoon,4.55,0,47,0,33.4,17.7,0
electronics,normal,8.29,0,paved,rain,1,night,7.84,0,87,0,20.1,17.9,0
agricultural_supplies,low,12.07,0,mixed,rain,4,evening,5.25,1,65,0,7.7,53.8,0
medicine,high,13.44,1,paved,clear,4,night,3.28,2,75,0,87.9,44.9,0
electronics,normal,18.8,0,paved,clear,1,evening,7.2,2,98,0,6.8,42.4,0
medicine,high,25.32,1,mixed,clear,3,night,6.69,2,26,1,94.4,79.4,1
clothing,normal,77.47,0,paved,clear,4,afternoon,1.71,1,85,0,27.8,189.7,0
groceries,normal,24.67,0,mixed,clear,2,morning,5.38,2,66,0,30.4,63.2,0
agricultural_supplies,emergency,3.72,0,paved,rain,3,afternoon,1.44,2,61,0,58.0,8.1,0
documents,normal,38.35,0,paved,clear,4,morning,3.27,0,21,0,36.1,95.0,0
electronics,normal,14.25,0,paved,fog,1,morning,3.53,1,30,0,14.7,42.0,0
groceries,normal,1.24,1,unpaved,clear,3,evening,2.77,2,67,1,51.1,8.5,1
groceries,low,68.74,1,paved,storm,5,evening,2.27,2,70,0,25.4,344.2,1
groceries,low,2.97,0,mixed,clear,4,afternoon,4.59,1,24,0,9.7,5.0,0
groceries,low,2.71,0,mixed,storm,3,morning,4.53,0,80,0,0.0,12.1,0
electronics,normal,20.71,0,paved,fog,3,night,4.77,0,25,0,23.5,66.8,0
agricultural_supplies,normal,7.21,0,paved,clear,4,morning,0.9,0,58,0,41.8,18.4,0
medicine,normal,3.54,0,paved,rain,5,morning,1.1,2,46,0,58.2,20.9,0
groceries,normal,2.99,1,paved,rain,2,night,15.22,0,55,0,32.6,19.0,0
groceries,normal,18.99,0,paved,clear,3,evening,2.29,3,37,0,24.1,52.0,0
groceries,emergency,3.84,0,mixed,clear,5,night,7.85,2,86,0,49.1,8.5,0
groceries,normal,15.0,1,unpaved,clear,4,evening,11.39,2,27,1,43.6,65.1,1
electronics,normal,18.21,1,paved,rain,2,morning,0.34,3,50,0,32.4,48.4,0
documents,high,7.63,0,paved,rain,1,evening,9.25,0,47,0,45.9,14.3,0
groceries,normal,14.06,0,paved,clear,5,morning,3.73,2,88,1,35.3,41.8,0
agricultural_supplies,high,4.73,1,unpaved,clear,1,night,0.64,2,99,1,70.4,17.3,1
groceries,low,6.62,0,paved,fog,4,morning,3.06,1,94,0,13.9,20.4,1
agricultural_supplies,low,32.94,1,unpaved,fog,1,afternoon,11.04,1,93,0,33.7,153.7,1
electronics,normal,9.65,0,paved,fog,1,morning,7.46,1,46,0,25.3,22.0,0
medicine,high,2.22,0,paved,fog,3,morning,6.48,2,35,0,67.1,5.0,0
agricultural_supplies,high,22.35,0,paved,rain,1,night,4.22,0,20,0,47.7,62.4,0
clothing,low,13.08,1,mixed,clear,4,afternoon,5.59,2,53,0,21.0,42.2,0
agricultural_supplies,normal,2.77,1,paved,clear,3,evening,6.05,1,57,0,45.1,14.6,0
agricultural_supplies,emergency,19.79,0,mixed,rain,5,evening,2.05,1,41,0,62.2,81.3,0
agricultural_supplies,normal,21.73,1,mixed,clear,5,evening,5.01,3,73,0,47.3,84.0,0
electronics,high,1.18,1,unpaved,rain,2,night,1.35,1,32,0,50.8,6.7,0
groceries,high,5.97,0,unpaved,rain,1,night,3.49,2,57,0,36.0,23.6,0
groceries,high,4.43,0,mixed,rain,1,night,6.6,0,40,0,35.9,17.7,0
electronics,emergency,1.24,1,mixed,rain,5,evening,1.12,2,25,0,64.0,13.1,0
groceries,low,7.7,0,paved,rain,1,afternoon,6.08,1,82,0,14.0,22.1,0
medicine,low,16.03,1,paved,clear,1,night,7.18,1,59,0,59.3,46.2,0
clothing,normal,5.79,0,paved,storm,1,morning,5.44,0,61,0,20.0,19.2,0
clothing,low,14.36,1,paved,rain,2,night,5.61,3,33,0,25.1,49.1,0
groceries,high,14.95,0,unpaved,storm,2,evening,4.18,1,55,0,40.8,99.8,1
agricultural_supplies,normal,6.39,0,paved,rain,1,night,0.48,2,34,0,34.5,9.1,0
agricultural_supplies,emergency,11.35,1,mixed,clear,5,morning,3.36,2,47,0,68.2,47.5,0
documents,emergency,20.35,0,paved,fog,2,night,6.45,1,37,0,61.1,63.6,0
electronics,high,13.04,0,paved,rain,1,morning,2.94,1,48,0,41.9,33.6,0
documents,normal,1.91,0,unpaved,clear,2,afternoon,0.97,1,62,1,34.0,12.1,0
documents,normal,6.44,1,unpaved,rain,5,evening,5.74,0,45,0,28.5,50.5,1
medicine,normal,1.74,1,paved,clear,1,night,5.68,2,75,0,63.4,6.8,0
medicine,high,4.55,0,paved,clear,1,morning,2.22,0,79,0,79.6,5.0,0
clothing,normal,4.58,0,paved,fog,4,evening,3.74,1,70,0,21.9,12.0,0
medicine,low,21.24,0,paved,rain,5,evening,4.54,2,29,0,27.2,75.6,0
agricultural_supplies,normal,16.72,1,mixed,clear,4,afternoon,3.01,2,84,1,46.6,54.3,0
clothing,normal,2.14,0,mixed,fog,3,morning,6.08,0,23,0,26.7,7.2,1
agricultural_supplies,normal,46.75,1,paved,rain,4,evening,1.88,0,58,0,45.0,150.0,0
groceries,low,3.64,0,mixed,clear,4,morning,6.24,3,50,0,13.8,11.4,0
documents,normal,10.29,0,mixed,clear,1,night,2.29,1,85,0,31.2,28.8,0
documents,high,22.63,1,unpaved,fog,3,morning,1.02,0,56,0,49.9,127.9,1
electronics,low,45.63,1,unpaved,fog,5,night,1.93,3,85,0,20.5,289.1,1
clothing,high,4.98,0,paved,rain,2,night,8.57,2,33,0,45.3,15.6,0
clothing,high,19.29,1,mixed,rain,1,night,4.02,3,47,0,41.7,66.3,0
agricultural_supplies,low,19.13,0,paved,clear,4,morning,2.6,3,83,1,30.3,49.0,0
electronics,low,9.39,0,unpaved,rain,1,evening,7.23,3,85,1,14.4,40.8,0
groceries,low,7.58,0,paved,clear,2,afternoon,4.63,2,73,0,7.8,21.0,0
groceries,normal,18.12,1,unpaved,clear,2,night,3.19,1,95,0,32.5,70.0,1
agricultural_supplies,normal,28.26,1,unpaved,rain,1,night,6.5,3,38,0,41.4,117.1,0
electronics,low,23.11,0,paved,rain,4,evening,6.91,0,87,0,8.2,75.1,0
groceries,normal,13.41,1,paved,rain,1,afternoon,3.57,0,48,0,35.7,31.8,0
agricultural_supplies,emergency,27.0,0,paved,rain,4,evening,0.75,1,74,0,54.0,84.0,0
agricultural_supplies,high,26.82,1,paved,rain,4,night,3.5,1,33,0,54.1,88.2,0
clothing,normal,13.25,1,unpaved,storm,2,evening,7.3,2,97,0,38.2,96.9,1
groceries,normal,8.44,0,mixed,rain,4,evening,5.2,0,26,0,25.5,39.0,0
clothing,normal,33.71,1,unpaved,clear,1,night,6.82,2,74,1,34.5,115.1,1
medicine,normal,8.29,1,paved,clear,1,evening,3.77,4,82,0,58.9,24.0,0
documents,normal,1.89,1,mixed,fog,4,evening,5.89,0,38,0,37.6,7.3,1
groceries,normal,5.19,1,unpaved,clear,5,evening,2.15,0,52,0,25.0,25.9,1
groceries,high,41.74,1,paved,clear,3,night,1.22,2,22,0,44.3,91.0,0
agricultural_supplies,normal,20.66,0,paved,clear,3,morning,5.5,2,79,0,32.5,38.9,0
medicine,normal,11.11,0,paved,clear,3,evening,3.57,3,62,0,63.6,30.7,0
groceries,normal,14.34,1,paved,rain,1,evening,1.7,0,68,0,22.4,43.3,0
groceries,high,2.32,0,paved,fog,4,night,3.87,0,78,0,40.7,8.9,0
medicine,low,25.2,0,paved,storm,4,evening,4.52,0,97,0,37.8,108.1,1
agricultural_supplies,normal,21.13,1,paved,clear,1,afternoon,2.45,1,86,0,45.2,47.1,0
medicine,high,23.95,0,mixed,storm,3,morning,7.06,0,80,0,74.0,130.4,0
electronics,normal,1.61,1,paved,clear,1,afternoon,11.29,0,20,0,31.1,6.6,0
agricultural_supplies,normal,17.93,0,mixed,storm,3,afternoon,2.57,0,48,1,39.1,101.7,0
agricultural_supplies,normal,24.83,0,paved,clear,1,afternoon,7.84,0,71,0,32.1,41.7,0
documents,high,9.97,0,paved,clear,1,evening,0.13,2,38,0,30.7,18.1,0
groceries,normal,4.78,0,paved,rain,5,evening,5.35,2,90,0,32.1,17.6,0
medicine,high,2.61,1,paved,clear,1,evening,8.24,2,40,0,73.5,18.7,0
groceries,emergency,4.32,1,unpaved,storm,4,morning,5.95,3,47,0,63.8,39.1,1
medicine,low,10.58,1,mixed,rain,4,afternoon,2.19,1,50,0,51.2,50.8,1
electronics,normal,10.83,1,unpaved,rain,5,evening,10.61,1,51,0,31.5,62.2,1
groceries,low,6.31,1,unpaved,rain,1,morning,6.7,1,25,1,24.4,28.4,0
groceries,high,6.88,1,unpaved,fog,5,afternoon,1.8,1,33,1,55.6,48.2,1
electronics,normal,45.32,0,paved,clear,2,evening,4.69,1,27,0,19.9,94.2,0
medicine,high,18.14,0,mixed,clear,3,morning,7.13,1,32,1,68.8,56.0,0
groceries,high,5.18,0,unpaved,clear,5,afternoon,5.34,2,78,0,34.2,19.1,1
medicine,normal,22.97,0,paved,rain,5,morning,2.19,1,49,0,54.5,84.9,0
medicine,emergency,9.27,1,unpaved,rain,1,morning,5.4,1,82,0,99.2,40.4,0
documents,normal,4.97,1,paved,clear,5,morning,2.22,1,53,0,43.9,15.5,0
groceries,normal,4.73,0,paved,clear,2,evening,0.82,1,32,0,27.4,7.2,0
groceries,emergency,7.26,1,unpaved,rain,2,evening,0.49,2,68,0,68.2,37.8,1
medicine,low,27.72,0,paved,clear,5,afternoon,2.13,1,96,0,35.6,71.1,0
clothing,normal,11.06,1,paved,fog,1,morning,3.66,1,99,0,35.4,33.5,1
agricultural_supplies,low,1.21,0,paved,clear,5,morning,1.77,2,23,0,14.6,5.0,0
groceries,normal,3.53,1,paved,clear,3,afternoon,7.59,0,63,0,32.9,18.1,0
groceries,low,4.17,1,unpaved,clear,1,afternoon,2.85,0,68,0,25.0,17.8,1
groceries,high,20.66,0,mixed,rain,1,evening,1.95,5,92,0,35.5,60.5,0
medicine,emergency,6.77,1,unpaved,fog,4,evening,3.43,1,88,0,92.2,46.8,1
groceries,normal,18.34,0,paved,rain,3,night,10.39,3,62,0,24.7,54.9,0
agricultural_supplies,normal,11.32,1,mixed,clear,2,evening,1.27,0,62,0,49.5,34.8,0
clothing,low,25.28,0,paved,clear,2,morning,4.2,1,74,0,6.8,58.9,0
groceries,normal,10.55,0,paved,clear,2,morning,3.68,0,92,0,15.1,21.3,0
groceries,normal,5.49,0,paved,clear,1,morning,0.68,1,25,1,36.5,9.5,0
medicine,normal,2.28,1,mixed,fog,2,evening,3.36,3,79,0,53.6,10.9,1
electronics,normal,6.89,0,unpaved,clear,3,afternoon,1.0,1,55,1,29.1,23.1,0
electronics,normal,5.13,1,paved,clear,4,morning,4.27,0,64,1,40.3,16.0,0
medicine,high,3.23,1,unpaved,clear,4,evening,7.93,2,88,0,85.6,18.3,0
clothing,low,6.11,1,paved,clear,4,afternoon,10.69,0,97,0,10.4,23.4,0
groceries,normal,8.43,1,paved,clear,5,morning,2.79,2,43,0,31.2,28.0,0
groceries,normal,2.86,0,paved,fog,4,morning,7.51,0,42,1,27.3,8.2,1
clothing,high,10.88,1,unpaved,clear,2,morning,1.7,2,31,0,45.2,42.3,1
groceries,low,25.39,0,paved,clear,5,morning,4.14,2,27,0,10.0,76.8,0
agricultural_supplies,normal,45.35,0,paved,clear,3,night,1.33,0,91,0,33.2,103.3,0
groceries,low,3.42,1,mixed,fog,3,afternoon,0.61,3,76,0,11.6,20.1,1
clothing,normal,5.84,0,mixed,clear,4,afternoon,2.82,3,51,0,16.9,16.9,0
groceries,low,13.44,0,paved,storm,3,morning,1.83,0,30,0,0.0,66.8,1
groceries,low,13.71,0,unpaved,clear,5,morning,4.52,1,90,0,3.2,65.9,1
agricultural_supplies,low,3.97,1,paved,clear,3,evening,0.95,1,27,0,22.4,9.5,0
electronics,low,14.86,0,paved,clear,3,evening,3.13,1,98,0,7.3,35.6,0
electronics,high,7.18,1,paved,clear,4,evening,3.86,0,58,0,47.9,20.2,0
electronics,normal,13.7,1,unpaved,clear,3,evening,0.58,0,30,0,28.5,56.4,0
electronics,normal,5.12,1,mixed,clear,1,night,1.73,0,78,0,29.5,19.9,0
agricultural_supplies,normal,1.67,0,paved,rain,3,morning,7.87,1,55,0,46.0,8.7,0
groceries,low,17.14,0,mixed,fog,3,night,2.12,0,99,0,7.0,70.2,0
clothing,high,5.95,1,unpaved,rain,3,night,4.09,1,95,0,51.4,35.7,1
electronics,normal,19.05,0,paved,fog,2,evening,4.7,0,58,1,27.6,54.0,0
groceries,emergency,11.35,0,paved,clear,3,night,0.76,0,75,0,57.8,26.6,0
medicine,normal,2.88,0,paved,clear,5,afternoon,13.09,1,75,0,54.3,8.5,1
medicine,normal,10.07,1,mixed,rain,2,morning,1.65,1,41,0,65.8,39.0,0
agricultural_supplies,normal,26.17,1,mixed,clear,5,evening,2.89,1,75,0,45.4,108.2,0
groceries,normal,11.57,1,mixed,clear,2,evening,3.09,1,53,0,35.7,39.1,0
medicine,normal,12.34,0,paved,clear,1,night,1.13,0,63,0,55.4,21.1,0
groceries,normal,5.47,1,paved,rain,5,night,3.6,1,99,0,40.5,21.6,1
documents,normal,35.45,1,mixed,clear,4,afternoon,1.57,0,81,0,37.9,124.6,0
groceries,normal,12.35,0,paved,rain,1,afternoon,3.84,2,25,0,23.7,22.5,0
medicine,normal,3.28,0,paved,clear,3,night,2.53,0,37,0,51.8,11.8,0
medicine,high,2.9,1,unpaved,rain,4,afternoon,14.6,3,41,0,80.8,18.3,1
clothing,low,33.51,0,paved,rain,2,night,1.19,1,61,0,2.8,87.9,0
groceries,normal,3.27,0,paved,clear,4,afternoon,19.88,0,57,0,21.8,7.1,0
groceries,low,1.22,0,paved,storm,4,afternoon,2.47,0,26,0,10.3,9.4,0
agricultural_supplies,high,12.6,1,paved,clear,3,morning,0.44,0,72,0,54.4,33.9,0
electronics,normal,4.57,0,paved,clear,5,afternoon,1.12,0,99,0,19.8,6.0,0
electronics,high,8.95,1,mixed,clear,3,evening,3.03,2,42,0,36.6,31.6,0
medicine,normal,6.25,1,unpaved,clear,4,night,4.19,6,98,1,72.2,30.3,1
agricultural_supplies,normal,6.77,1,unpaved,clear,1,afternoon,6.61,0,50,0,42.5,24.0,0
electronics,normal,6.95,1,unpaved,clear,4,night,4.56,1,47,0,34.2,37.4,1
medicine,emergency,20.7,0,paved,clear,4,morning,4.05,1,56,0,85.5,54.9,0
groceries,normal,2.27,0,paved,clear,5,night,6.15,0,84,0,17.5,10.6,0
medicine,low,18.14,0,paved,clear,2,evening,4.78,0,42,0,39.6,34.3,0
medicine,high,2.5,1,mixed,fog,1,evening,1.57,3,60,0,77.1,16.0,1
groceries,low,5.63,1,unpaved,clear,2,night,6.09,2,76,0,21.0,21.8,1
electronics,high,1.12,1,unpaved,clear,2,morning,1.9,1,69,0,46.6,16.2,0
electronics,low,6.89,1,paved,clear,1,morning,3.36,1,41,0,16.0,16.7,0
clothing,high,20.05,1,paved,clear,1,morning,8.17,0,47,1,51.6,42.1,0
agricultural_supplies,low,11.7,1,unpaved,rain,3,night,1.85,1,31,0,27.2,67.1,0
agricultural_supplies,normal,29.63,0,unpaved,clear,3,afternoon,6.06,2,29,0,37.4,117.0,0
documents,high,4.1,0,paved,fog,3,morning,2.97,0,72,0,41.4,13.4,0
groceries,normal,1.06,1,paved,fog,3,night,6.47,0,94,0,42.7,6.3,0
groceries,normal,4.92,1,mixed,rain,4,night,2.92,1,87,0,29.3,34.1,0
agricultural_supplies,normal,1.61,0,paved,clear,4,morning,1.58,2,24,0,33.3,11.8,0
medicine,low,4.31,1,unpaved,clear,4,night,0.97,3,26,0,52.2,23.7,1
groceries,normal,13.86,0,paved,rain,5,evening,2.69,2,99,0,21.2,58.6,0
electronics,emergency,3.59,0,paved,clear,1,evening,4.38,2,37,0,49.2,5.2,0
medicine,normal,2.77,0,mixed,clear,4,evening,1.26,0,30,0,48.0,7.2,0
groceries,normal,6.82,0,unpaved,clear,1,night,3.04,2,75,0,19.6,20.3,0
groceries,low,17.73,1,unpaved,clear,2,night,4.98,0,78,0,21.8,66.6,0
groceries,normal,3.34,0,unpaved,clear,4,night,3.3,2,88,0,31.8,7.7,1
agricultural_supplies,normal,11.55,0,paved,clear,1,afternoon,0.14,2,39,0,33.8,18.9,0
documents,emergency,1.18,1,unpaved,clear,4,morning,6.19,0,74,0,68.8,8.3,1
electronics,normal,6.87,0,unpaved,clear,3,night,3.64,0,39,0,16.7,27.0,1
medicine,normal,10.76,1,mixed,clear,5,evening,3.15,0,80,0,63.0,44.3,0
medicine,high,1.8,0,paved,rain,4,evening,1.15,0,47,0,70.4,8.6,0
documents,low,10.93,1,unpaved,fog,5,afternoon,5.13,2,50,0,20.0,72.3,1
medicine,emergency,1.02,1,unpaved,clear,5,morning,0.7,1,70,0,91.4,10.3,1
medicine,low,4.25,1,unpaved,clear,1,night,6.74,1,30,0,51.6,17.4,1
agricultural_supplies,normal,9.95,0,paved,clear,1,night,9.28,1,70,0,30.7,19.3,0
clothing,low,1.36,1,mixed,clear,5,morning,5.0,2,36,0,5.5,16.7,0
groceries,normal,12.7,1,unpaved,storm,4,evening,3.96,1,33,0,34.4,106.1,1
medicine,low,9.53,1,paved,rain,4,afternoon,2.03,0,23,0,50.2,31.8,0
groceries,normal,17.06,0,paved,clear,4,evening,3.79,3,69,1,28.8,45.9,0
electronics,normal,8.74,0,paved,clear,5,evening,2.55,1,46,0,23.4,20.8,0
clothing,high,13.25,0,unpaved,rain,2,evening,3.63,1,73,0,28.3,56.9,0
agricultural_supplies,normal,8.06,1,paved,clear,1,night,3.05,1,67,0,38.9,18.2,0
groceries,normal,1.35,0,mixed,rain,3,evening,5.34,2,81,0,17.4,5.0,0
groceries,normal,1.98,1,paved,clear,4,evening,4.26,0,27,0,31.0,5.2,0
documents,low,12.73,0,paved,rain,5,night,0.6,3,48,0,11.3,38.3,0
electronics,high,3.14,0,paved,rain,3,evening,2.42,3,56,0,27.1,5.0,0
groceries,normal,16.8,0,paved,clear,4,evening,3.89,5,89,0,25.9,46.6,1
medicine,high,9.0,0,mixed,rain,2,night,0.66,0,94,0,73.9,34.9,0
groceries,high,12.96,0,unpaved,clear,4,morning,5.11,1,93,0,40.2,52.2,0
clothing,normal,3.2,1,paved,clear,3,night,4.39,2,46,1,39.2,9.3,0
agricultural_supplies,high,5.31,0,paved,storm,5,morning,2.83,2,33,0,44.4,23.3,0
documents,high,20.51,0,paved,clear,3,morning,2.79,2,54,0,41.3,52.0,0
agricultural_supplies,high,15.71,1,paved,clear,5,evening,4.17,0,61,1,57.7,49.5,0
groceries,high,22.52,0,paved,rain,4,afternoon,3.76,2,38,0,38.9,73.9,0
groceries,high,6.36,0,paved,fog,3,evening,9.6,2,82,0,40.1,25.7,0
groceries,emergency,3.18,0,mixed,rain,5,evening,5.01,1,76,0,50.2,15.8,0
groceries,low,7.87,1,paved,clear,3,morning,3.27,4,22,0,18.0,27.1,0
groceries,low,23.48,0,paved,clear,4,evening,2.64,1,27,1,14.2,53.0,0
electronics,high,1.38,1,paved,clear,4,morning,5.6,0,43,1,49.6,7.3,0
groceries,emergency,15.94,0,unpaved,clear,5,afternoon,4.32,2,21,0,45.4,68.7,1
documents,normal,11.18,0,mixed,storm,4,evening,1.16,0,97,0,26.5,63.3,1
documents,high,2.22,1,paved,clear,2,evening,6.44,3,45,0,52.9,12.1,0
documents,normal,26.61,1,unpaved,rain,5,evening,1.91,4,38,0,31.1,153.1,1
groceries,normal,6.86,1,paved,fog,2,morning,0.37,2,68,0,35.1,20.0,1
clothing,emergency,34.16,0,mixed,clear,2,evening,7.69,1,56,0,43.9,94.5,0
groceries,normal,2.55,1,unpaved,clear,3,evening,3.62,0,80,1,55.4,15.7,0
medicine,emergency,5.08,1,mixed,rain,2,morning,3.37,0,94,1,100.0,23.8,0
medicine,low,12.72,0,paved,clear,1,afternoon,1.42,2,46,0,39.8,24.8,0
groceries,low,8.34,0,paved,clear,5,afternoon,1.26,1,89,0,12.3,15.5,0
documents,high,28.94,0,paved,clear,2,morning,0.68,0,47,0,36.9,54.1,0
agricultural_supplies,normal,6.29,1,unpaved,clear,1,night,2.11,0,53,0,53.2,24.1,0
electronics,normal,1.3,1,unpaved,rain,2,morning,6.56,0,20,0,28.1,10.1,1
medicine,emergency,22.43,1,paved,clear,3,morning,7.88,1,60,0,99.8,55.2,0
agricultural_supplies,normal,5.09,1,mixed,rain,2,morning,1.73,0,88,1,52.1,24.9,0
agricultural_supplies,normal,1.06,1,mixed,rain,4,afternoon,0.8,0,63,0,45.8,8.1,0
groceries,normal,6.36,0,paved,clear,5,night,5.56,1,57,0,18.6,12.1,0
documents,high,4.06,0,unpaved,clear,5,morning,1.21,2,86,0,38.2,14.1,1
groceries,emergency,20.41,0,paved,clear,5,afternoon,1.12,0,88,1,61.2,51.8,0
documents,high,22.05,1,paved,clear,1,night,3.58,0,88,0,51.0,48.4,0
agricultural_supplies,emergency,9.95,1,mixed,clear,4,night,5.85,2,72,0,80.8,39.4,0
medicine,high,11.17,0,paved,clear,5,night,2.14,1,92,0,71.7,30.4,0
groceries,normal,1.03,1,mixed,fog,2,morning,3.23,2,25,0,31.9,6.2,0
agricultural_supplies,normal,27.21,0,paved,clear,3,afternoon,5.64,2,70,0,29.9,63.7,0
agricultural_supplies,normal,1.8,0,paved,rain,2,afternoon,0.92,1,33,0,30.6,10.9,0
agricultural_supplies,high,14.33,0,paved,clear,5,evening,8.51,2,56,0,51.2,37.8,0
clothing,low,3.02,0,paved,clear,5,afternoon,1.32,1,90,0,5.7,6.6,0
agricultural_supplies,normal,4.05,1,paved,clear,4,morning,8.23,0,75,0,41.2,16.5,0
electronics,low,12.47,0,paved,clear,5,night,2.34,3,24,0,0.0,36.3,0
groceries,low,36.87,0,mixed,clear,1,afternoon,1.02,3,57,0,16.8,92.0,0
clothing,high,29.76,1,mixed,rain,2,night,1.2,0,36,0,37.9,112.5,0
groceries,high,2.89,0,paved,fog,4,morning,1.84,2,85,0,36.6,9.4,0
groceries,normal,1.71,0,mixed,rain,2,afternoon,1.6,1,46,0,23.7,5.0,0
groceries,normal,9.72,0,paved,rain,3,afternoon,1.11,4,36,0,23.4,24.5,0
groceries,normal,1.6,0,mixed,fog,5,afternoon,3.99,1,59,0,16.3,11.8,1
groceries,high,7.38,0,paved,clear,3,evening,3.51,0,26,0,46.5,18.5,0
groceries,low,1.01,0,paved,clear,1,morning,5.41,0,31,0,20.0,5.0,0
electronics,emergency,4.58,0,mixed,clear,1,morning,2.85,0,21,0,55.0,16.0,0
documents,low,7.0,0,paved,clear,1,morning,3.69,1,90,0,14.1,13.5,0
medicine,emergency,10.92,0,paved,rain,3,evening,2.35,3,69,0,80.8,29.6,0
electronics,high,42.58,1,paved,storm,2,afternoon,6.79,2,21,0,46.5,162.7,0
agricultural_supplies,emergency,6.5,1,mixed,clear,5,evening,0.97,0,43,0,68.0,33.5,0
medicine,normal,1.61,0,paved,clear,3,night,3.08,2,72,0,51.4,5.0,0
groceries,normal,1.69,0,paved,rain,3,morning,6.75,0,91,1,26.9,7.6,0
medicine,low,27.35,0,paved,rain,3,night,4.41,1,77,0,35.9,84.7,0
documents,low,23.36,1,paved,clear,4,afternoon,1.29,2,79,0,26.8,71.1,0
agricultural_supplies,emergency,2.59,1,unpaved,clear,1,afternoon,3.62,1,94,0,74.1,25.0,1
groceries,high,3.89,0,paved,fog,4,night,1.84,0,85,0,39.8,18.7,1
groceries,normal,10.4,0,paved,rain,3,afternoon,3.05,0,82,0,20.9,22.6,0
medicine,high,21.02,0,paved,clear,5,morning,4.71,0,43,0,65.3,59.1,0
groceries,normal,39.13,1,mixed,clear,4,morning,1.05,1,51,0,27.2,130.3,0
groceries,normal,8.5,0,paved,clear,4,morning,7.3,1,47,0,27.3,23.8,0
groceries,low,8.7,1,mixed,clear,3,afternoon,5.6,1,21,0,16.4,34.2,0
agricultural_supplies,low,9.12,0,paved,clear,2,evening,3.69,3,90,0,25.8,23.5,0
groceries,low,7.08,0,mixed,clear,2,night,4.53,2,73,0,7.7,26.6,0
agricultural_supplies,normal,9.84,0,paved,clear,3,afternoon,4.71,0,47,0,26.4,27.7,0
medicine,low,20.48,1,unpaved,clear,5,evening,0.92,0,97,0,53.7,105.6,1
agricultural_supplies,high,12.16,1,unpaved,clear,5,morning,10.55,0,83,0,61.8,59.7,1
clothing,low,30.52,0,paved,clear,2,evening,4.87,0,71,0,1.0,68.5,0
electronics,normal,6.22,0,paved,clear,3,afternoon,5.42,1,30,0,30.1,9.7,0
groceries,normal,31.48,0,paved,clear,4,night,2.61,2,60,0,23.1,75.8,0
clothing,high,9.87,1,mixed,rain,5,evening,3.95,1,59,0,37.8,47.1,0
medicine,emergency,3.08,0,paved,clear,2,afternoon,6.25,0,74,0,94.8,14.0,0
groceries,normal,14.18,0,paved,rain,4,morning,1.04,0,91,0,22.7,47.0,0
groceries,low,21.07,0,paved,clear,2,evening,2.48,1,53,0,2.3,46.4,0
electronics,high,6.53,0,mixed,clear,3,evening,5.54,1,92,0,41.1,23.7,0
documents,normal,5.86,0,mixed,clear,3,afternoon,14.28,0,70,0,30.4,13.6,0
agricultural_supplies,normal,2.33,0,unpaved,clear,3,evening,2.67,1,27,0,38.3,15.0,0
documents,normal,1.51,0,paved,clear,4,morning,3.3,1,64,0,32.6,7.4,0
medicine,low,35.46,0,paved,clear,2,morning,4.92,1,93,0,41.3,79.6,0
clothing,low,4.64,0,paved,rain,1,night,1.07,1,34,0,0.0,11.4,0
agricultural_supplies,low,26.42,0,paved,rain,3,night,7.08,0,49,0,19.3,76.2,0
electronics,normal,15.23,1,unpaved,clear,2,evening,5.56,1,60,0,31.0,53.5,1
medicine,low,25.61,0,paved,rain,4,afternoon,5.58,0,41,0,43.2,79.2,0
electronics,normal,1.48,1,paved,clear,4,night,2.55,0,60,0,32.2,11.0,0
agricultural_supplies,normal,8.4,0,paved,fog,4,morning,2.23,2,30,0,34.8,20.2,1
groceries,normal,2.54,0,paved,clear,4,morning,2.76,1,51,1,32.8,5.0,0
groceries,normal,10.74,0,paved,clear,1,night,3.11,0,56,0,24.4,16.5,0
groceries,high,4.66,1,paved,clear,4,night,5.73,2,68,0,45.3,14.0,0
medicine,low,51.26,0,paved,clear,3,afternoon,4.72,2,26,0,34.9,123.6,0
medicine,low,19.03,0,paved,clear,2,night,8.49,3,95,0,41.3,43.5,0
agricultural_supplies,normal,14.53,0,paved,rain,3,evening,3.07,0,76,0,37.4,41.5,0
documents,low,11.87,0,paved,rain,4,night,4.4,1,36,1,24.5,36.7,0
groceries,low,24.34,1,paved,rain,1,night,0.85,0,63,0,22.8,63.6,0
medicine,normal,2.99,1,paved,clear,2,evening,3.03,2,21,0,65.2,9.0,0
documents,low,21.52,0,mixed,clear,4,night,0.15,0,64,0,11.6,73.7,0
medicine,normal,70.89,0,paved,rain,3,afternoon,6.11,1,23,0,54.9,208.1,0
groceries,low,5.48,1,paved,clear,4,morning,4.75,2,98,1,26.9,20.1,1
agricultural_supplies,low,4.11,1,paved,clear,3,afternoon,4.67,0,98,0,30.1,19.6,0
medicine,low,5.55,0,paved,clear,1,evening,2.85,0,84,0,40.7,13.5,0
groceries,high,48.77,1,paved,rain,1,night,5.79,2,93,0,39.4,124.6,0
agricultural_supplies,normal,13.99,1,paved,fog,5,afternoon,2.03,1,51,0,44.2,58.8,1
clothing,normal,38.51,1,mixed,clear,1,afternoon,1.27,1,82,0,27.5,94.8,0
documents,low,2.82,1,unpaved,clear,3,afternoon,2.35,2,33,1,22.0,20.1,1
groceries,normal,14.88,1,unpaved,clear,1,morning,4.15,1,34,0,22.6,55.5,0
medicine,low,29.78,1,unpaved,clear,3,night,1.76,2,71,0,48.2,119.8,1
groceries,high,25.41,0,paved,rain,1,evening,4.97,1,30,0,37.5,58.3,0
agricultural_supplies,high,7.66,0,paved,clear,4,evening,5.39,1,74,0,50.9,17.6,0
documents,high,20.21,0,paved,clear,1,morning,8.87,1,56,0,44.2,39.7,0
documents,low,4.81,0,paved,rain,3,morning,7.1,0,85,1,24.9,9.7,0
agricultural_supplies,low,18.63,1,unpaved,clear,3,evening,4.15,3,24,0,26.1,82.8,1
electronics,normal,11.91,1,unpaved,clear,2,morning,1.53,3,69,0,24.1,57.0,1
documents,normal,1.65,1,mixed,rain,4,afternoon,3.83,3,28,0,35.4,5.0,1
documents,high,12.31,1,mixed,rain,5,afternoon,12.41,2,92,0,55.7,63.3,0
agricultural_supplies,low,14.07,1,paved,fog,3,evening,1.75,1,34,0,30.0,53.4,1
clothing,normal,14.39,0,paved,clear,5,evening,2.4,2,95,0,26.2,42.6,0
agricultural_supplies,low,17.72,0,paved,rain,4,night,5.8,0,91,0,9.7,50.3,0
groceries,low,10.93,1,mixed,clear,3,evening,2.43,1,27,0,16.2,40.7,0
medicine,emergency,2.58,1,unpaved,clear,5,afternoon,3.57,0,34,1,98.4,16.8,1
electronics,emergency,1.18,1,paved,clear,1,morning,4.0,0,62,0,66.4,10.7,0
documents,high,4.3,1,paved,rain,3,afternoon,5.26,2,22,0,48.0,24.6,0
medicine,normal,16.42,0,paved,rain,4,night,2.22,0,70,0,49.9,48.6,0
documents,normal,10.36,0,mixed,clear,2,night,3.53,1,39,0,24.9,29.7,0
medicine,high,14.16,1,mixed,rain,2,night,6.94,1,30,0,69.8,52.1,0
documents,normal,9.78,0,mixed,clear,5,morning,4.81,2,84,0,27.0,34.5,0
groceries,low,23.69,1,unpaved,clear,3,night,2.42,3,81,1,32.8,97.7,1
electronics,normal,2.75,1,unpaved,fog,1,evening,2.84,0,55,1,40.4,21.5,1
documents,low,13.64,0,paved,clear,5,evening,5.22,0,43,0,13.8,30.5,0
agricultural_supplies,high,5.23,0,paved,storm,1,night,2.29,0,35,1,55.2,18.4,0
groceries,emergency,3.49,0,paved,fog,5,morning,2.07,2,43,0,53.6,12.7,0
electronics,normal,1.56,1,unpaved,clear,2,night,0.91,1,31,0,35.5,12.7,0
groceries,high,11.45,0,paved,rain,3,evening,8.88,1,70,1,47.6,32.5,0
groceries,low,3.02,1,unpaved,clear,3,night,0.91,2,66,0,21.0,17.1,1
documents,low,10.64,0,paved,clear,4,afternoon,0.82,1,99,0,16.2,22.0,0
medicine,high,12.18,0,mixed,clear,1,night,3.84,3,81,1,78.3,28.5,0
groceries,emergency,4.67,0,unpaved,clear,3,night,9.26,1,85,0,60.4,20.4,0
agricultural_supplies,normal,1.94,0,mixed,clear,3,evening,5.3,1,45,1,40.7,12.9,0
electronics,emergency,27.56,0,paved,clear,2,evening,4.77,0,30,1,57.8,49.0,0
groceries,low,22.93,0,paved,rain,5,night,6.64,1,49,0,13.2,83.3,0
medicine,low,10.81,0,paved,clear,4,evening,2.7,0,41,0,42.2,31.9,0
electronics,normal,22.3,1,unpaved,clear,5,afternoon,2.1,4,38,1,39.9,103.1,1
groceries,high,10.34,1,paved,rain,1,afternoon,2.65,2,57,0,54.9,26.4,0
documents,normal,18.15,1,mixed,fog,3,afternoon,4.34,0,65,0,30.0,77.5,0
medicine,normal,20.59,0,paved,rain,5,morning,8.99,0,34,0,55.0,67.1,0
electronics,low,10.16,1,unpaved,storm,5,afternoon,1.33,1,96,0,23.2,85.2,1
clothing,emergency,16.95,1,mixed,rain,2,evening,2.96,0,75,0,61.4,59.0,0
agricultural_supplies,high,16.99,1,unpaved,clear,2,evening,3.87,2,53,1,71.8,72.4,1
medicine,high,3.53,0,paved,clear,4,evening,6.97,0,38,1,73.0,11.1,0
electronics,low,2.19,0,paved,rain,3,afternoon,1.43,0,49,0,0.0,5.0,0
electronics,high,35.96,1,mixed,clear,4,morning,2.63,0,70,0,45.7,131.1,0
electronics,normal,17.81,0,paved,rain,4,afternoon,4.58,0,60,0,13.7,61.1,0
electronics,high,8.79,1,paved,fog,1,evening,13.12,1,24,0,49.8,22.8,0
agricultural_supplies,low,47.94,0,mixed,rain,2,night,3.78,0,37,0,20.2,166.4,0
electronics,normal,5.42,0,paved,clear,1,night,7.35,0,30,0,21.4,6.8,0
electronics,low,25.13,0,paved,rain,5,afternoon,2.53,3,23,0,4.0,82.5,0
groceries,normal,1.74,0,paved,clear,5,night,1.89,1,85,0,19.4,5.0,0
agricultural_supplies,low,6.33,0,paved,clear,1,evening,4.51,2,40,0,18.9,12.5,0
clothing,low,10.57,0,paved,clear,5,evening,2.9,2,81,0,5.7,22.8,0
electronics,low,59.5,0,mixed,clear,1,evening,7.0,0,33,0,9.2,141.2,0
agricultural_supplies,low,1.4,0,mixed,clear,3,afternoon,3.34,1,21,0,14.7,6.3,0
electronics,high,14.08,0,paved,clear,4,night,3.8,1,34,0,37.0,31.7,0
agricultural_supplies,low,9.8,1,paved,clear,1,afternoon,2.59,0,72,1,44.3,30.4,0
documents,low,13.14,1,mixed,clear,1,evening,3.59,3,67,0,22.7,42.2,0
electronics,high,8.88,0,unpaved,rain,4,night,4.31,1,49,0,31.6,53.2,1
medicine,normal,16.04,0,paved,clear,2,night,0.45,0,80,0,48.1,25.5,0
medicine,low,4.58,0,paved,clear,2,morning,2.05,3,95,0,44.3,5.0,0
groceries,high,2.11,1,mixed,clear,3,evening,2.15,0,91,0,51.8,10.2,0
electronics,normal,2.14,1,paved,clear,5,evening,4.33,3,92,0,22.3,13.2,1
medicine,normal,29.03,1,mixed,fog,5,afternoon,6.16,1,41,1,79.7,147.2,1
groceries,normal,22.39,1,mixed,clear,2,night,4.65,0,61,0,33.1,72.8,0
medicine,normal,8.86,0,mixed,rain,2,night,3.13,2,39,1,57.7,34.5,0
groceries,normal,9.14,1,mixed,clear,1,afternoon,1.13,0,25,0,33.9,30.2,0
documents,normal,4.86,0,paved,clear,2,morning,3.1,0,49,0,22.6,16.9,0
clothing,normal,11.41,0,paved,clear,4,afternoon,3.03,3,60,0,18.7,27.1,0
agricultural_supplies,high,6.93,0,paved,clear,4,evening,8.04,0,26,1,55.4,22.1,0
electronics,normal,13.63,1,mixed,clear,1,afternoon,4.85,0,29,0,29.4,37.2,0
documents,normal,9.93,1,mixed,rain,3,evening,7.38,0,87,0,39.8,40.9,0
groceries,emergency,3.54,0,paved,clear,4,afternoon,1.57,0,64,0,61.7,5.0,0
clothing,normal,4.44,1,paved,rain,3,evening,2.37,0,39,0,30.1,23.1,0
clothing,normal,2.23,1,mixed,rain,3,night,0.66,1,30,0,27.3,13.6,0
groceries,normal,13.58,1,unpaved,rain,4,afternoon,3.66,0,35,1,32.7,73.6,1
electronics,low,16.63,0,paved,rain,1,afternoon,14.28,2,82,0,2.1,46.3,0
electronics,high,6.72,1,unpaved,clear,4,morning,3.98,1,38,0,50.3,35.8,1
clothing,normal,10.24,0,paved,clear,3,afternoon,4.62,0,30,0,16.8,20.9,0
groceries,high,7.27,0,paved,rain,1,afternoon,1.91,2,83,0,45.9,22.9,0
clothing,high,14.58,1,mixed,clear,1,evening,1.98,0,20,0,50.7,41.7,0
groceries,emergency,6.96,0,paved,clear,1,morning,6.18,0,78,1,63.1,9.5,0
electronics,high,1.73,1,unpaved,clear,4,afternoon,6.35,3,31,0,47.0,15.2,1
clothing,high,6.42,0,paved,rain,1,afternoon,1.21,0,71,0,31.0,21.9,0
groceries,emergency,3.45,0,paved,rain,1,night,6.58,1,40,0,52.3,10.2,0
groceries,low,2.01,0,mixed,clear,5,night,1.71,2,96,0,0.8,6.5,0
agricultural_supplies,high,12.22,1,paved,clear,4,afternoon,2.0,3,44,0,59.4,35.7,0
agricultural_supplies,normal,47.18,0,mixed,clear,5,night,8.54,3,62,1,34.5,172.3,0
groceries,normal,7.86,0,paved,clear,3,night,8.24,1,81,0,24.1,21.7,0
documents,normal,1.99,1,paved,storm,3,evening,4.45,2,29,0,38.0,7.4,0
groceries,high,4.95,1,unpaved,clear,5,morning,0.78,1,26,0,45.7,27.8,0
medicine,high,14.46,1,mixed,clear,3,morning,2.01,0,97,0,85.9,50.0,0
groceries,low,3.04,1,mixed,clear,2,morning,3.71,0,96,0,21.4,13.0,0
medicine,high,18.85,0,unpaved,rain,4,evening,11.06,3,47,0,71.0,92.8,1
groceries,high,41.04,0,mixed,clear,5,evening,4.64,0,20,0,34.8,155.2,0
agricultural_supplies,normal,4.74,1,unpaved,clear,4,afternoon,1.37,2,53,0,52.6,25.4,1
groceries,normal,5.06,0,mixed,clear,5,night,0.82,0,63,0,21.1,20.3,0
agricultural_supplies,emergency,1.93,0,mixed,storm,2,evening,4.9,2,41,0,60.5,6.1,0
groceries,low,30.48,1,paved,clear,5,evening,0.91,4,77,0,16.5,86.9,0
electronics,normal,12.35,0,paved,clear,3,night,0.41,2,23,0,24.1,20.6,0
groceries,normal,2.08,1,unpaved,clear,3,night,9.13,2,63,0,35.1,5.7,0
agricultural_supplies,normal,2.08,0,paved,clear,5,evening,1.73,2,73,0,31.8,5.0,0
groceries,high,4.06,0,paved,clear,1,night,1.65,1,21,0,42.8,5.0,0
documents,normal,2.98,0,paved,clear,1,night,7.55,1,42,0,24.8,5.0,0
groceries,normal,12.04,0,paved,clear,5,morning,6.6,0,34,0,29.4,30.0,0
agricultural_supplies,low,5.07,1,mixed,clear,1,morning,2.28,0,99,1,35.2,10.7,0
medicine,low,10.99,1,mixed,clear,3,afternoon,7.01,2,41,1,61.0,40.8,0
electronics,high,3.96,0,unpaved,clear,2,afternoon,2.86,0,49,1,37.8,5.0,1
agricultural_supplies,normal,11.79,1,mixed,storm,5,afternoon,6.49,0,94,0,40.6,84.7,1
groceries,high,7.19,1,mixed,storm,1,evening,7.41,0,38,1,52.4,41.2,0
medicine,normal,9.41,1,paved,clear,1,night,5.9,3,35,0,61.9,30.6,0
medicine,normal,14.41,0,paved,clear,2,evening,2.32,1,79,0,51.0,33.9,0
medicine,normal,5.81,0,paved,fog,5,morning,1.91,2,98,0,48.9,18.9,1
electronics,low,4.47,0,paved,rain,2,morning,3.25,0,23,0,12.4,7.1,0
groceries,emergency,24.82,0,paved,clear,3,evening,1.82,1,89,0,46.2,58.6,0
agricultural_supplies,normal,9.96,0,unpaved,fog,3,evening,4.19,1,42,0,28.5,53.0,1
electronics,normal,17.07,1,paved,clear,4,afternoon,4.62,2,93,0,31.7,47.7,0
groceries,low,20.01,1,unpaved,fog,4,night,4.03,1,46,0,21.5,119.4,1
documents,normal,1.62,0,paved,storm,2,morning,0.87,1,76,0,29.9,6.9,0
groceries,low,2.26,0,mixed,clear,1,night,5.24,0,28,0,14.5,10.5,0
medicine,normal,5.41,1,unpaved,rain,3,afternoon,2.57,1,52,1,77.9,26.3,1
agricultural_supplies,low,4.5,1,paved,clear,4,night,2.63,0,77,1,33.5,21.2,0
electronics,high,15.46,1,unpaved,clear,3,night,4.11,5,53,1,51.1,72.2,1
clothing,low,23.93,0,paved,clear,3,evening,1.51,3,60,0,7.5,53.8,1
groceries,low,3.08,1,unpaved,clear,4,morning,4.27,1,74,1,32.1,7.2,1
medicine,high,6.97,1,paved,clear,2,evening,2.64,0,35,0,79.9,22.1,0
agricultural_supplies,normal,20.7,0,paved,clear,2,afternoon,7.04,0,32,0,38.9,46.3,0
documents,normal,3.33,1,unpaved,rain,4,night,2.94,1,37,0,44.6,26.2,0
agricultural_supplies,low,15.07,0,unpaved,clear,2,evening,3.92,1,79,0,16.2,52.4,1
groceries,low,3.41,1,mixed,clear,1,night,3.61,0,32,0,26.1,17.6,0
medicine,low,11.64,0,paved,clear,2,night,2.9,0,63,0,35.6,21.3,0
groceries,high,22.08,0,paved,storm,5,afternoon,2.77,1,62,1,47.0,112.1,1
groceries,normal,12.31,1,unpaved,clear,1,evening,1.52,0,72,0,31.3,42.9,1
documents,normal,8.34,1,paved,clear,1,evening,4.8,0,40,0,35.7,13.1,0
electronics,normal,17.44,1,mixed,clear,4,evening,3.21,0,55,0,33.1,65.5,0
medicine,high,5.6,1,mixed,clear,1,afternoon,3.56,1,50,0,79.2,16.3,0
agricultural_supplies,normal,8.46,0,paved,clear,2,morning,4.11,0,99,0,32.8,12.8,0
medicine,normal,7.19,0,paved,clear,5,morning,6.46,1,70,0,52.1,20.8,0
agricultural_supplies,high,7.1,0,paved,clear,2,morning,2.29,1,64,1,48.4,17.2,0
clothing,low,12.05,1,mixed,fog,4,evening,7.1,1,97,0,18.3,64.9,1
groceries,normal,1.09,0,paved,clear,4,morning,5.82,2,36,0,20.0,5.0,0
medicine,normal,23.01,1,unpaved,rain,3,night,2.26,0,77,0,54.5,119.4,1
groceries,normal,10.53,0,paved,clear,3,afternoon,6.43,1,72,0,15.2,27.6,0
medicine,high,5.14,1,mixed,clear,5,morning,5.42,2,66,0,81.1,24.3,0
medicine,low,10.13,0,paved,fog,5,night,11.98,1,57,1,42.5,32.6,1
medicine,low,20.48,1,paved,rain,5,evening,3.29,3,59,0,48.0,71.7,0
clothing,low,11.96,1,unpaved,clear,3,morning,2.23,2,59,0,25.4,50.0,1
electronics,emergency,10.43,1,mixed,clear,3,evening,2.41,3,83,0,57.4,35.1,0
medicine,high,5.25,1,paved,clear,3,evening,3.95,2,82,0,76.4,26.0,0
agricultural_supplies,normal,6.31,1,unpaved,rain,2,evening,4.29,1,58,0,34.2,38.0,1
clothing,low,9.2,1,mixed,rain,5,night,7.9,1,95,0,11.3,45.2,0
groceries,high,12.68,1,unpaved,clear,1,afternoon,1.03,1,81,0,41.3,44.0,0
electronics,low,29.63,0,paved,clear,2,evening,2.78,1,28,1,15.3,65.2,0
clothing,high,22.52,0,paved,clear,2,afternoon,3.5,3,76,1,42.4,44.4,0
electronics,low,39.58,0,paved,fog,1,night,7.51,1,55,0,9.0,105.4,0
agricultural_supplies,normal,37.46,0,paved,rain,1,night,1.72,1,32,0,27.7,87.9,0
clothing,emergency,17.23,0,unpaved,clear,5,evening,1.57,0,24,0,53.4,77.5,1
electronics,high,32.74,0,unpaved,clear,2,morning,1.58,0,91,0,35.5,114.9,0
agricultural_supplies,low,4.66,0,paved,clear,4,evening,0.28,0,38,0,15.8,16.4,0
groceries,normal,23.33,0,paved,rain,3,morning,1.13,0,43,0,30.4,73.5,0
electronics,high,18.26,0,paved,rain,2,afternoon,6.68,3,75,0,42.3,52.7,0
documents,normal,3.3,0,paved,rain,3,night,1.98,1,74,1,37.5,7.5,0
documents,low,39.89,0,paved,storm,5,evening,6.77,0,40,0,2.7,198.4,1
groceries,normal,1.48,0,paved,rain,3,afternoon,3.34,1,98,0,20.0,5.0,0
groceries,normal,8.56,0,paved,clear,1,evening,7.47,0,47,0,17.8,18.8,0
groceries,high,3.99,1,unpaved,clear,2,morning,7.43,1,29,0,50.7,24.5,0
electronics,low,23.5,0,paved,clear,4,evening,5.76,0,51,0,1.4,56.2,0
groceries,low,1.82,0,unpaved,clear,1,morning,5.82,0,56,1,20.1,9.2,0
medicine,low,8.0,0,paved,fog,3,night,1.58,2,23,0,33.4,29.4,0
groceries,emergency,16.87,1,unpaved,rain,1,night,0.96,1,89,0,71.5,71.7,1
agricultural_supplies,high,7.47,0,mixed,clear,5,morning,2.06,1,45,0,48.7,35.1,0
documents,low,31.92,0,paved,fog,3,evening,4.22,1,21,0,4.0,100.6,0
documents,high,10.18,0,paved,clear,5,morning,0.52,0,64,0,36.9,32.7,0
clothing,normal,19.55,0,mixed,fog,1,night,3.27,1,75,0,13.3,63.2,0
groceries,normal,43.68,0,paved,rain,3,morning,3.7,1,34,0,24.1,121.0,0
electronics,low,7.83,0,paved,clear,1,afternoon,2.93,0,22,0,12.7,9.6,0
medicine,emergency,21.36,1,paved,storm,5,morning,4.38,1,21,0,93.0,109.2,1
electronics,normal,2.78,0,paved,rain,2,evening,0.17,3,74,1,34.6,9.3,0
medicine,normal,5.27,0,unpaved,clear,5,evening,2.69,0,59,1,61.5,25.4,1
documents,normal,13.44,1,mixed,storm,4,afternoon,3.11,3,79,0,31.6,91.6,1
clothing,normal,7.87,0,paved,rain,2,night,3.55,1,88,0,19.3,21.8,0
agricultural_supplies,emergency,14.64,1,unpaved,clear,5,night,0.95,1,80,0,65.5,75.0,1
medicine,low,10.13,1,paved,clear,4,morning,2.17,4,91,0,53.5,32.3,1
agricultural_supplies,normal,13.04,0,paved,clear,2,afternoon,5.87,0,58,0,39.9,29.8,0
electronics,low,36.24,0,paved,clear,1,afternoon,2.11,2,74,0,5.6,73.3,0
clothing,low,18.8,0,paved,rain,4,afternoon,0.34,0,91,0,0.0,61.6,0
documents,normal,1.5,0,paved,clear,1,morning,5.08,2,68,0,26.9,5.0,0
agricultural_supplies,high,7.53,0,paved,clear,2,morning,6.04,2,25,0,54.5,22.8,0
electronics,normal,2.04,1,paved,clear,1,morning,0.87,3,30,0,29.6,15.0,0
medicine,normal,31.79,0,mixed,rain,3,morning,6.77,1,81,0,51.0,117.6,0
medicine,high,2.0,0,paved,fog,5,morning,8.95,1,27,1,82.0,8.4,0
documents,normal,25.95,1,mixed,clear,4,morning,1.95,2,21,0,37.0,92.2,0
groceries,normal,8.86,1,paved,clear,1,afternoon,1.74,0,99,0,33.5,14.1,0
clothing,low,7.54,1,mixed,rain,3,night,1.7,2,35,0,15.1,31.8,0
groceries,normal,28.41,1,paved,clear,4,night,9.55,1,41,1,38.3,86.7,0
medicine,emergency,3.42,1,unpaved,clear,1,afternoon,1.11,1,90,0,95.9,12.9,0
groceries,normal,4.9,0,paved,clear,2,afternoon,3.58,1,99,0,15.9,11.0,0
electronics,normal,12.63,1,paved,clear,3,evening,0.41,1,89,0,28.9,28.5,0
groceries,high,5.68,1,paved,clear,2,evening,0.31,1,92,0,58.4,20.4,0
medicine,normal,18.59,1,paved,clear,2,evening,3.11,0,64,0,69.9,41.9,0
medicine,normal,2.01,1,paved,clear,4,night,3.85,0,92,0,63.1,19.8,0
documents,normal,4.71,0,mixed,rain,1,evening,2.31,3,41,0,26.9,11.7,0
groceries,normal,19.7,0,paved,rain,3,night,2.61,2,91,0,23.4,57.3,0
medicine,high,3.26,1,mixed,storm,3,night,1.27,1,52,0,72.9,27.5,0
groceries,normal,10.57,0,paved,clear,2,morning,4.83,1,37,1,36.4,19.4,0
documents,low,17.84,0,paved,clear,1,afternoon,2.88,0,45,0,0.0,32.5,0
agricultural_supplies,normal,13.8,1,mixed,storm,5,morning,4.08,1,43,0,42.8,92.5,1
clothing,normal,14.24,0,paved,fog,3,night,9.04,1,71,0,21.3,43.6,0
medicine,high,18.8,0,paved,clear,4,evening,5.45,3,86,0,74.5,48.5,0
agricultural_supplies,low,4.92,1,paved,clear,2,afternoon,1.33,0,37,0,30.9,15.3,0
clothing,high,3.6,1,unpaved,clear,3,afternoon,0.74,1,36,0,42.0,17.8,1
medicine,normal,14.55,1,paved,clear,5,evening,10.96,4,75,0,60.3,45.8,0
clothing,low,54.94,0,paved,rain,3,afternoon,2.44,1,92,0,8.6,165.3,0
medicine,high,1.27,0,paved,clear,2,morning,0.47,1,95,0,70.3,5.0,0
clothing,high,4.51,0,paved,clear,1,night,1.74,1,20,1,36.6,11.4,0
electronics,high,12.3,0,mixed,rain,1,morning,4.73,3,96,1,45.9,29.0,0
agricultural_supplies,normal,28.13,1,unpaved,clear,1,afternoon,1.74,2,78,0,52.9,92.2,1
clothing,high,28.66,0,mixed,clear,3,night,4.14,2,60,1,46.3,85.8,0
medicine,normal,3.98,0,paved,clear,1,afternoon,6.06,4,41,0,62.7,5.3,0
agricultural_supplies,high,1.08,0,paved,fog,1,afternoon,3.69,1,37,0,46.3,5.0,0
medicine,normal,60.92,1,paved,fog,3,night,0.93,1,51,1,76.1,195.7,1
groceries,normal,31.29,1,unpaved,clear,1,evening,5.23,0,95,0,30.5,102.9,1
groceries,normal,6.24,0,paved,rain,1,evening,3.52,0,44,0,21.7,15.8,0
medicine,emergency,1.66,0,unpaved,rain,4,afternoon,7.96,0,76,0,92.7,12.3,0
documents,low,1.06,1,unpaved,clear,5,afternoon,11.48,2,29,0,27.3,7.8,1
groceries,normal,5.91,0,paved,clear,4,night,1.33,0,25,0,24.4,17.8,0
medicine,low,6.32,1,unpaved,clear,3,afternoon,1.6,1,35,0,54.0,28.8,1
electronics,normal,4.29,0,mixed,clear,3,night,2.32,1,57,0,19.5,12.3,0
clothing,normal,3.05,1,paved,clear,1,morning,3.13,1,74,0,35.1,5.0,0
agricultural_supplies,high,2.83,0,mixed,clear,3,night,1.05,0,33,0,41.4,6.1,0
medicine,normal,3.77,0,paved,clear,2,evening,3.46,0,60,0,59.5,5.0,0
medicine,high,2.0,0,mixed,clear,5,evening,2.12,1,66,0,75.6,5.0,0
groceries,emergency,22.85,0,paved,storm,1,afternoon,3.98,0,22,0,50.5,77.8,0
groceries,emergency,9.91,1,unpaved,clear,5,afternoon,2.18,2,72,1,70.6,54.0,0
groceries,emergency,11.51,1,paved,storm,4,morning,2.18,1,92,0,57.8,55.8,1
clothing,low,1.94,0,mixed,rain,1,afternoon,2.75,0,56,0,8.1,5.0,0
groceries,low,4.63,0,paved,clear,3,afternoon,5.69,1,44,0,5.0,14.2,0
medicine,normal,10.26,0,paved,clear,5,evening,1.13,0,49,0,56.7,19.6,0
groceries,low,6.9,1,unpaved,clear,5,evening,4.21,1,37,1,29.8,33.8,1
medicine,high,13.77,0,mixed,rain,1,morning,0.78,0,80,1,77.2,48.0,0
documents,normal,10.97,1,unpaved,clear,3,evening,3.04,0,39,0,39.9,52.2,0
agricultural_supplies,emergency,12.25,0,paved,clear,4,afternoon,1.86,1,62,0,63.4,28.8,0
groceries,low,12.52,1,paved,clear,3,afternoon,3.9,2,94,0,9.1,40.4,0
medicine,high,7.13,1,unpaved,clear,5,morning,2.82,3,35,1,82.3,39.1,1
agricultural_supplies,low,1.84,0,paved,clear,1,morning,7.97,2,83,1,32.2,10.0,0
documents,emergency,5.67,0,paved,storm,4,night,3.57,1,29,1,62.8,23.3,1
groceries,emergency,12.85,0,mixed,fog,4,night,5.98,1,46,0,57.7,56.0,0
documents,low,25.83,0,paved,clear,3,morning,5.36,1,86,0,17.9,60.8,0
groceries,high,1.97,1,paved,fog,2,evening,6.15,0,58,0,41.0,7.7,0
medicine,high,9.49,0,paved,fog,3,night,4.55,2,65,0,70.4,29.2,1
clothing,emergency,40.95,1,unpaved,clear,4,evening,4.34,0,69,1,71.6,168.0,0
groceries,normal,1.59,0,paved,rain,2,morning,3.92,1,30,0,26.3,5.0,0
groceries,high,10.5,1,unpaved,rain,1,morning,3.56,0,32,0,48.3,46.0,0
electronics,normal,14.0,1,unpaved,clear,1,night,3.94,1,94,0,38.5,49.7,0
agricultural_supplies,normal,9.15,1,unpaved,rain,3,evening,2.12,0,35,0,35.5,50.4,1
groceries,normal,1.52,0,paved,rain,2,afternoon,1.17,1,87,0,33.7,7.7,0
agricultural_supplies,emergency,13.21,0,paved,clear,4,evening,0.42,1,40,0,67.2,35.1,0
medicine,normal,21.74,1,paved,clear,3,night,4.87,1,22,0,66.9,59.2,0
medicine,high,7.58,0,mixed,clear,5,night,0.29,0,93,0,60.7,20.3,1
medicine,normal,2.95,0,paved,clear,1,morning,1.72,2,99,0,63.6,5.0,0
medicine,normal,8.01,1,paved,clear,3,night,2.85,3,39,0,62.1,23.1,0
electronics,normal,4.54,0,paved,clear,1,afternoon,9.65,3,74,0,16.4,16.0,0
agricultural_supplies,low,2.37,0,paved,clear,5,night,0.59,4,96,0,27.3,11.0,0
documents,normal,14.29,0,paved,clear,2,night,1.95,3,24,0,28.7,29.4,0
medicine,low,28.0,0,mixed,clear,2,night,2.03,2,54,0,42.7,76.8,0
agricultural_supplies,emergency,8.12,0,paved,clear,5,night,3.07,1,84,0,59.7,31.6,0
medicine,low,2.24,0,mixed,storm,3,night,2.82,3,67,0,41.3,12.8,1
groceries,emergency,5.17,0,mixed,clear,1,night,0.98,0,89,0,57.0,12.8,0
clothing,emergency,2.04,0,paved,clear,1,morning,3.53,0,77,0,47.7,5.0,0
electronics,normal,11.03,1,unpaved,storm,1,afternoon,0.75,1,34,0,27.2,72.8,1
medicine,low,6.83,1,mixed,clear,4,afternoon,4.01,0,33,0,53.2,24.6,0
groceries,normal,19.37,0,paved,clear,2,afternoon,3.41,4,69,0,25.4,40.7,0
clothing,low,4.75,0,paved,fog,5,evening,7.05,2,28,0,2.9,16.0,0
agricultural_supplies,normal,16.64,0,paved,clear,4,afternoon,7.37,1,68,0,28.6,38.6,0
electronics,normal,4.02,0,paved,rain,4,evening,4.11,0,23,0,22.0,12.6,0
documents,normal,15.86,0,mixed,clear,4,evening,6.18,1,81,0,32.8,56.7,0
agricultural_supplies,normal,3.77,0,paved,rain,5,night,8.28,2,66,0,23.6,8.9,0
clothing,low,2.83,1,mixed,fog,5,afternoon,7.31,2,95,0,11.9,25.9,1
electronics,emergency,1.37,1,unpaved,clear,4,morning,5.15,0,40,0,49.1,16.0,0
groceries,high,33.89,0,paved,fog,1,evening,5.4,0,56,0,36.6,89.8,0
agricultural_supplies,low,4.56,1,paved,fog,5,evening,1.97,0,45,0,28.6,18.3,0
medicine,normal,16.56,1,paved,clear,5,evening,3.99,0,86,0,63.9,52.5,0
groceries,low,10.86,1,mixed,clear,3,morning,0.07,2,66,0,15.4,37.6,0
groceries,high,19.14,0,unpaved,clear,2,evening,4.91,2,68,1,42.1,64.5,0
agricultural_supplies,high,3.13,0,mixed,rain,1,morning,2.3,2,31,0,51.2,9.3,0
clothing,normal,6.13,0,paved,clear,5,morning,6.31,3,93,0,20.2,17.7,0
agricultural_supplies,low,2.47,0,paved,clear,5,afternoon,6.0,1,59,0,16.0,6.5,0
medicine,high,39.59,0,mixed,rain,5,afternoon,0.21,2,36,0,64.3,175.6,0
medicine,high,16.88,0,paved,clear,1,night,0.96,0,69,0,69.1,26.4,0
agricultural_supplies,high,54.18,1,paved,rain,3,night,10.06,1,45,0,63.5,158.6,0
electronics,normal,5.68,0,paved,clear,1,night,5.63,0,35,0,14.2,16.8,0
electronics,emergency,10.65,0,mixed,clear,5,afternoon,4.25,0,77,0,46.7,29.4,0
groceries,normal,3.37,0,paved,clear,4,evening,1.42,1,53,0,23.8,5.0,0
groceries,high,42.51,0,paved,storm,3,evening,9.56,1,66,0,36.0,176.1,0
agricultural_supplies,low,61.7,0,paved,rain,4,morning,5.95,0,94,0,9.9,191.9,0
groceries,emergency,11.82,0,paved,clear,3,morning,2.93,4,64,0,55.1,28.8,0
clothing,normal,12.6,1,mixed,rain,5,night,1.11,0,60,0,30.9,63.5,0
electronics,low,16.6,1,paved,rain,3,afternoon,3.34,0,48,1,14.3,60.4,0
clothing,low,40.55,0,paved,fog,5,evening,5.66,1,32,0,5.0,157.1,1
agricultural_supplies,high,7.61,0,paved,clear,2,morning,3.69,2,22,1,49.6,17.5,0
medicine,emergency,28.48,0,mixed,rain,1,afternoon,0.42,1,34,0,82.9,91.6,0
agricultural_supplies,low,14.17,1,paved,rain,4,night,1.13,1,88,1,39.7,52.7,0
groceries,high,13.28,0,paved,fog,1,morning,1.74,1,71,0,38.3,32.2,0
documents,normal,20.74,0,mixed,fog,1,night,3.04,5,47,0,25.0,69.8,0
groceries,high,9.8,1,mixed,rain,4,evening,3.87,0,48,1,62.8,53.4,0
documents,high,16.1,1,unpaved,rain,3,afternoon,3.52,1,22,0,47.7,83.4,0
medicine,normal,14.46,0,paved,clear,3,evening,2.71,0,52,0,55.6,39.2,0
clothing,normal,2.99,0,mixed,clear,5,afternoon,4.22,3,28,0,22.4,10.7,0
agricultural_supplies,emergency,6.42,0,mixed,rain,1,evening,2.86,3,84,0,64.9,16.8,0
agricultural_supplies,normal,1.56,1,unpaved,clear,3,night,4.34,0,81,0,41.0,10.6,0
groceries,normal,47.13,1,unpaved,clear,2,night,1.31,2,29,0,27.2,174.7,1
groceries,normal,16.09,1,paved,rain,3,evening,0.77,2,99,0,36.8,52.3,0
groceries,normal,7.61,0,unpaved,clear,3,night,3.54,1,81,0,23.0,30.4,1
agricultural_supplies,high,18.21,1,mixed,clear,3,evening,0.75,1,27,0,68.8,62.7,0
medicine,low,24.86,1,mixed,rain,2,afternoon,3.72,1,58,0,50.3,88.4,0
electronics,low,23.04,0,paved,clear,4,afternoon,3.34,0,50,1,12.5,59.1,0
medicine,normal,10.48,0,paved,fog,5,night,1.23,1,47,0,55.3,41.2,1
electronics,normal,8.69,1,paved,rain,2,afternoon,9.25,0,78,0,23.8,30.0,0
medicine,emergency,4.72,0,paved,clear,3,afternoon,5.0,2,64,0,77.6,7.8,0
medicine,normal,2.68,1,mixed,clear,2,afternoon,4.05,2,56,0,68.2,14.0,0
groceries,normal,9.69,0,paved,clear,4,night,3.59,2,69,0,23.4,27.1,0
electronics,low,30.28,0,paved,fog,4,morning,2.57,3,61,0,0.0,103.3,1
groceries,normal,6.55,1,paved,clear,4,morning,9.79,0,24,0,39.6,23.9,0
groceries,high,3.79,0,paved,clear,5,night,2.24,1,72,1,46.2,8.2,0
electronics,low,13.92,1,unpaved,clear,4,night,6.6,3,70,0,13.0,72.1,1
medicine,high,12.77,0,paved,rain,5,morning,3.18,1,21,0,63.9,39.6,0
electronics,normal,1.19,1,unpaved,rain,4,evening,8.07,1,22,0,25.8,12.9,1
medicine,low,48.86,0,paved,clear,1,afternoon,2.31,2,52,0,23.6,99.0,0
medicine,normal,11.5,1,unpaved,fog,3,evening,8.45,1,57,0,62.4,63.9,1
groceries,low,8.23,0,paved,rain,1,morning,3.52,1,70,0,5.7,15.9,0
groceries,high,1.36,0,paved,clear,4,night,3.52,1,31,1,49.6,5.0,0
medicine,low,10.67,0,paved,clear,2,night,2.93,2,80,0,44.5,24.6,0
electronics,normal,4.63,1,unpaved,clear,4,night,4.31,1,27,0,25.6,21.5,1
clothing,emergency,3.0,1,paved,clear,4,morning,2.77,1,36,0,57.9,12.6,0
electronics,normal,8.37,1,unpaved,clear,4,night,2.77,1,70,0,33.8,39.3,1
medicine,high,4.96,0,paved,rain,2,evening,4.83,0,91,0,65.6,12.2,0
agricultural_supplies,low,3.21,0,paved,storm,2,morning,1.49,0,76,0,15.4,9.8,0
clothing,normal,10.66,0,mixed,rain,2,evening,5.3,0,91,0,20.5,33.2,0
medicine,low,12.23,0,paved,clear,2,morning,2.31,1,22,1,52.3,19.0,0
documents,low,8.64,1,unpaved,clear,4,night,1.48,2,87,0,24.4,44.6,1
groceries,high,17.91,0,mixed,clear,1,afternoon,2.85,2,57,1,51.8,45.0,0
groceries,low,27.03,0,unpaved,clear,1,evening,2.71,3,60,0,7.5,86.8,0
agricultural_supplies,emergency,17.32,0,mixed,fog,3,evening,1.65,1,98,0,56.7,70.2,1
agricultural_supplies,high,17.1,0,paved,storm,4,afternoon,0.72,2,34,0,55.3,85.8,1
agricultural_supplies,normal,7.46,1,paved,fog,3,morning,4.82,1,26,0,40.3,31.3,0
electronics,high,12.1,0,paved,clear,5,afternoon,0.3,0,70,0,34.9,32.5,0
agricultural_supplies,emergency,11.63,1,mixed,clear,5,morning,5.04,2,98,0,66.4,52.4,0
agricultural_supplies,normal,8.03,0,paved,clear,5,night,2.12,1,30,0,34.5,22.6,0
agricultural_supplies,normal,20.14,1,unpaved,rain,1,night,9.84,3,33,0,39.2,90.5,1
groceries,low,12.87,1,mixed,rain,2,morning,1.22,2,87,0,16.4,60.3,0
electronics,emergency,38.55,0,mixed,fog,4,morning,1.88,0,85,0,59.7,170.4,1
groceries,normal,19.04,1,mixed,rain,4,afternoon,3.38,0,68,0,38.7,84.8,0
medicine,low,23.37,0,mixed,clear,3,night,13.07,2,48,0,34.9,69.2,0
medicine,normal,18.11,0,paved,clear,3,morning,2.16,0,26,0,58.7,46.9,0
clothing,normal,21.76,0,paved,clear,3,morning,1.8,0,88,0,23.6,50.5,0
agricultural_supplies,normal,17.88,0,paved,clear,1,morning,2.83,0,78,0,30.2,39.0,0
electronics,emergency,1.63,1,unpaved,storm,1,morning,0.79,0,77,1,67.0,16.7,1
clothing,high,23.42,0,paved,storm,1,night,1.5,3,81,0,34.3,84.6,0
medicine,low,9.84,0,paved,clear,5,night,3.58,0,77,0,43.1,25.8,0
medicine,normal,33.39,1,mixed,clear,3,night,4.79,0,36,0,66.8,107.5,0
medicine,low,9.34,0,mixed,clear,1,evening,5.65,0,49,0,45.7,18.5,0
groceries,high,10.08,0,paved,clear,2,evening,1.49,2,52,0,33.4,17.3,0
medicine,low,4.61,1,unpaved,clear,4,morning,10.91,1,31,0,46.4,26.8,1
groceries,low,4.41,0,paved,fog,1,evening,2.36,1,57,1,15.0,12.2,0
medicine,low,5.43,0,paved,clear,3,evening,1.88,0,78,0,31.3,7.3,0
groceries,high,7.09,0,mixed,clear,1,night,3.92,2,76,0,49.6,18.8,0
groceries,high,29.69,0,paved,clear,5,afternoon,0.3,0,24,0,31.7,83.6,0
clothing,low,30.2,0,paved,rain,1,morning,3.36,1,79,0,0.0,71.8,0
groceries,high,9.55,0,paved,storm,1,evening,10.26,3,28,1,39.4,25.4,0
electronics,low,22.7,1,unpaved,clear,3,evening,3.26,0,54,0,21.9,93.0,1
groceries,normal,26.98,0,unpaved,rain,5,night,2.69,1,49,0,27.9,159.0,1
groceries,normal,3.28,0,mixed,rain,1,morning,1.63,3,64,0,22.0,13.8,0
medicine,high,16.37,0,paved,clear,2,evening,9.88,1,34,0,69.1,37.6,0
groceries,high,13.75,1,mixed,clear,5,afternoon,6.96,5,35,1,50.3,53.9,0
groceries,high,25.14,0,paved,clear,2,afternoon,4.23,1,23,0,37.4,49.9,0
documents,normal,27.4,1,paved,fog,5,evening,4.74,1,47,0,40.7,109.1,1
agricultural_supplies,high,3.58,1,unpaved,clear,3,morning,3.98,1,43,0,59.6,24.1,1
clothing,low,9.75,1,unpaved,rain,2,evening,3.28,1,83,0,22.7,47.9,0
groceries,normal,2.29,0,mixed,clear,5,evening,2.4,0,90,0,20.8,7.3,0
groceries,normal,7.36,1,unpaved,storm,3,morning,1.2,3,85,0,46.6,67.0,1
medicine,high,8.46,0,paved,clear,2,morning,10.56,3,34,0,65.0,22.4,0
medicine,normal,12.19,0,unpaved,clear,4,morning,2.24,2,54,0,59.2,52.1,0
agricultural_supplies,normal,9.08,0,mixed,clear,5,morning,0.31,1,25,1,44.1,33.7,0
groceries,emergency,11.81,0,mixed,clear,2,evening,2.48,0,31,0,56.8,34.9,0
clothing,normal,4.67,1,unpaved,rain,2,morning,2.39,1,98,0,26.5,24.6,1
groceries,high,1.95,1,unpaved,clear,1,evening,8.27,0,88,0,44.5,12.4,0
clothing,high,28.35,1,mixed,rain,5,night,5.68,0,61,1,47.1,131.4,0
groceries,normal,22.24,0,unpaved,clear,2,night,8.85,0,37,0,22.9,80.1,0
groceries,low,17.61,0,mixed,clear,5,afternoon,1.4,0,98,0,4.9,57.0,1
groceries,low,3.53,0,paved,clear,1,evening,2.39,2,63,0,7.3,5.0,0
groceries,low,20.15,0,paved,clear,2,morning,2.03,0,79,0,10.8,47.9,0
agricultural_supplies,low,2.16,1,paved,clear,4,afternoon,3.51,0,33,0,28.4,5.0,0
medicine,normal,2.55,1,paved,clear,1,afternoon,9.95,0,76,0,63.1,20.3,0
agricultural_supplies,normal,3.29,0,paved,clear,5,afternoon,0.61,2,97,0,33.7,5.0,0
groceries,normal,9.98,0,paved,clear,2,morning,6.21,0,27,0,20.2,25.2,0
electronics,low,22.63,0,paved,clear,3,afternoon,0.8,2,81,0,0.0,47.8,0
groceries,normal,5.94,1,paved,clear,5,morning,2.72,0,85,1,32.9,15.9,0
groceries,normal,33.02,0,paved,rain,1,night,2.25,0,69,0,17.2,76.8,0
medicine,emergency,1.76,0,paved,clear,1,afternoon,2.3,2,98,0,84.3,8.1,0
documents,low,22.88,0,paved,clear,4,afternoon,5.42,1,31,0,14.8,52.1,0
documents,low,4.89,0,paved,clear,5,afternoon,4.37,0,85,0,4.3,12.3,0
clothing,low,6.91,0,paved,clear,1,evening,3.07,2,99,0,2.2,11.9,0
clothing,normal,23.72,1,unpaved,clear,2,morning,0.92,2,22,0,24.5,87.0,1
agricultural_supplies,high,12.23,1,mixed,rain,5,afternoon,7.27,1,63,0,60.6,56.5,0
electronics,normal,7.34,0,paved,clear,5,morning,1.56,0,60,0,22.5,23.6,0
agricultural_supplies,normal,16.94,0,paved,clear,2,night,3.96,1,97,0,40.6,30.2,0
clothing,normal,6.66,1,unpaved,clear,2,morning,1.26,1,91,0,29.4,32.1,1
agricultural_supplies,low,2.16,0,paved,clear,2,night,10.76,2,72,0,20.8,7.6,0
clothing,emergency,47.09,0,paved,rain,4,evening,2.48,1,45,0,49.7,141.3,0
groceries,high,6.97,1,unpaved,storm,5,evening,3.28,1,58,0,51.4,66.8,1
agricultural_supplies,high,1.96,0,paved,storm,4,evening,3.3,3,86,1,56.0,10.5,1
medicine,normal,7.98,0,paved,clear,4,afternoon,6.65,4,73,0,60.3,20.8,0
documents,high,2.79,1,mixed,clear,3,morning,7.84,0,92,0,42.6,11.9,0
medicine,normal,8.24,1,paved,rain,1,afternoon,3.08,0,53,0,71.1,24.5,0
agricultural_supplies,high,3.53,0,paved,clear,1,afternoon,3.42,4,22,0,53.8,7.8,0
groceries,normal,6.94,0,paved,rain,5,night,0.5,1,40,0,18.4,31.2,0
groceries,normal,12.37,0,paved,clear,3,morning,1.21,0,73,1,30.6,28.9,0
agricultural_supplies,emergency,12.66,0,unpaved,fog,2,night,2.45,1,39,0,52.9,63.1,1
groceries,normal,4.3,1,paved,rain,5,evening,1.16,1,28,0,36.5,24.0,0
medicine,low,16.24,0,mixed,clear,1,evening,1.91,1,95,0,45.5,39.9,0
agricultural_supplies,normal,12.12,1,unpaved,clear,2,afternoon,2.81,1,48,1,49.2,41.7,1
groceries,normal,2.77,0,paved,clear,4,afternoon,3.6,0,36,0,15.0,6.1,0
agricultural_supplies,normal,13.03,1,paved,storm,2,morning,6.7,1,60,0,48.3,50.2,0
clothing,high,40.43,0,paved,storm,4,evening,2.04,0,69,0,25.7,185.1,0
groceries,high,2.98,0,mixed,clear,2,night,0.81,1,70,0,35.9,5.0,0
groceries,normal,4.31,1,mixed,fog,5,morning,5.75,0,66,0,39.6,30.5,0
medicine,normal,15.6,0,paved,clear,5,afternoon,2.21,0,97,0,55.1,38.9,0
groceries,high,3.47,1,unpaved,rain,3,evening,2.79,0,60,1,62.9,23.1,1
groceries,low,1.7,0,paved,clear,4,night,4.43,1,42,0,7.2,5.0,0
groceries,normal,3.88,1,unpaved,clear,1,afternoon,3.64,4,49,0,27.1,19.5,1
medicine,high,22.65,1,mixed,fog,2,evening,4.01,1,30,0,80.5,86.4,0
documents,low,6.84,0,paved,clear,1,night,3.92,2,99,0,9.4,18.8,0
documents,emergency,17.97,0,unpaved,rain,2,afternoon,2.53,1,89,1,56.2,81.6,1
groceries,high,17.08,0,mixed,clear,2,night,5.73,0,45,0,41.3,47.9,0
groceries,normal,3.19,0,paved,clear,3,morning,4.59,1,54,0,22.8,7.2,0
groceries,high,2.22,1,paved,storm,5,morning,8.35,0,62,1,49.9,23.5,1
groceries,high,6.06,0,paved,clear,4,night,3.85,0,65,0,37.7,9.2,0
clothing,low,11.86,1,paved,rain,3,evening,14.19,1,48,1,18.1,42.4,0
agricultural_supplies,high,14.83,0,paved,fog,3,evening,2.0,3,61,0,55.1,43.7,1
clothing,emergency,9.29,1,mixed,fog,1,night,1.29,1,38,0,57.0,43.8,1
electronics,low,15.14,0,unpaved,clear,2,evening,5.07,2,72,0,7.3,57.5,0
groceries,normal,13.73,0,paved,clear,2,morning,6.87,0,61,0,22.1,26.7,0
documents,emergency,25.0,0,mixed,clear,3,afternoon,6.24,2,87,0,62.9,75.0,0
groceries,high,6.72,0,paved,clear,4,afternoon,7.12,2,63,0,31.5,18.6,0
agricultural_supplies,normal,28.73,1,unpaved,rain,1,morning,3.03,1,57,1,53.9,118.8,0
groceries,low,10.72,0,paved,fog,1,night,3.2,1,69,0,4.1,22.2,0
groceries,low,6.78,0,paved,clear,1,evening,1.5,3,87,1,17.7,13.6,0
groceries,high,22.31,0,paved,rain,3,night,1.72,0,36,0,48.2,56.7,0
clothing,normal,16.05,1,paved,rain,2,morning,4.74,1,71,0,28.1,45.8,0
electronics,normal,5.44,1,paved,clear,3,afternoon,4.7,0,97,0,27.0,20.3,0
documents,normal,17.16,0,paved,rain,2,night,1.88,0,97,0,22.3,45.3,0
medicine,emergency,11.32,0,paved,clear,5,night,7.9,5,52,0,86.3,37.0,0
documents,low,6.25,1,unpaved,clear,2,morning,3.16,1,47,0,29.3,36.8,0
documents,normal,23.04,0,mixed,clear,3,morning,4.74,2,27,0,28.6,71.5,0
documents,normal,9.33,0,mixed,clear,3,evening,7.05,0,76,0,22.1,30.5,0
clothing,normal,14.76,1,mixed,rain,1,evening,3.46,0,56,1,45.9,52.8,0
groceries,low,2.75,1,mixed,rain,5,morning,3.93,4,59,0,30.5,16.7,0
medicine,low,15.77,1,unpaved,clear,3,afternoon,3.71,0,91,0,50.2,63.8,0
electronics,normal,3.13,0,paved,fog,4,afternoon,4.51,2,40,0,24.6,9.4,1
medicine,normal,13.79,0,paved,clear,4,night,6.97,1,90,0,57.8,30.0,0
agricultural_supplies,high,18.43,1,unpaved,rain,5,evening,3.98,2,90,1,72.2,110.5,1
groceries,normal,24.81,1,mixed,rain,5,evening,2.61,2,40,0,33.4,112.9,0
agricultural_supplies,emergency,3.6,0,paved,clear,1,evening,2.43,0,87,0,64.1,12.8,0
medicine,low,26.81,0,paved,clear,2,morning,4.05,1,90,0,38.0,57.3,0
agricultural_supplies,normal,12.26,0,paved,clear,3,afternoon,7.89,1,36,1,44.6,33.9,0
agricultural_supplies,emergency,5.01,0,unpaved,clear,3,morning,5.4,2,58,0,71.0,24.8,1
medicine,normal,3.87,0,paved,rain,2,night,8.39,0,69,0,50.9,7.2,0
groceries,normal,16.33,1,paved,rain,3,evening,3.92,0,94,0,37.5,51.8,0
clothing,low,16.04,0,paved,clear,3,evening,0.91,1,98,0,0.0,35.8,0
groceries,low,17.51,1,unpaved,clear,2,afternoon,3.79,2,47,0,11.7,72.4,1
electronics,normal,7.4,0,paved,clear,5,evening,2.42,1,99,0,15.1,20.2,0
clothing,normal,32.44,1,unpaved,clear,5,afternoon,2.0,1,92,0,30.2,157.5,1
groceries,high,5.12,0,mixed,rain,2,morning,2.5,1,82,0,33.9,22.1,0
clothing,normal,2.56,0,paved,clear,1,afternoon,2.23,3,64,0,18.2,5.0,0
agricultural_supplies,high,17.65,0,paved,clear,5,morning,1.22,5,20,0,58.3,46.4,0
medicine,low,27.06,0,paved,rain,1,evening,9.35,1,29,0,42.1,59.0,0
clothing,emergency,12.14,0,mixed,rain,2,night,2.77,0,27,1,60.5,45.3,0
agricultural_supplies,normal,3.01,0,paved,clear,1,evening,0.77,1,27,0,29.8,9.4,0
electronics,low,30.87,1,paved,clear,2,morning,5.67,0,43,0,20.7,70.2,0
electronics,normal,8.97,0,paved,rain,3,night,4.18,2,58,0,11.3,27.2,0
groceries,normal,4.62,0,unpaved,clear,4,evening,0.83,1,50,0,27.3,19.5,1
groceries,low,12.24,0,paved,rain,3,evening,2.43,2,86,0,0.0,38.8,0
clothing,normal,7.92,0,paved,clear,3,morning,2.14,3,23,0,18.5,17.7,0
agricultural_supplies,low,2.93,0,paved,clear,4,evening,12.52,1,38,0,8.1,7.0,0
medicine,high,25.19,1,unpaved,clear,1,evening,2.88,0,73,0,71.2,88.7,0
groceries,normal,16.51,1,mixed,clear,2,afternoon,4.97,0,24,0,28.1,45.3,0
electronics,normal,17.02,1,paved,clear,3,afternoon,6.73,3,72,0,34.0,43.3,0
clothing,low,20.74,0,paved,clear,1,afternoon,1.62,1,78,0,1.6,42.9,0
groceries,normal,33.09,0,paved,rain,4,night,4.05,2,69,0,19.0,106.1,0
groceries,normal,8.33,1,unpaved,rain,5,afternoon,3.17,2,55,1,42.7,51.6,1
groceries,low,13.44,0,mixed,clear,2,evening,3.15,3,39,1,11.0,35.3,0
electronics,emergency,7.34,0,paved,clear,1,evening,7.22,1,37,1,58.9,9.7,0
agricultural_supplies,normal,23.92,0,paved,clear,3,morning,7.21,2,83,0,31.6,47.2,0
electronics,normal,13.87,1,mixed,clear,3,night,2.47,0,70,0,33.7,49.3,0
medicine,high,4.71,1,mixed,clear,1,afternoon,1.09,4,25,0,77.1,24.1,0
medicine,high,4.55,0,unpaved,clear,5,morning,4.06,0,84,0,68.5,24.0,0
medicine,emergency,10.54,0,paved,rain,1,night,3.33,3,26,0,87.1,19.8,0
clothing,high,24.79,0,paved,clear,4,night,3.38,1,34,0,35.1,66.6,0
documents,normal,19.54,1,unpaved,clear,5,morning,3.09,2,90,0,34.6,100.3,1
medicine,high,2.05,0,unpaved,clear,3,afternoon,2.17,2,73,1,80.2,13.8,1
documents,high,12.05,0,paved,storm,4,morning,0.38,3,66,0,42.3,56.0,1
groceries,high,2.28,0,paved,clear,3,afternoon,2.34,0,32,0,39.7,5.5,0
groceries,normal,1.61,1,mixed,clear,4,morning,4.42,0,99,1,37.8,11.7,0
medicine,low,44.12,1,mixed,clear,2,evening,1.41,0,69,1,60.1,124.3,0
electronics,low,27.35,0,paved,clear,1,afternoon,7.96,2,89,0,15.4,49.7,0
medicine,normal,28.88,1,unpaved,clear,2,evening,3.45,1,86,0,61.7,111.2,1
agricultural_supplies,high,39.34,0,mixed,clear,5,morning,4.38,0,66,0,55.7,142.1,0
groceries,high,1.15,0,paved,clear,1,evening,1.98,4,76,0,38.2,6.4,0
documents,low,13.88,0,paved,rain,4,afternoon,9.15,0,95,0,11.6,44.2,0
electronics,low,12.91,0,paved,rain,4,afternoon,0.97,2,26,0,4.9,50.1,0
groceries,high,14.08,0,paved,rain,1,evening,8.99,5,55,0,43.2,32.5,0
medicine,normal,15.79,0,mixed,rain,3,evening,2.62,3,95,0,53.2,60.7,0
documents,normal,36.22,1,paved,storm,1,evening,8.2,0,67,1,44.0,128.9,0
agricultural_supplies,low,6.51,1,paved,clear,2,evening,4.97,1,70,0,28.4,23.2,0
groceries,normal,3.17,0,mixed,clear,3,morning,2.77,0,53,0,20.5,8.3,0
electronics,normal,2.11,0,paved,clear,4,morning,3.38,2,51,0,23.4,5.0,0
agricultural_supplies,low,5.01,1,mixed,clear,2,night,3.44,3,78,0,27.4,24.4,0
electronics,high,5.6,1,mixed,rain,3,evening,2.31,1,84,0,49.9,21.4,0
clothing,low,12.76,1,mixed,clear,5,morning,2.14,1,79,0,11.2,44.3,0
agricultural_supplies,high,1.76,0,paved,clear,2,afternoon,6.08,1,37,1,52.9,5.0,0
agricultural_supplies,normal,6.22,1,unpaved,fog,1,afternoon,1.77,3,33,0,39.3,34.7,1
medicine,normal,15.89,0,paved,clear,2,night,1.1,1,56,0,58.7,35.6,0
clothing,emergency,20.1,0,paved,clear,2,afternoon,0.33,1,30,0,55.5,50.4,0
groceries,high,7.04,1,mixed,rain,5,evening,1.75,2,49,1,46.2,29.6,0
clothing,emergency,7.12,1,mixed,clear,5,evening,1.26,1,35,0,58.0,24.4,0
medicine,normal,27.89,0,paved,fog,5,evening,6.84,0,26,0,52.2,103.8,1
electronics,normal,7.66,0,paved,clear,2,evening,5.22,4,98,0,22.9,14.5,0
medicine,low,4.64,1,mixed,fog,3,afternoon,0.24,0,22,1,57.0,24.2,0
groceries,normal,7.95,0,paved,clear,2,night,2.43,0,30,0,27.7,22.6,0
electronics,low,5.35,1,mixed,rain,5,morning,5.01,1,94,0,16.3,36.6,0
groceries,low,4.91,0,mixed,clear,5,afternoon,5.17,0,52,0,13.2,13.7,0
groceries,high,9.22,1,mixed,clear,2,evening,1.38,1,51,1,56.6,26.1,0
groceries,low,6.28,0,paved,storm,4,night,1.21,0,98,0,6.5,25.2,1
electronics,normal,11.26,0,paved,storm,2,evening,2.62,1,45,0,21.8,39.3,1
medicine,normal,28.04,0,mixed,storm,3,evening,3.36,2,94,0,55.4,150.0,1
groceries,low,8.9,1,mixed,clear,1,evening,3.61,0,57,0,11.5,21.8,0
groceries,normal,4.67,0,mixed,clear,2,afternoon,1.69,0,44,1,33.8,23.8,0
clothing,normal,2.66,0,unpaved,clear,2,night,2.76,1,27,0,19.3,5.0,0
groceries,low,11.43,0,paved,clear,2,morning,5.0,3,80,0,1.1,30.9,0
clothing,normal,7.75,1,paved,clear,5,morning,2.52,2,98,1,38.4,30.2,0
agricultural_supplies,low,12.64,0,paved,clear,3,morning,0.53,3,86,0,13.8,22.1,0
medicine,normal,21.95,0,paved,storm,3,afternoon,7.73,2,35,0,58.3,86.7,0
groceries,normal,39.24,0,paved,fog,3,evening,3.11,5,64,0,22.7,122.1,1
groceries,emergency,4.21,0,paved,rain,1,morning,1.27,1,82,0,41.1,8.1,0
medicine,normal,40.5,1,unpaved,rain,2,afternoon,4.75,1,45,0,67.0,182.4,1
electronics,normal,1.67,1,mixed,clear,3,afternoon,4.11,1,20,0,29.0,9.2,0
agricultural_supplies,emergency,2.11,1,mixed,rain,5,afternoon,8.24,1,92,0,75.4,18.2,1
agricultural_supplies,high,6.03,0,paved,clear,1,evening,4.39,2,65,0,47.8,10.3,0
documents,high,9.6,0,paved,clear,1,evening,1.94,1,60,0,43.2,16.3,0
clothing,high,20.37,0,paved,rain,4,morning,3.83,2,93,0,38.6,64.0,0
documents,low,8.36,0,unpaved,clear,3,evening,8.79,2,25,0,2.1,28.1,0
medicine,low,42.68,1,unpaved,storm,1,night,4.66,0,27,1,60.3,262.0,1
clothing,normal,8.55,1,unpaved,clear,4,evening,4.78,3,30,0,39.2,43.9,1
groceries,high,24.7,0,paved,fog,3,night,3.42,0,30,0,35.6,81.1,0
agricultural_supplies,normal,15.68,0,paved,storm,3,afternoon,3.06,0,96,0,34.4,61.0,1
groceries,high,15.91,1,unpaved,fog,2,night,4.65,0,89,0,43.6,82.0,1
medicine,low,1.24,0,paved,rain,5,morning,0.9,1,60,0,33.6,5.0,0
agricultural_supplies,normal,24.44,0,paved,clear,5,afternoon,2.61,0,36,0,27.2,65.7,0
clothing,normal,19.82,0,paved,clear,1,night,0.76,0,36,0,22.5,39.7,0
medicine,normal,2.22,1,unpaved,fog,1,evening,6.68,2,63,1,73.4,13.6,1
clothing,emergency,24.12,0,mixed,clear,4,morning,4.81,1,85,0,49.4,78.6,0
documents,normal,12.55,1,mixed,fog,4,night,1.63,0,31,0,35.5,62.8,0
documents,emergency,2.32,0,paved,storm,2,afternoon,9.66,0,38,0,64.9,10.6,0
agricultural_supplies,low,10.68,1,mixed,clear,3,afternoon,2.17,1,70,0,33.9,36.8,0
groceries,normal,7.66,1,paved,clear,4,afternoon,2.41,0,76,0,22.4,29.3,0
electronics,normal,1.96,1,unpaved,clear,5,night,1.14,2,98,0,34.3,15.8,1
groceries,high,4.82,1,mixed,clear,4,evening,4.5,1,33,0,51.0,20.0,0
groceries,normal,54.17,1,paved,clear,1,evening,2.8,0,82,0,30.9,114.2,0
groceries,low,8.99,1,unpaved,clear,4,evening,1.02,2,95,0,12.5,38.0,1
groceries,emergency,6.05,1,paved,clear,2,morning,3.5,2,36,0,64.2,20.1,0
clothing,low,13.36,0,paved,rain,3,evening,1.95,2,61,0,1.2,46.6,0
agricultural_supplies,high,9.51,1,mixed,storm,4,afternoon,5.4,1,99,0,65.4,66.9,1
agricultural_supplies,low,11.93,0,unpaved,clear,3,morning,5.68,0,77,0,16.6,48.7,1
documents,low,22.48,1,paved,rain,2,night,1.37,1,28,0,26.0,67.2,0
documents,high,6.46,0,unpaved,clear,2,morning,2.14,3,74,1,36.8,20.8,1
medicine,high,1.22,0,mixed,clear,1,evening,1.96,0,93,0,59.9,5.0,0
medicine,normal,3.69,1,mixed,rain,2,evening,4.13,0,62,0,71.5,14.3,0
agricultural_supplies,low,10.87,0,mixed,clear,1,afternoon,0.83,1,79,1,27.8,29.3,0
groceries,normal,24.32,1,mixed,clear,2,morning,1.93,2,88,0,26.7,71.9,0
groceries,normal,6.41,0,paved,clear,2,afternoon,1.75,0,97,0,25.7,17.7,0
agricultural_supplies,low,6.13,0,paved,clear,1,night,7.92,1,61,0,9.2,15.5,0
medicine,high,28.17,0,mixed,storm,3,morning,3.68,0,97,0,73.2,149.2,0
groceries,emergency,8.56,1,mixed,rain,1,afternoon,6.68,1,72,0,61.6,27.4,0
medicine,normal,12.34,0,paved,clear,4,morning,2.47,2,32,0,58.3,26.2,0
agricultural_supplies,emergency,3.69,0,paved,clear,5,night,6.41,4,28,0,67.2,13.2,0
electronics,low,5.15,0,paved,clear,2,night,1.92,1,98,0,5.4,10.1,0
medicine,high,1.99,0,mixed,clear,5,morning,11.3,0,64,0,71.8,6.0,0
electronics,normal,14.01,0,paved,clear,3,morning,4.1,1,90,0,20.7,35.2,0
groceries,normal,11.76,0,paved,rain,1,morning,10.51,0,54,0,32.5,29.5,0
medicine,normal,15.4,1,paved,clear,4,afternoon,7.09,0,72,0,67.1,42.4,0
agricultural_supplies,low,3.5,1,mixed,rain,3,morning,1.52,1,60,1,39.6,18.3,0
groceries,low,22.83,1,mixed,clear,4,evening,4.41,0,93,0,18.8,78.4,0
electronics,low,38.15,0,paved,clear,5,night,4.06,0,67,0,7.3,101.0,0
groceries,low,6.05,0,paved,fog,2,evening,2.62,3,46,0,6.7,14.4,0
agricultural_supplies,normal,36.48,1,unpaved,clear,1,night,2.94,2,74,0,44.1,115.8,0
documents,low,3.36,0,paved,fog,4,afternoon,3.62,1,48,0,12.3,11.4,0
documents,normal,3.53,0,paved,clear,5,evening,1.49,3,61,0,31.1,5.0,0
electronics,low,20.49,1,mixed,clear,1,night,2.77,2,57,0,17.3,61.6,0
medicine,high,12.47,0,mixed,storm,5,morning,1.74,1,71,0,70.9,88.1,1
groceries,normal,6.07,0,mixed,clear,2,morning,5.92,0,63,0,21.8,18.9,0
agricultural_supplies,normal,3.56,1,paved,clear,5,night,8.59,1,93,0,35.4,10.9,0
groceries,low,1.02,0,mixed,rain,4,afternoon,0.79,1,85,0,8.8,5.0,0
groceries,emergency,26.05,0,paved,clear,2,evening,3.19,2,22,0,57.8,49.1,0
electronics,high,14.85,1,paved,fog,4,evening,2.33,1,88,0,45.0,52.5,1
groceries,normal,10.1,0,paved,rain,4,evening,3.6,2,89,0,28.1,34.2,0
groceries,low,20.28,0,paved,storm,4,night,6.06,2,77,0,1.7,89.1,0
medicine,low,26.45,1,unpaved,clear,4,afternoon,1.59,0,92,0,44.8,119.6,1
electronics,high,3.16,0,mixed,clear,4,evening,4.14,0,35,1,36.9,5.0,0
clothing,normal,39.64,1,mixed,clear,2,evening,2.45,1,44,0,31.3,106.9,0
agricultural_supplies,low,40.05,0,paved,clear,3,morning,2.44,4,95,0,14.7,92.9,0
electronics,normal,12.78,0,paved,clear,2,morning,0.39,2,56,0,26.4,28.2,0
groceries,normal,2.26,0,paved,clear,4,morning,1.02,1,46,0,25.4,10.2,0
agricultural_supplies,low,3.82,0,paved,clear,2,morning,13.97,4,81,1,20.7,7.4,0
medicine,high,6.83,0,paved,rain,2,morning,3.3,1,67,0,66.5,17.5,0
medicine,normal,9.18,0,mixed,rain,4,morning,0.94,0,28,1,63.6,44.4,0
medicine,normal,22.15,0,paved,rain,1,night,5.38,0,51,0,53.9,54.6,0
groceries,low,16.65,0,paved,clear,1,afternoon,2.57,0,86,0,6.9,35.0,0
medicine,high,1.8,0,paved,clear,1,morning,2.86,0,96,0,69.1,5.0,0
agricultural_supplies,normal,2.47,0,paved,clear,4,morning,11.83,2,74,0,32.3,5.0,0
groceries,low,12.66,0,unpaved,storm,1,morning,4.77,1,70,1,27.3,69.2,1
clothing,high,3.83,0,paved,rain,1,afternoon,1.16,2,94,0,31.7,5.0,0
documents,normal,6.42,0,unpaved,clear,5,night,2.51,2,39,0,23.3,30.1,0
medicine,normal,20.1,1,unpaved,clear,1,evening,2.16,0,76,0,65.2,73.4,1
agricultural_supplies,normal,21.88,1,mixed,clear,5,night,1.22,1,72,0,40.3,82.2,0
groceries,high,1.74,0,paved,clear,1,morning,4.94,1,26,0,36.5,5.0,0
medicine,high,34.14,0,paved,rain,2,afternoon,3.98,1,41,1,77.8,94.2,0
groceries,emergency,27.05,1,mixed,clear,2,night,2.97,3,85,1,73.8,83.0,0
agricultural_supplies,normal,10.41,0,paved,clear,1,morning,3.56,3,85,0,27.0,11.5,0
agricultural_supplies,emergency,15.29,0,paved,rain,3,evening,7.6,2,27,1,68.3,42.3,0
clothing,normal,4.69,1,unpaved,fog,2,night,0.11,0,60,0,29.7,29.4,1
electronics,normal,1.4,1,paved,clear,4,afternoon,3.71,0,43,0,26.8,5.0,0
groceries,high,1.59,1,paved,clear,5,evening,3.48,0,80,0,49.3,15.0,0
groceries,normal,8.37,0,paved,clear,2,evening,4.14,3,53,0,21.5,22.2,0
documents,normal,1.07,0,paved,clear,2,afternoon,5.22,2,39,0,32.2,5.8,0
clothing,emergency,11.6,0,unpaved,clear,3,morning,3.25,2,45,1,52.0,45.8,1
groceries,emergency,8.83,1,unpaved,rain,2,afternoon,0.71,1,60,1,75.5,46.9,1
groceries,low,10.46,1,unpaved,rain,3,evening,10.12,1,48,0,22.6,59.6,1
clothing,high,10.13,1,mixed,clear,3,evening,2.24,0,83,1,48.0,36.9,0
groceries,high,9.67,1,unpaved,clear,2,afternoon,1.55,2,64,0,47.3,42.1,0
medicine,emergency,8.65,1,paved,clear,3,afternoon,4.05,1,31,0,92.6,16.2,0
groceries,normal,10.8,0,mixed,rain,2,evening,0.8,1,57,0,16.6,28.1,0
groceries,high,21.07,1,mixed,clear,5,afternoon,4.68,2,93,0,45.5,75.2,0
electronics,normal,6.73,0,unpaved,clear,2,night,12.02,0,45,0,14.0,26.7,0
groceries,emergency,19.28,0,mixed,clear,2,morning,1.25,1,37,0,42.4,56.6,0
medicine,emergency,7.28,0,paved,rain,5,afternoon,0.06,0,99,0,80.5,20.7,0
groceries,low,24.67,0,mixed,clear,1,night,1.21,0,25,0,9.0,63.3,0
groceries,normal,10.67,0,paved,rain,4,night,3.04,0,83,0,21.5,33.0,0
electronics,normal,16.45,0,paved,rain,3,evening,9.07,0,74,0,19.8,51.8,0
medicine,normal,1.49,0,paved,clear,5,afternoon,5.21,0,71,0,51.0,5.2,0
groceries,high,9.77,0,paved,clear,2,afternoon,1.01,1,53,0,36.3,18.0,0
documents,emergency,5.86,1,unpaved,clear,4,evening,3.06,0,44,0,54.5,32.8,1
agricultural_supplies,high,29.02,1,paved,clear,2,evening,1.57,2,35,0,66.0,60.8,0
groceries,low,21.74,0,paved,fog,1,evening,3.3,2,99,0,10.1,52.0,1
documents,low,8.25,0,paved,fog,1,night,12.82,1,70,0,4.8,30.1,0
groceries,low,7.47,0,paved,rain,4,night,3.36,0,29,0,5.9,24.7,0
groceries,emergency,1.06,1,unpaved,rain,5,afternoon,3.96,4,47,0,62.0,11.7,1
groceries,normal,4.63,1,mixed,rain,2,morning,1.29,2,25,1,37.1,19.1,0
groceries,low,3.87,0,paved,rain,2,afternoon,1.56,4,56,0,9.2,9.6,0
agricultural_supplies,low,6.07,1,mixed,clear,2,morning,0.98,3,85,0,26.2,27.5,0
medicine,normal,17.86,1,unpaved,fog,5,night,8.37,0,95,0,58.6,123.7,1
groceries,normal,4.75,0,paved,clear,3,night,4.51,1,64,0,30.1,15.0,0
clothing,low,45.3,0,paved,clear,4,afternoon,2.9,1,31,0,4.8,111.6,0
groceries,normal,13.98,1,mixed,clear,2,afternoon,1.16,0,57,0,40.1,45.4,0
clothing,high,2.96,1,unpaved,fog,5,afternoon,6.68,0,33,0,49.8,28.5,1
agricultural_supplies,low,16.13,0,paved,rain,4,night,2.57,0,36,0,15.4,51.9,0
groceries,low,14.93,1,paved,fog,5,afternoon,3.87,1,76,0,17.3,61.0,1
agricultural_supplies,high,1.49,0,paved,clear,3,morning,2.46,0,78,0,47.0,5.0,0
medicine,normal,1.3,0,paved,clear,1,morning,1.39,1,27,0,58.9,5.0,0
groceries,high,2.28,0,paved,clear,5,night,3.42,2,24,0,42.0,10.9,0
groceries,emergency,7.92,0,paved,clear,2,night,3.24,1,43,1,60.5,16.4,0
clothing,normal,12.68,0,paved,rain,3,night,5.53,3,27,0,24.0,39.1,0
clothing,low,2.99,0,paved,clear,1,evening,1.44,0,99,0,11.9,9.8,0
clothing,high,6.0,0,paved,clear,2,night,3.53,1,38,0,43.7,16.4,0
groceries,emergency,5.03,0,unpaved,clear,2,night,2.85,5,56,0,49.1,16.9,1
clothing,normal,20.46,0,unpaved,storm,3,night,5.16,2,60,0,13.6,145.9,1
documents,high,18.54,1,paved,clear,1,afternoon,1.83,0,40,0,50.2,40.5,0
groceries,normal,5.26,0,paved,clear,2,morning,5.75,1,28,0,20.7,9.8,0
agricultural_supplies,low,28.81,1,paved,clear,3,evening,2.65,1,22,0,22.6,74.7,0
groceries,high,5.08,1,unpaved,rain,3,night,2.97,2,74,0,50.9,25.1,0
groceries,low,12.05,1,mixed,clear,3,evening,17.41,1,43,0,11.0,44.7,0
agricultural_supplies,low,2.16,0,paved,clear,2,afternoon,0.21,1,55,0,27.9,8.1,0
documents,normal,30.27,1,unpaved,clear,4,night,2.12,1,93,0,37.2,132.1,1
medicine,low,3.95,0,unpaved,clear,2,afternoon,6.49,4,68,0,36.3,22.4,1
electronics,normal,2.86,0,paved,rain,1,night,4.18,0,80,0,12.2,5.0,0
documents,high,7.73,0,paved,clear,5,morning,8.44,0,78,0,49.9,16.6,0
groceries,high,10.95,0,paved,clear,3,night,1.6,2,98,0,30.5,26.2,0
agricultural_supplies,high,1.72,0,mixed,fog,5,evening,4.05,0,73,0,51.5,9.7,0
documents,low,17.96,0,unpaved,clear,5,morning,4.15,1,34,0,21.1,80.1,0
groceries,low,8.05,0,paved,clear,5,morning,4.84,1,38,0,2.2,20.6,0
documents,high,13.48,1,unpaved,clear,1,evening,6.13,1,56,0,47.1,49.4,0
groceries,high,27.97,0,paved,fog,1,morning,2.66,1,52,0,46.8,73.1,0
clothing,emergency,6.66,1,paved,clear,3,evening,1.6,1,84,0,63.7,25.0,0
agricultural_supplies,low,10.1,1,unpaved,clear,1,afternoon,5.28,1,52,1,30.1,36.8,1
documents,low,6.12,0,paved,clear,4,morning,5.04,0,77,0,13.1,20.2,0
medicine,low,3.2,1,mixed,clear,3,morning,7.34,1,58,0,44.8,18.0,0
agricultural_supplies,low,18.63,1,unpaved,storm,2,night,1.88,2,21,0,29.3,126.0,1
electronics,high,5.86,0,paved,clear,5,morning,4.55,1,50,0,32.1,14.2,0
electronics,normal,45.86,1,mixed,clear,4,evening,9.31,2,38,0,33.1,153.9,0
medicine,emergency,27.93,0,paved,clear,2,morning,1.12,1,49,0,87.1,59.0,0
agricultural_supplies,emergency,8.98,0,paved,clear,4,evening,3.13,1,46,0,52.8,16.7,0
groceries,low,3.47,0,mixed,fog,1,morning,10.85,2,55,0,16.4,13.8,0
groceries,high,9.04,1,unpaved,clear,3,night,1.26,2,95,0,51.2,47.8,0
groceries,normal,49.31,1,mixed,clear,2,morning,2.27,2,37,0,32.2,140.3,0
documents,low,5.66,1,unpaved,rain,2,afternoon,2.48,1,93,0,28.4,27.5,1
groceries,low,15.38,0,paved,fog,3,night,5.64,0,99,1,14.3,44.9,1
groceries,normal,8.1,0,paved,clear,4,night,11.59,1,48,0,16.9,24.1,0
groceries,normal,5.44,0,mixed,fog,1,evening,2.0,3,53,0,23.5,16.2,0
electronics,high,20.15,1,mixed,clear,1,night,1.46,1,46,0,46.8,54.9,0
groceries,high,3.42,0,mixed,rain,2,evening,14.67,1,49,0,26.3,5.0,0
clothing,high,5.62,1,mixed,clear,4,night,7.05,1,23,0,39.3,25.1,0
groceries,normal,13.75,1,paved,clear,1,morning,3.48,0,22,0,32.5,35.5,0
agricultural_supplies,low,5.0,1,paved,clear,3,evening,1.2,0,78,0,26.5,17.6,0
electronics,normal,10.2,0,paved,clear,2,afternoon,7.74,0,49,0,22.9,22.8,0
agricultural_supplies,normal,3.05,0,paved,clear,4,night,2.86,0,43,0,34.4,11.2,0
agricultural_supplies,normal,4.94,0,mixed,clear,4,night,4.21,1,76,0,27.9,16.5,0
documents,high,1.25,1,unpaved,fog,4,afternoon,11.58,1,85,0,55.0,13.8,1
documents,normal,4.58,0,paved,clear,3,afternoon,5.29,0,94,0,23.7,21.1,0
electronics,low,7.22,1,unpaved,clear,4,evening,4.18,1,50,1,32.4,31.3,1
agricultural_supplies,normal,12.2,0,mixed,rain,4,night,3.44,1,21,0,27.4,45.6,0
documents,normal,8.55,0,paved,clear,1,night,11.55,0,20,0,32.2,20.3,0
documents,low,20.86,1,mixed,rain,4,morning,3.64,2,45,0,23.4,85.3,0
electronics,high,26.19,1,mixed,fog,4,morning,2.71,0,52,0,42.5,128.3,1
groceries,high,18.7,0,paved,rain,2,evening,2.82,0,61,1,43.0,57.9,0
clothing,normal,6.43,0,paved,storm,4,morning,8.49,2,42,0,12.3,35.3,0
agricultural_supplies,low,20.58,0,paved,clear,5,afternoon,3.74,2,56,0,18.1,54.5,0
clothing,normal,4.32,0,paved,rain,3,night,1.29,1,24,0,25.1,14.5,0
medicine,emergency,63.41,0,mixed,rain,2,night,0.49,1,22,0,84.8,217.2,0
clothing,low,6.17,0,paved,rain,4,night,3.02,0,51,0,1.1,21.1,0
agricultural_supplies,low,14.99,0,paved,clear,1,afternoon,4.62,1,36,1,32.3,26.6,0
groceries,high,14.0,0,mixed,clear,4,night,4.42,1,30,0,34.8,43.7,0
documents,low,27.83,0,mixed,rain,2,night,6.17,2,35,0,9.5,94.5,0
medicine,low,24.47,0,mixed,clear,3,night,0.46,0,89,0,36.1,69.6,0
groceries,high,17.21,0,paved,clear,3,afternoon,3.45,0,26,0,38.5,41.9,0
agricultural_supplies,high,10.05,0,paved,clear,1,morning,1.72,2,52,0,44.9,14.6,0
medicine,low,1.15,0,unpaved,clear,2,evening,4.54,3,20,0,46.2,12.0,1
groceries,high,4.34,0,unpaved,clear,2,night,3.37,1,82,0,30.3,17.2,1
groceries,emergency,29.42,0,paved,clear,3,evening,1.24,0,90,0,63.5,74.4,0
clothing,low,6.97,0,mixed,clear,2,evening,7.17,1,79,0,2.3,23.6,0
electronics,normal,14.12,1,mixed,clear,2,morning,2.56,2,73,0,28.5,50.6,0
agricultural_supplies,high,6.52,0,paved,clear,3,morning,1.12,2,57,0,51.6,17.2,0
electronics,high,6.13,0,paved,fog,4,afternoon,3.07,3,60,0,36.3,13.6,1
electronics,normal,32.37,1,mixed,clear,1,night,7.44,2,93,0,20.3,82.7,0
groceries,low,2.28,0,mixed,clear,2,morning,13.59,2,65,0,7.7,11.8,0
electronics,emergency,21.01,1,mixed,rain,2,afternoon,2.48,2,96,0,56.2,69.0,0
